Copyright 1986-2022 Xilinx, Inc. All Rights Reserved. Copyright 2022-2025 Advanced Micro Devices, Inc. All Rights Reserved.
---------------------------------------------------------------------------------------------------------------------------------------------
| Tool Version : Vivado v.2025.1 (lin64) Build 6140274 Wed May 21 22:58:25 MDT 2025
| Date         : Wed Apr  1 13:13:42 2026
| Host         : tsmc-System-Product-Name running 64-bit Ubuntu 22.04.3 LTS
| Command      : report_bus_skew -warn_on_violation -file main_bus_skew_routed.rpt -pb main_bus_skew_routed.pb -rpx main_bus_skew_routed.rpx
| Design       : main
| Device       : 7a100t-csg324
| Speed File   : -1  PRODUCTION 1.23 2018-06-13
| Design State : Routed
---------------------------------------------------------------------------------------------------------------------------------------------

Bus Skew Report

Table of Contents
-----------------
1. Bus Skew Report Summary
2. Bus Skew Report Per Constraint

1. Bus Skew Report Summary
--------------------------

Id  Position  From                            To                              Corner  Requirement(ns)  Actual(ns)  Slack(ns)
--  --------  ------------------------------  ------------------------------  ------  ---------------  ----------  ---------
1   36        [get_cells [list {ethlite_i/ethlite_i/U0/XEMAC_I/EMAC_I/TX/INST_TX_INTRFCE/I_TX_FIFO/gnuram_async_fifo.xpm_fifo_base_inst/gen_cdc_pntr.rd_pntr_cdc_inst/src_gray_ff_reg[0]} {ethlite_i/ethlite_i/U0/XEMAC_I/EMAC_I/TX/INST_TX_INTRFCE/I_TX_FIFO/gnuram_async_fifo.xpm_fifo_base_inst/gen_cdc_pntr.rd_pntr_cdc_inst/src_gray_ff_reg[1]} {ethlite_i/ethlite_i/U0/XEMAC_I/EMAC_I/TX/INST_TX_INTRFCE/I_TX_FIFO/gnuram_async_fifo.xpm_fifo_base_inst/gen_cdc_pntr.rd_pntr_cdc_inst/src_gray_ff_reg[2]} {ethlite_i/ethlite_i/U0/XEMAC_I/EMAC_I/TX/INST_TX_INTRFCE/I_TX_FIFO/gnuram_async_fifo.xpm_fifo_base_inst/gen_cdc_pntr.rd_pntr_cdc_inst/src_gray_ff_reg[3]}]]
                                              [get_cells [list {ethlite_i/ethlite_i/U0/XEMAC_I/EMAC_I/TX/INST_TX_INTRFCE/I_TX_FIFO/gnuram_async_fifo.xpm_fifo_base_inst/gen_cdc_pntr.rd_pntr_cdc_inst/dest_graysync_ff_reg[0][0]} {ethlite_i/ethlite_i/U0/XEMAC_I/EMAC_I/TX/INST_TX_INTRFCE/I_TX_FIFO/gnuram_async_fifo.xpm_fifo_base_inst/gen_cdc_pntr.rd_pntr_cdc_inst/dest_graysync_ff_reg[0][1]} {ethlite_i/ethlite_i/U0/XEMAC_I/EMAC_I/TX/INST_TX_INTRFCE/I_TX_FIFO/gnuram_async_fifo.xpm_fifo_base_inst/gen_cdc_pntr.rd_pntr_cdc_inst/dest_graysync_ff_reg[0][2]} {ethlite_i/ethlite_i/U0/XEMAC_I/EMAC_I/TX/INST_TX_INTRFCE/I_TX_FIFO/gnuram_async_fifo.xpm_fifo_base_inst/gen_cdc_pntr.rd_pntr_cdc_inst/dest_graysync_ff_reg[0][3]}]]
                                                                              Slow              8.000       0.658      7.342
2   38        [get_cells [list {ethlite_i/ethlite_i/U0/XEMAC_I/EMAC_I/RX/INST_RX_INTRFCE/I_RX_FIFO/gnuram_async_fifo.xpm_fifo_base_inst/gen_cdc_pntr.wr_pntr_cdc_inst/src_gray_ff_reg[0]} {ethlite_i/ethlite_i/U0/XEMAC_I/EMAC_I/RX/INST_RX_INTRFCE/I_RX_FIFO/gnuram_async_fifo.xpm_fifo_base_inst/gen_cdc_pntr.wr_pntr_cdc_inst/src_gray_ff_reg[1]} {ethlite_i/ethlite_i/U0/XEMAC_I/EMAC_I/RX/INST_RX_INTRFCE/I_RX_FIFO/gnuram_async_fifo.xpm_fifo_base_inst/gen_cdc_pntr.wr_pntr_cdc_inst/src_gray_ff_reg[2]} {ethlite_i/ethlite_i/U0/XEMAC_I/EMAC_I/RX/INST_RX_INTRFCE/I_RX_FIFO/gnuram_async_fifo.xpm_fifo_base_inst/gen_cdc_pntr.wr_pntr_cdc_inst/src_gray_ff_reg[3]}]]
                                              [get_cells [list {ethlite_i/ethlite_i/U0/XEMAC_I/EMAC_I/RX/INST_RX_INTRFCE/I_RX_FIFO/gnuram_async_fifo.xpm_fifo_base_inst/gen_cdc_pntr.wr_pntr_cdc_inst/dest_graysync_ff_reg[0][0]} {ethlite_i/ethlite_i/U0/XEMAC_I/EMAC_I/RX/INST_RX_INTRFCE/I_RX_FIFO/gnuram_async_fifo.xpm_fifo_base_inst/gen_cdc_pntr.wr_pntr_cdc_inst/dest_graysync_ff_reg[0][1]} {ethlite_i/ethlite_i/U0/XEMAC_I/EMAC_I/RX/INST_RX_INTRFCE/I_RX_FIFO/gnuram_async_fifo.xpm_fifo_base_inst/gen_cdc_pntr.wr_pntr_cdc_inst/dest_graysync_ff_reg[0][2]} {ethlite_i/ethlite_i/U0/XEMAC_I/EMAC_I/RX/INST_RX_INTRFCE/I_RX_FIFO/gnuram_async_fifo.xpm_fifo_base_inst/gen_cdc_pntr.wr_pntr_cdc_inst/dest_graysync_ff_reg[0][3]}]]
                                                                              Slow              8.000       1.152      6.848
3   40        [get_cells [list {ethlite_i/ethlite_i/U0/XEMAC_I/EMAC_I/RX/INST_RX_INTRFCE/I_RX_FIFO/gnuram_async_fifo.xpm_fifo_base_inst/gen_cdc_pntr.rd_pntr_cdc_inst/src_gray_ff_reg[0]} {ethlite_i/ethlite_i/U0/XEMAC_I/EMAC_I/RX/INST_RX_INTRFCE/I_RX_FIFO/gnuram_async_fifo.xpm_fifo_base_inst/gen_cdc_pntr.rd_pntr_cdc_inst/src_gray_ff_reg[1]} {ethlite_i/ethlite_i/U0/XEMAC_I/EMAC_I/RX/INST_RX_INTRFCE/I_RX_FIFO/gnuram_async_fifo.xpm_fifo_base_inst/gen_cdc_pntr.rd_pntr_cdc_inst/src_gray_ff_reg[2]} {ethlite_i/ethlite_i/U0/XEMAC_I/EMAC_I/RX/INST_RX_INTRFCE/I_RX_FIFO/gnuram_async_fifo.xpm_fifo_base_inst/gen_cdc_pntr.rd_pntr_cdc_inst/src_gray_ff_reg[3]}]]
                                              [get_cells [list {ethlite_i/ethlite_i/U0/XEMAC_I/EMAC_I/RX/INST_RX_INTRFCE/I_RX_FIFO/gnuram_async_fifo.xpm_fifo_base_inst/gen_cdc_pntr.rd_pntr_cdc_inst/dest_graysync_ff_reg[0][0]} {ethlite_i/ethlite_i/U0/XEMAC_I/EMAC_I/RX/INST_RX_INTRFCE/I_RX_FIFO/gnuram_async_fifo.xpm_fifo_base_inst/gen_cdc_pntr.rd_pntr_cdc_inst/dest_graysync_ff_reg[0][1]} {ethlite_i/ethlite_i/U0/XEMAC_I/EMAC_I/RX/INST_RX_INTRFCE/I_RX_FIFO/gnuram_async_fifo.xpm_fifo_base_inst/gen_cdc_pntr.rd_pntr_cdc_inst/dest_graysync_ff_reg[0][2]} {ethlite_i/ethlite_i/U0/XEMAC_I/EMAC_I/RX/INST_RX_INTRFCE/I_RX_FIFO/gnuram_async_fifo.xpm_fifo_base_inst/gen_cdc_pntr.rd_pntr_cdc_inst/dest_graysync_ff_reg[0][3]}]]
                                                                              Slow              8.000       0.836      7.164
4   42        [get_cells [list {ethlite_i/ethlite_i/U0/XEMAC_I/EMAC_I/TX/INST_TX_INTRFCE/I_TX_FIFO/gnuram_async_fifo.xpm_fifo_base_inst/gen_cdc_pntr.wr_pntr_cdc_inst/src_gray_ff_reg[0]} {ethlite_i/ethlite_i/U0/XEMAC_I/EMAC_I/TX/INST_TX_INTRFCE/I_TX_FIFO/gnuram_async_fifo.xpm_fifo_base_inst/gen_cdc_pntr.wr_pntr_cdc_inst/src_gray_ff_reg[1]} {ethlite_i/ethlite_i/U0/XEMAC_I/EMAC_I/TX/INST_TX_INTRFCE/I_TX_FIFO/gnuram_async_fifo.xpm_fifo_base_inst/gen_cdc_pntr.wr_pntr_cdc_inst/src_gray_ff_reg[2]} {ethlite_i/ethlite_i/U0/XEMAC_I/EMAC_I/TX/INST_TX_INTRFCE/I_TX_FIFO/gnuram_async_fifo.xpm_fifo_base_inst/gen_cdc_pntr.wr_pntr_cdc_inst/src_gray_ff_reg[3]}]]
                                              [get_cells [list {ethlite_i/ethlite_i/U0/XEMAC_I/EMAC_I/TX/INST_TX_INTRFCE/I_TX_FIFO/gnuram_async_fifo.xpm_fifo_base_inst/gen_cdc_pntr.wr_pntr_cdc_inst/dest_graysync_ff_reg[0][0]} {ethlite_i/ethlite_i/U0/XEMAC_I/EMAC_I/TX/INST_TX_INTRFCE/I_TX_FIFO/gnuram_async_fifo.xpm_fifo_base_inst/gen_cdc_pntr.wr_pntr_cdc_inst/dest_graysync_ff_reg[0][1]} {ethlite_i/ethlite_i/U0/XEMAC_I/EMAC_I/TX/INST_TX_INTRFCE/I_TX_FIFO/gnuram_async_fifo.xpm_fifo_base_inst/gen_cdc_pntr.wr_pntr_cdc_inst/dest_graysync_ff_reg[0][2]} {ethlite_i/ethlite_i/U0/XEMAC_I/EMAC_I/TX/INST_TX_INTRFCE/I_TX_FIFO/gnuram_async_fifo.xpm_fifo_base_inst/gen_cdc_pntr.wr_pntr_cdc_inst/dest_graysync_ff_reg[0][3]}]]
                                                                              Slow              8.000       0.649      7.351
5   44        [get_cells [list {ethlite_i/ethlite_i/U0/XEMAC_I/EMAC_I/TX/INST_TX_INTRFCE/I_TX_FIFO/gnuram_async_fifo.xpm_fifo_base_inst/gen_cdc_pntr.rd_pntr_cdc_dc_inst/src_gray_ff_reg[0]} {ethlite_i/ethlite_i/U0/XEMAC_I/EMAC_I/TX/INST_TX_INTRFCE/I_TX_FIFO/gnuram_async_fifo.xpm_fifo_base_inst/gen_cdc_pntr.rd_pntr_cdc_dc_inst/src_gray_ff_reg[1]} {ethlite_i/ethlite_i/U0/XEMAC_I/EMAC_I/TX/INST_TX_INTRFCE/I_TX_FIFO/gnuram_async_fifo.xpm_fifo_base_inst/gen_cdc_pntr.rd_pntr_cdc_dc_inst/src_gray_ff_reg[2]} {ethlite_i/ethlite_i/U0/XEMAC_I/EMAC_I/TX/INST_TX_INTRFCE/I_TX_FIFO/gnuram_async_fifo.xpm_fifo_base_inst/gen_cdc_pntr.rd_pntr_cdc_dc_inst/src_gray_ff_reg[3]} {ethlite_i/ethlite_i/U0/XEMAC_I/EMAC_I/TX/INST_TX_INTRFCE/I_TX_FIFO/gnuram_async_fifo.xpm_fifo_base_inst/gen_cdc_pntr.rd_pntr_cdc_dc_inst/src_gray_ff_reg[4]}]]
                                              [get_cells [list {ethlite_i/ethlite_i/U0/XEMAC_I/EMAC_I/TX/INST_TX_INTRFCE/I_TX_FIFO/gnuram_async_fifo.xpm_fifo_base_inst/gen_cdc_pntr.rd_pntr_cdc_dc_inst/dest_graysync_ff_reg[0][0]} {ethlite_i/ethlite_i/U0/XEMAC_I/EMAC_I/TX/INST_TX_INTRFCE/I_TX_FIFO/gnuram_async_fifo.xpm_fifo_base_inst/gen_cdc_pntr.rd_pntr_cdc_dc_inst/dest_graysync_ff_reg[0][1]} {ethlite_i/ethlite_i/U0/XEMAC_I/EMAC_I/TX/INST_TX_INTRFCE/I_TX_FIFO/gnuram_async_fifo.xpm_fifo_base_inst/gen_cdc_pntr.rd_pntr_cdc_dc_inst/dest_graysync_ff_reg[0][2]} {ethlite_i/ethlite_i/U0/XEMAC_I/EMAC_I/TX/INST_TX_INTRFCE/I_TX_FIFO/gnuram_async_fifo.xpm_fifo_base_inst/gen_cdc_pntr.rd_pntr_cdc_dc_inst/dest_graysync_ff_reg[0][3]} {ethlite_i/ethlite_i/U0/XEMAC_I/EMAC_I/TX/INST_TX_INTRFCE/I_TX_FIFO/gnuram_async_fifo.xpm_fifo_base_inst/gen_cdc_pntr.rd_pntr_cdc_dc_inst/dest_graysync_ff_reg[0][4]}]]
                                                                              Slow              8.000       0.605      7.395
6   46        [get_cells [list {ethlite_i/ethlite_i/U0/XEMAC_I/EMAC_I/RX/INST_RX_INTRFCE/I_RX_FIFO/gnuram_async_fifo.xpm_fifo_base_inst/gen_cdc_pntr.wr_pntr_cdc_dc_inst/src_gray_ff_reg[0]} {ethlite_i/ethlite_i/U0/XEMAC_I/EMAC_I/RX/INST_RX_INTRFCE/I_RX_FIFO/gnuram_async_fifo.xpm_fifo_base_inst/gen_cdc_pntr.wr_pntr_cdc_dc_inst/src_gray_ff_reg[1]} {ethlite_i/ethlite_i/U0/XEMAC_I/EMAC_I/RX/INST_RX_INTRFCE/I_RX_FIFO/gnuram_async_fifo.xpm_fifo_base_inst/gen_cdc_pntr.wr_pntr_cdc_dc_inst/src_gray_ff_reg[2]} {ethlite_i/ethlite_i/U0/XEMAC_I/EMAC_I/RX/INST_RX_INTRFCE/I_RX_FIFO/gnuram_async_fifo.xpm_fifo_base_inst/gen_cdc_pntr.wr_pntr_cdc_dc_inst/src_gray_ff_reg[3]} {ethlite_i/ethlite_i/U0/XEMAC_I/EMAC_I/RX/INST_RX_INTRFCE/I_RX_FIFO/gnuram_async_fifo.xpm_fifo_base_inst/gen_cdc_pntr.wr_pntr_cdc_dc_inst/src_gray_ff_reg[4]}]]
                                              [get_cells [list {ethlite_i/ethlite_i/U0/XEMAC_I/EMAC_I/RX/INST_RX_INTRFCE/I_RX_FIFO/gnuram_async_fifo.xpm_fifo_base_inst/gen_cdc_pntr.wr_pntr_cdc_dc_inst/dest_graysync_ff_reg[0][0]} {ethlite_i/ethlite_i/U0/XEMAC_I/EMAC_I/RX/INST_RX_INTRFCE/I_RX_FIFO/gnuram_async_fifo.xpm_fifo_base_inst/gen_cdc_pntr.wr_pntr_cdc_dc_inst/dest_graysync_ff_reg[0][1]} {ethlite_i/ethlite_i/U0/XEMAC_I/EMAC_I/RX/INST_RX_INTRFCE/I_RX_FIFO/gnuram_async_fifo.xpm_fifo_base_inst/gen_cdc_pntr.wr_pntr_cdc_dc_inst/dest_graysync_ff_reg[0][2]} {ethlite_i/ethlite_i/U0/XEMAC_I/EMAC_I/RX/INST_RX_INTRFCE/I_RX_FIFO/gnuram_async_fifo.xpm_fifo_base_inst/gen_cdc_pntr.wr_pntr_cdc_dc_inst/dest_graysync_ff_reg[0][3]} {ethlite_i/ethlite_i/U0/XEMAC_I/EMAC_I/RX/INST_RX_INTRFCE/I_RX_FIFO/gnuram_async_fifo.xpm_fifo_base_inst/gen_cdc_pntr.wr_pntr_cdc_dc_inst/dest_graysync_ff_reg[0][4]}]]
                                                                              Slow              8.000       1.090      6.910
7   48        [get_cells [list {ethlite_i/ethlite_i/U0/XEMAC_I/EMAC_I/RX/INST_RX_INTRFCE/I_RX_FIFO/gnuram_async_fifo.xpm_fifo_base_inst/gen_cdc_pntr.rd_pntr_cdc_dc_inst/src_gray_ff_reg[0]} {ethlite_i/ethlite_i/U0/XEMAC_I/EMAC_I/RX/INST_RX_INTRFCE/I_RX_FIFO/gnuram_async_fifo.xpm_fifo_base_inst/gen_cdc_pntr.rd_pntr_cdc_dc_inst/src_gray_ff_reg[1]} {ethlite_i/ethlite_i/U0/XEMAC_I/EMAC_I/RX/INST_RX_INTRFCE/I_RX_FIFO/gnuram_async_fifo.xpm_fifo_base_inst/gen_cdc_pntr.rd_pntr_cdc_dc_inst/src_gray_ff_reg[2]} {ethlite_i/ethlite_i/U0/XEMAC_I/EMAC_I/RX/INST_RX_INTRFCE/I_RX_FIFO/gnuram_async_fifo.xpm_fifo_base_inst/gen_cdc_pntr.rd_pntr_cdc_dc_inst/src_gray_ff_reg[3]} {ethlite_i/ethlite_i/U0/XEMAC_I/EMAC_I/RX/INST_RX_INTRFCE/I_RX_FIFO/gnuram_async_fifo.xpm_fifo_base_inst/gen_cdc_pntr.rd_pntr_cdc_dc_inst/src_gray_ff_reg[4]}]]
                                              [get_cells [list {ethlite_i/ethlite_i/U0/XEMAC_I/EMAC_I/RX/INST_RX_INTRFCE/I_RX_FIFO/gnuram_async_fifo.xpm_fifo_base_inst/gen_cdc_pntr.rd_pntr_cdc_dc_inst/dest_graysync_ff_reg[0][0]} {ethlite_i/ethlite_i/U0/XEMAC_I/EMAC_I/RX/INST_RX_INTRFCE/I_RX_FIFO/gnuram_async_fifo.xpm_fifo_base_inst/gen_cdc_pntr.rd_pntr_cdc_dc_inst/dest_graysync_ff_reg[0][1]} {ethlite_i/ethlite_i/U0/XEMAC_I/EMAC_I/RX/INST_RX_INTRFCE/I_RX_FIFO/gnuram_async_fifo.xpm_fifo_base_inst/gen_cdc_pntr.rd_pntr_cdc_dc_inst/dest_graysync_ff_reg[0][2]} {ethlite_i/ethlite_i/U0/XEMAC_I/EMAC_I/RX/INST_RX_INTRFCE/I_RX_FIFO/gnuram_async_fifo.xpm_fifo_base_inst/gen_cdc_pntr.rd_pntr_cdc_dc_inst/dest_graysync_ff_reg[0][3]} {ethlite_i/ethlite_i/U0/XEMAC_I/EMAC_I/RX/INST_RX_INTRFCE/I_RX_FIFO/gnuram_async_fifo.xpm_fifo_base_inst/gen_cdc_pntr.rd_pntr_cdc_dc_inst/dest_graysync_ff_reg[0][4]}]]
                                                                              Slow              8.000       0.765      7.235
8   50        [get_cells [list {ethlite_i/ethlite_i/U0/XEMAC_I/EMAC_I/TX/INST_TX_INTRFCE/I_TX_FIFO/gnuram_async_fifo.xpm_fifo_base_inst/gen_cdc_pntr.wr_pntr_cdc_dc_inst/src_gray_ff_reg[0]} {ethlite_i/ethlite_i/U0/XEMAC_I/EMAC_I/TX/INST_TX_INTRFCE/I_TX_FIFO/gnuram_async_fifo.xpm_fifo_base_inst/gen_cdc_pntr.wr_pntr_cdc_dc_inst/src_gray_ff_reg[1]} {ethlite_i/ethlite_i/U0/XEMAC_I/EMAC_I/TX/INST_TX_INTRFCE/I_TX_FIFO/gnuram_async_fifo.xpm_fifo_base_inst/gen_cdc_pntr.wr_pntr_cdc_dc_inst/src_gray_ff_reg[2]} {ethlite_i/ethlite_i/U0/XEMAC_I/EMAC_I/TX/INST_TX_INTRFCE/I_TX_FIFO/gnuram_async_fifo.xpm_fifo_base_inst/gen_cdc_pntr.wr_pntr_cdc_dc_inst/src_gray_ff_reg[3]} {ethlite_i/ethlite_i/U0/XEMAC_I/EMAC_I/TX/INST_TX_INTRFCE/I_TX_FIFO/gnuram_async_fifo.xpm_fifo_base_inst/gen_cdc_pntr.wr_pntr_cdc_dc_inst/src_gray_ff_reg[4]}]]
                                              [get_cells [list {ethlite_i/ethlite_i/U0/XEMAC_I/EMAC_I/TX/INST_TX_INTRFCE/I_TX_FIFO/gnuram_async_fifo.xpm_fifo_base_inst/gen_cdc_pntr.wr_pntr_cdc_dc_inst/dest_graysync_ff_reg[0][0]} {ethlite_i/ethlite_i/U0/XEMAC_I/EMAC_I/TX/INST_TX_INTRFCE/I_TX_FIFO/gnuram_async_fifo.xpm_fifo_base_inst/gen_cdc_pntr.wr_pntr_cdc_dc_inst/dest_graysync_ff_reg[0][1]} {ethlite_i/ethlite_i/U0/XEMAC_I/EMAC_I/TX/INST_TX_INTRFCE/I_TX_FIFO/gnuram_async_fifo.xpm_fifo_base_inst/gen_cdc_pntr.wr_pntr_cdc_dc_inst/dest_graysync_ff_reg[0][2]} {ethlite_i/ethlite_i/U0/XEMAC_I/EMAC_I/TX/INST_TX_INTRFCE/I_TX_FIFO/gnuram_async_fifo.xpm_fifo_base_inst/gen_cdc_pntr.wr_pntr_cdc_dc_inst/dest_graysync_ff_reg[0][3]} {ethlite_i/ethlite_i/U0/XEMAC_I/EMAC_I/TX/INST_TX_INTRFCE/I_TX_FIFO/gnuram_async_fifo.xpm_fifo_base_inst/gen_cdc_pntr.wr_pntr_cdc_dc_inst/dest_graysync_ff_reg[0][4]}]]
                                                                              Slow              8.000       0.671      7.329


2. Bus Skew Report Per Constraint
---------------------------------

Id: 1
set_bus_skew -from [get_cells [list {ethlite_i/ethlite_i/U0/XEMAC_I/EMAC_I/TX/INST_TX_INTRFCE/I_TX_FIFO/gnuram_async_fifo.xpm_fifo_base_inst/gen_cdc_pntr.rd_pntr_cdc_inst/src_gray_ff_reg[0]} {ethlite_i/ethlite_i/U0/XEMAC_I/EMAC_I/TX/INST_TX_INTRFCE/I_TX_FIFO/gnuram_async_fifo.xpm_fifo_base_inst/gen_cdc_pntr.rd_pntr_cdc_inst/src_gray_ff_reg[1]} {ethlite_i/ethlite_i/U0/XEMAC_I/EMAC_I/TX/INST_TX_INTRFCE/I_TX_FIFO/gnuram_async_fifo.xpm_fifo_base_inst/gen_cdc_pntr.rd_pntr_cdc_inst/src_gray_ff_reg[2]} {ethlite_i/ethlite_i/U0/XEMAC_I/EMAC_I/TX/INST_TX_INTRFCE/I_TX_FIFO/gnuram_async_fifo.xpm_fifo_base_inst/gen_cdc_pntr.rd_pntr_cdc_inst/src_gray_ff_reg[3]}]] -to [get_cells [list {ethlite_i/ethlite_i/U0/XEMAC_I/EMAC_I/TX/INST_TX_INTRFCE/I_TX_FIFO/gnuram_async_fifo.xpm_fifo_base_inst/gen_cdc_pntr.rd_pntr_cdc_inst/dest_graysync_ff_reg[0][0]} {ethlite_i/ethlite_i/U0/XEMAC_I/EMAC_I/TX/INST_TX_INTRFCE/I_TX_FIFO/gnuram_async_fifo.xpm_fifo_base_inst/gen_cdc_pntr.rd_pntr_cdc_inst/dest_graysync_ff_reg[0][1]} {ethlite_i/ethlite_i/U0/XEMAC_I/EMAC_I/TX/INST_TX_INTRFCE/I_TX_FIFO/gnuram_async_fifo.xpm_fifo_base_inst/gen_cdc_pntr.rd_pntr_cdc_inst/dest_graysync_ff_reg[0][2]} {ethlite_i/ethlite_i/U0/XEMAC_I/EMAC_I/TX/INST_TX_INTRFCE/I_TX_FIFO/gnuram_async_fifo.xpm_fifo_base_inst/gen_cdc_pntr.rd_pntr_cdc_inst/dest_graysync_ff_reg[0][3]}]] 8.000
Requirement: 8.000ns
Endpoints: 4

From Clock            To Clock              Endpoint Pin                    Reference Pin                   Corner  Actual(ns)  Slack(ns)
--------------------  --------------------  ------------------------------  ------------------------------  ------  ----------  ---------
eth_tx_clk            clk_out5_clk_wiz_0_1  ethlite_i/ethlite_i/U0/XEMAC_I/EMAC_I/TX/INST_TX_INTRFCE/I_TX_FIFO/gnuram_async_fifo.xpm_fifo_base_inst/gen_cdc_pntr.rd_pntr_cdc_inst/dest_graysync_ff_reg[0][3]/D
                                                                            ethlite_i/ethlite_i/U0/XEMAC_I/EMAC_I/TX/INST_TX_INTRFCE/I_TX_FIFO/gnuram_async_fifo.xpm_fifo_base_inst/gen_cdc_pntr.rd_pntr_cdc_inst/dest_graysync_ff_reg[0][2]/D
                                                                                                            Slow         0.658      7.342


Slack (MET) :             7.342ns  (requirement - actual skew)
  Endpoint Source:        ethlite_i/ethlite_i/U0/XEMAC_I/EMAC_I/TX/INST_TX_INTRFCE/I_TX_FIFO/gnuram_async_fifo.xpm_fifo_base_inst/gen_cdc_pntr.rd_pntr_cdc_inst/src_gray_ff_reg[3]/C
                            (rising edge-triggered cell FDRE clocked by eth_tx_clk)
  Endpoint Destination:   ethlite_i/ethlite_i/U0/XEMAC_I/EMAC_I/TX/INST_TX_INTRFCE/I_TX_FIFO/gnuram_async_fifo.xpm_fifo_base_inst/gen_cdc_pntr.rd_pntr_cdc_inst/dest_graysync_ff_reg[0][3]/D
                            (rising edge-triggered cell FDRE clocked by clk_out5_clk_wiz_0_1)
  Reference Source:       ethlite_i/ethlite_i/U0/XEMAC_I/EMAC_I/TX/INST_TX_INTRFCE/I_TX_FIFO/gnuram_async_fifo.xpm_fifo_base_inst/gen_cdc_pntr.rd_pntr_cdc_inst/src_gray_ff_reg[2]/C
                            (rising edge-triggered cell FDRE clocked by eth_tx_clk)
  Reference Destination:  ethlite_i/ethlite_i/U0/XEMAC_I/EMAC_I/TX/INST_TX_INTRFCE/I_TX_FIFO/gnuram_async_fifo.xpm_fifo_base_inst/gen_cdc_pntr.rd_pntr_cdc_inst/dest_graysync_ff_reg[0][2]/D
                            (rising edge-triggered cell FDRE clocked by clk_out5_clk_wiz_0_1)
  Path Type:              Bus Skew (Max at Slow Process Corner)
  Requirement:            8.000ns
  Endpoint Relative Delay:    7.953ns
  Reference Relative Delay:   6.460ns
  Relative CRPR:              0.835ns
  Actual Bus Skew:            0.658ns  (Endpoint Relative Delay - Reference Relative Delay - Relative CRPR)

Endpoint path:
    Location             Delay type                Incr(ns)  Path(ns)    Netlist Resource(s)
  -------------------------------------------------------------------    -------------------
                         (clock eth_tx_clk rise edge)
                                                      0.000     0.000 r  
    H16                                               0.000     0.000 r  eth_tx_clk (IN)
                         net (fo=0)                   0.000     0.000    ethlite_i/ethlite_i/U0/phy_tx_clk
    H16                  IBUF (Prop_ibuf_I_O)         1.471     1.471 r  ethlite_i/ethlite_i/U0/NO_LOOPBACK_GEN.INCLUDE_BUFG_GEN.TX_IBUF_INST/O
                         net (fo=1, routed)           2.016     3.487    ethlite_i/ethlite_i/U0/o
    BUFGCTRL_X0Y24       BUFG (Prop_bufg_I_O)         0.096     3.583 r  ethlite_i/ethlite_i/U0/NO_LOOPBACK_GEN.INCLUDE_BUFG_GEN.CLOCK_BUFG_TX/O
                         net (fo=96, routed)          1.818     5.401    ethlite_i/ethlite_i/U0/XEMAC_I/EMAC_I/TX/INST_TX_INTRFCE/I_TX_FIFO/gnuram_async_fifo.xpm_fifo_base_inst/gen_cdc_pntr.rd_pntr_cdc_inst/src_clk
    SLICE_X24Y5          FDRE                                         r  ethlite_i/ethlite_i/U0/XEMAC_I/EMAC_I/TX/INST_TX_INTRFCE/I_TX_FIFO/gnuram_async_fifo.xpm_fifo_base_inst/gen_cdc_pntr.rd_pntr_cdc_inst/src_gray_ff_reg[3]/C
  -------------------------------------------------------------------    -------------------
    SLICE_X24Y5          FDRE (Prop_fdre_C_Q)         0.456     5.857 r  ethlite_i/ethlite_i/U0/XEMAC_I/EMAC_I/TX/INST_TX_INTRFCE/I_TX_FIFO/gnuram_async_fifo.xpm_fifo_base_inst/gen_cdc_pntr.rd_pntr_cdc_inst/src_gray_ff_reg[3]/Q
                         net (fo=1, routed)           0.674     6.530    ethlite_i/ethlite_i/U0/XEMAC_I/EMAC_I/TX/INST_TX_INTRFCE/I_TX_FIFO/gnuram_async_fifo.xpm_fifo_base_inst/gen_cdc_pntr.rd_pntr_cdc_inst/async_path[3]
    SLICE_X23Y1          FDRE                                         r  ethlite_i/ethlite_i/U0/XEMAC_I/EMAC_I/TX/INST_TX_INTRFCE/I_TX_FIFO/gnuram_async_fifo.xpm_fifo_base_inst/gen_cdc_pntr.rd_pntr_cdc_inst/dest_graysync_ff_reg[0][3]/D
  -------------------------------------------------------------------    -------------------

                         (clock clk_out5_clk_wiz_0_1 rise edge)
                                                      0.000     0.000 r  
    E3                                                0.000     0.000 r  sys_clock (IN)
                         net (fo=0)                   0.000     0.000    clk_wiz_inst/inst/clk_in1
    E3                   IBUF (Prop_ibuf_I_O)         1.411     1.411 r  clk_wiz_inst/inst/clkin1_ibufg/O
                         net (fo=1, routed)           1.162     2.573    clk_wiz_inst/inst/clk_in1_clk_wiz_0
    MMCME2_ADV_X1Y2      MMCME2_ADV (Prop_mmcme2_adv_CLKIN1_CLKOUT4)
                                                     -7.324    -4.751 r  clk_wiz_inst/inst/mmcm_adv_inst/CLKOUT4
                         net (fo=1, routed)           1.639    -3.112    clk_wiz_inst/inst/clk_out5_clk_wiz_0
    BUFGCTRL_X0Y19       BUFG (Prop_bufg_I_O)         0.091    -3.021 r  clk_wiz_inst/inst/clkout5_buf/O
                         net (fo=56319, routed)       1.690    -1.331    ethlite_i/ethlite_i/U0/XEMAC_I/EMAC_I/TX/INST_TX_INTRFCE/I_TX_FIFO/gnuram_async_fifo.xpm_fifo_base_inst/gen_cdc_pntr.rd_pntr_cdc_inst/dest_clk
    SLICE_X23Y1          FDRE                                         r  ethlite_i/ethlite_i/U0/XEMAC_I/EMAC_I/TX/INST_TX_INTRFCE/I_TX_FIFO/gnuram_async_fifo.xpm_fifo_base_inst/gen_cdc_pntr.rd_pntr_cdc_inst/dest_graysync_ff_reg[0][3]/C
                         clock pessimism              0.000    -1.331    
    SLICE_X23Y1          FDRE (Setup_fdre_C_D)       -0.092    -1.423    ethlite_i/ethlite_i/U0/XEMAC_I/EMAC_I/TX/INST_TX_INTRFCE/I_TX_FIFO/gnuram_async_fifo.xpm_fifo_base_inst/gen_cdc_pntr.rd_pntr_cdc_inst/dest_graysync_ff_reg[0][3]
  -------------------------------------------------------------------
                         data arrival                           6.530    
                         clock arrival                         -1.423    
  -------------------------------------------------------------------
                         relative delay                         7.953    

Reference path:
    Location             Delay type                Incr(ns)  Path(ns)    Netlist Resource(s)
  -------------------------------------------------------------------    -------------------
                         (clock eth_tx_clk rise edge)
                                                      0.000     0.000 r  
    H16                                               0.000     0.000 r  eth_tx_clk (IN)
                         net (fo=0)                   0.000     0.000    ethlite_i/ethlite_i/U0/phy_tx_clk
    H16                  IBUF (Prop_ibuf_I_O)         1.401     1.401 r  ethlite_i/ethlite_i/U0/NO_LOOPBACK_GEN.INCLUDE_BUFG_GEN.TX_IBUF_INST/O
                         net (fo=1, routed)           1.911     3.312    ethlite_i/ethlite_i/U0/o
    BUFGCTRL_X0Y24       BUFG (Prop_bufg_I_O)         0.091     3.403 r  ethlite_i/ethlite_i/U0/NO_LOOPBACK_GEN.INCLUDE_BUFG_GEN.CLOCK_BUFG_TX/O
                         net (fo=96, routed)          1.688     5.091    ethlite_i/ethlite_i/U0/XEMAC_I/EMAC_I/TX/INST_TX_INTRFCE/I_TX_FIFO/gnuram_async_fifo.xpm_fifo_base_inst/gen_cdc_pntr.rd_pntr_cdc_inst/src_clk
    SLICE_X29Y2          FDRE                                         r  ethlite_i/ethlite_i/U0/XEMAC_I/EMAC_I/TX/INST_TX_INTRFCE/I_TX_FIFO/gnuram_async_fifo.xpm_fifo_base_inst/gen_cdc_pntr.rd_pntr_cdc_inst/src_gray_ff_reg[2]/C
  -------------------------------------------------------------------    -------------------
    SLICE_X29Y2          FDRE (Prop_fdre_C_Q)         0.367     5.458 r  ethlite_i/ethlite_i/U0/XEMAC_I/EMAC_I/TX/INST_TX_INTRFCE/I_TX_FIFO/gnuram_async_fifo.xpm_fifo_base_inst/gen_cdc_pntr.rd_pntr_cdc_inst/src_gray_ff_reg[2]/Q
                         net (fo=1, routed)           0.510     5.968    ethlite_i/ethlite_i/U0/XEMAC_I/EMAC_I/TX/INST_TX_INTRFCE/I_TX_FIFO/gnuram_async_fifo.xpm_fifo_base_inst/gen_cdc_pntr.rd_pntr_cdc_inst/async_path[2]
    SLICE_X30Y1          FDRE                                         r  ethlite_i/ethlite_i/U0/XEMAC_I/EMAC_I/TX/INST_TX_INTRFCE/I_TX_FIFO/gnuram_async_fifo.xpm_fifo_base_inst/gen_cdc_pntr.rd_pntr_cdc_inst/dest_graysync_ff_reg[0][2]/D
  -------------------------------------------------------------------    -------------------

                         (clock clk_out5_clk_wiz_0_1 rise edge)
                                                      0.000     0.000 r  
    E3                                                0.000     0.000 r  sys_clock (IN)
                         net (fo=0)                   0.000     0.000    clk_wiz_inst/inst/clk_in1
    E3                   IBUF (Prop_ibuf_I_O)         1.482     1.482 r  clk_wiz_inst/inst/clkin1_ibufg/O
                         net (fo=1, routed)           1.233     2.715    clk_wiz_inst/inst/clk_in1_clk_wiz_0
    MMCME2_ADV_X1Y2      MMCME2_ADV (Prop_mmcme2_adv_CLKIN1_CLKOUT4)
                                                     -7.070    -4.355 r  clk_wiz_inst/inst/mmcm_adv_inst/CLKOUT4
                         net (fo=1, routed)           1.719    -2.636    clk_wiz_inst/inst/clk_out5_clk_wiz_0
    BUFGCTRL_X0Y19       BUFG (Prop_bufg_I_O)         0.096    -2.540 r  clk_wiz_inst/inst/clkout5_buf/O
                         net (fo=56319, routed)       1.816    -0.724    ethlite_i/ethlite_i/U0/XEMAC_I/EMAC_I/TX/INST_TX_INTRFCE/I_TX_FIFO/gnuram_async_fifo.xpm_fifo_base_inst/gen_cdc_pntr.rd_pntr_cdc_inst/dest_clk
    SLICE_X30Y1          FDRE                                         r  ethlite_i/ethlite_i/U0/XEMAC_I/EMAC_I/TX/INST_TX_INTRFCE/I_TX_FIFO/gnuram_async_fifo.xpm_fifo_base_inst/gen_cdc_pntr.rd_pntr_cdc_inst/dest_graysync_ff_reg[0][2]/C
                         clock pessimism              0.000    -0.724    
    SLICE_X30Y1          FDRE (Hold_fdre_C_D)         0.231    -0.493    ethlite_i/ethlite_i/U0/XEMAC_I/EMAC_I/TX/INST_TX_INTRFCE/I_TX_FIFO/gnuram_async_fifo.xpm_fifo_base_inst/gen_cdc_pntr.rd_pntr_cdc_inst/dest_graysync_ff_reg[0][2]
  -------------------------------------------------------------------
                         data arrival                           5.968    
                         clock arrival                         -0.493    
  -------------------------------------------------------------------
                         relative delay                         6.460    



Id: 2
set_bus_skew -from [get_cells [list {ethlite_i/ethlite_i/U0/XEMAC_I/EMAC_I/RX/INST_RX_INTRFCE/I_RX_FIFO/gnuram_async_fifo.xpm_fifo_base_inst/gen_cdc_pntr.wr_pntr_cdc_inst/src_gray_ff_reg[0]} {ethlite_i/ethlite_i/U0/XEMAC_I/EMAC_I/RX/INST_RX_INTRFCE/I_RX_FIFO/gnuram_async_fifo.xpm_fifo_base_inst/gen_cdc_pntr.wr_pntr_cdc_inst/src_gray_ff_reg[1]} {ethlite_i/ethlite_i/U0/XEMAC_I/EMAC_I/RX/INST_RX_INTRFCE/I_RX_FIFO/gnuram_async_fifo.xpm_fifo_base_inst/gen_cdc_pntr.wr_pntr_cdc_inst/src_gray_ff_reg[2]} {ethlite_i/ethlite_i/U0/XEMAC_I/EMAC_I/RX/INST_RX_INTRFCE/I_RX_FIFO/gnuram_async_fifo.xpm_fifo_base_inst/gen_cdc_pntr.wr_pntr_cdc_inst/src_gray_ff_reg[3]}]] -to [get_cells [list {ethlite_i/ethlite_i/U0/XEMAC_I/EMAC_I/RX/INST_RX_INTRFCE/I_RX_FIFO/gnuram_async_fifo.xpm_fifo_base_inst/gen_cdc_pntr.wr_pntr_cdc_inst/dest_graysync_ff_reg[0][0]} {ethlite_i/ethlite_i/U0/XEMAC_I/EMAC_I/RX/INST_RX_INTRFCE/I_RX_FIFO/gnuram_async_fifo.xpm_fifo_base_inst/gen_cdc_pntr.wr_pntr_cdc_inst/dest_graysync_ff_reg[0][1]} {ethlite_i/ethlite_i/U0/XEMAC_I/EMAC_I/RX/INST_RX_INTRFCE/I_RX_FIFO/gnuram_async_fifo.xpm_fifo_base_inst/gen_cdc_pntr.wr_pntr_cdc_inst/dest_graysync_ff_reg[0][2]} {ethlite_i/ethlite_i/U0/XEMAC_I/EMAC_I/RX/INST_RX_INTRFCE/I_RX_FIFO/gnuram_async_fifo.xpm_fifo_base_inst/gen_cdc_pntr.wr_pntr_cdc_inst/dest_graysync_ff_reg[0][3]}]] 8.000
Requirement: 8.000ns
Endpoints: 4

From Clock            To Clock              Endpoint Pin                    Reference Pin                   Corner  Actual(ns)  Slack(ns)
--------------------  --------------------  ------------------------------  ------------------------------  ------  ----------  ---------
eth_rx_clk            clk_out5_clk_wiz_0_1  ethlite_i/ethlite_i/U0/XEMAC_I/EMAC_I/RX/INST_RX_INTRFCE/I_RX_FIFO/gnuram_async_fifo.xpm_fifo_base_inst/gen_cdc_pntr.wr_pntr_cdc_inst/dest_graysync_ff_reg[0][2]/D
                                                                            ethlite_i/ethlite_i/U0/XEMAC_I/EMAC_I/RX/INST_RX_INTRFCE/I_RX_FIFO/gnuram_async_fifo.xpm_fifo_base_inst/gen_cdc_pntr.wr_pntr_cdc_inst/dest_graysync_ff_reg[0][0]/D
                                                                                                            Slow         1.152      6.848


Slack (MET) :             6.848ns  (requirement - actual skew)
  Endpoint Source:        ethlite_i/ethlite_i/U0/XEMAC_I/EMAC_I/RX/INST_RX_INTRFCE/I_RX_FIFO/gnuram_async_fifo.xpm_fifo_base_inst/gen_cdc_pntr.wr_pntr_cdc_inst/src_gray_ff_reg[2]/C
                            (rising edge-triggered cell FDRE clocked by eth_rx_clk)
  Endpoint Destination:   ethlite_i/ethlite_i/U0/XEMAC_I/EMAC_I/RX/INST_RX_INTRFCE/I_RX_FIFO/gnuram_async_fifo.xpm_fifo_base_inst/gen_cdc_pntr.wr_pntr_cdc_inst/dest_graysync_ff_reg[0][2]/D
                            (rising edge-triggered cell FDRE clocked by clk_out5_clk_wiz_0_1)
  Reference Source:       ethlite_i/ethlite_i/U0/XEMAC_I/EMAC_I/RX/INST_RX_INTRFCE/I_RX_FIFO/gnuram_async_fifo.xpm_fifo_base_inst/gen_cdc_pntr.wr_pntr_cdc_inst/src_gray_ff_reg[0]/C
                            (rising edge-triggered cell FDRE clocked by eth_rx_clk)
  Reference Destination:  ethlite_i/ethlite_i/U0/XEMAC_I/EMAC_I/RX/INST_RX_INTRFCE/I_RX_FIFO/gnuram_async_fifo.xpm_fifo_base_inst/gen_cdc_pntr.wr_pntr_cdc_inst/dest_graysync_ff_reg[0][0]/D
                            (rising edge-triggered cell FDRE clocked by clk_out5_clk_wiz_0_1)
  Path Type:              Bus Skew (Max at Slow Process Corner)
  Requirement:            8.000ns
  Endpoint Relative Delay:    8.573ns
  Reference Relative Delay:   6.546ns
  Relative CRPR:              0.875ns
  Actual Bus Skew:            1.152ns  (Endpoint Relative Delay - Reference Relative Delay - Relative CRPR)

Endpoint path:
    Location             Delay type                Incr(ns)  Path(ns)    Netlist Resource(s)
  -------------------------------------------------------------------    -------------------
                         (clock eth_rx_clk rise edge)
                                                      0.000     0.000 r  
    F15                                               0.000     0.000 r  eth_rx_clk (IN)
                         net (fo=0)                   0.000     0.000    ethlite_i/ethlite_i/U0/phy_rx_clk
    F15                  IBUF (Prop_ibuf_I_O)         1.473     1.473 r  ethlite_i/ethlite_i/U0/NO_LOOPBACK_GEN.INCLUDE_BUFG_GEN.RX_IBUF_INST/O
                         net (fo=1, routed)           2.016     3.488    ethlite_i/ethlite_i/U0/NO_LOOPBACK_GEN.INCLUDE_BUFG_GEN.RX_IBUF_INST_n_0
    BUFGCTRL_X0Y23       BUFG (Prop_bufg_I_O)         0.096     3.584 r  ethlite_i/ethlite_i/U0/NO_LOOPBACK_GEN.INCLUDE_BUFG_GEN.CLOCK_BUFG_RX/O
                         net (fo=98, routed)          1.820     5.405    ethlite_i/ethlite_i/U0/XEMAC_I/EMAC_I/RX/INST_RX_INTRFCE/I_RX_FIFO/gnuram_async_fifo.xpm_fifo_base_inst/gen_cdc_pntr.wr_pntr_cdc_inst/src_clk
    SLICE_X10Y6          FDRE                                         r  ethlite_i/ethlite_i/U0/XEMAC_I/EMAC_I/RX/INST_RX_INTRFCE/I_RX_FIFO/gnuram_async_fifo.xpm_fifo_base_inst/gen_cdc_pntr.wr_pntr_cdc_inst/src_gray_ff_reg[2]/C
  -------------------------------------------------------------------    -------------------
    SLICE_X10Y6          FDRE (Prop_fdre_C_Q)         0.518     5.923 r  ethlite_i/ethlite_i/U0/XEMAC_I/EMAC_I/RX/INST_RX_INTRFCE/I_RX_FIFO/gnuram_async_fifo.xpm_fifo_base_inst/gen_cdc_pntr.wr_pntr_cdc_inst/src_gray_ff_reg[2]/Q
                         net (fo=1, routed)           1.346     7.269    ethlite_i/ethlite_i/U0/XEMAC_I/EMAC_I/RX/INST_RX_INTRFCE/I_RX_FIFO/gnuram_async_fifo.xpm_fifo_base_inst/gen_cdc_pntr.wr_pntr_cdc_inst/async_path[2]
    SLICE_X2Y8           FDRE                                         r  ethlite_i/ethlite_i/U0/XEMAC_I/EMAC_I/RX/INST_RX_INTRFCE/I_RX_FIFO/gnuram_async_fifo.xpm_fifo_base_inst/gen_cdc_pntr.wr_pntr_cdc_inst/dest_graysync_ff_reg[0][2]/D
  -------------------------------------------------------------------    -------------------

                         (clock clk_out5_clk_wiz_0_1 rise edge)
                                                      0.000     0.000 r  
    E3                                                0.000     0.000 r  sys_clock (IN)
                         net (fo=0)                   0.000     0.000    clk_wiz_inst/inst/clk_in1
    E3                   IBUF (Prop_ibuf_I_O)         1.411     1.411 r  clk_wiz_inst/inst/clkin1_ibufg/O
                         net (fo=1, routed)           1.162     2.573    clk_wiz_inst/inst/clk_in1_clk_wiz_0
    MMCME2_ADV_X1Y2      MMCME2_ADV (Prop_mmcme2_adv_CLKIN1_CLKOUT4)
                                                     -7.324    -4.751 r  clk_wiz_inst/inst/mmcm_adv_inst/CLKOUT4
                         net (fo=1, routed)           1.639    -3.112    clk_wiz_inst/inst/clk_out5_clk_wiz_0
    BUFGCTRL_X0Y19       BUFG (Prop_bufg_I_O)         0.091    -3.021 r  clk_wiz_inst/inst/clkout5_buf/O
                         net (fo=56319, routed)       1.770    -1.251    ethlite_i/ethlite_i/U0/XEMAC_I/EMAC_I/RX/INST_RX_INTRFCE/I_RX_FIFO/gnuram_async_fifo.xpm_fifo_base_inst/gen_cdc_pntr.wr_pntr_cdc_inst/dest_clk
    SLICE_X2Y8           FDRE                                         r  ethlite_i/ethlite_i/U0/XEMAC_I/EMAC_I/RX/INST_RX_INTRFCE/I_RX_FIFO/gnuram_async_fifo.xpm_fifo_base_inst/gen_cdc_pntr.wr_pntr_cdc_inst/dest_graysync_ff_reg[0][2]/C
                         clock pessimism              0.000    -1.251    
    SLICE_X2Y8           FDRE (Setup_fdre_C_D)       -0.054    -1.305    ethlite_i/ethlite_i/U0/XEMAC_I/EMAC_I/RX/INST_RX_INTRFCE/I_RX_FIFO/gnuram_async_fifo.xpm_fifo_base_inst/gen_cdc_pntr.wr_pntr_cdc_inst/dest_graysync_ff_reg[0][2]
  -------------------------------------------------------------------
                         data arrival                           7.269    
                         clock arrival                         -1.305    
  -------------------------------------------------------------------
                         relative delay                         8.573    

Reference path:
    Location             Delay type                Incr(ns)  Path(ns)    Netlist Resource(s)
  -------------------------------------------------------------------    -------------------
                         (clock eth_rx_clk rise edge)
                                                      0.000     0.000 r  
    F15                                               0.000     0.000 r  eth_rx_clk (IN)
                         net (fo=0)                   0.000     0.000    ethlite_i/ethlite_i/U0/phy_rx_clk
    F15                  IBUF (Prop_ibuf_I_O)         1.403     1.403 r  ethlite_i/ethlite_i/U0/NO_LOOPBACK_GEN.INCLUDE_BUFG_GEN.RX_IBUF_INST/O
                         net (fo=1, routed)           1.911     3.314    ethlite_i/ethlite_i/U0/NO_LOOPBACK_GEN.INCLUDE_BUFG_GEN.RX_IBUF_INST_n_0
    BUFGCTRL_X0Y23       BUFG (Prop_bufg_I_O)         0.091     3.405 r  ethlite_i/ethlite_i/U0/NO_LOOPBACK_GEN.INCLUDE_BUFG_GEN.CLOCK_BUFG_RX/O
                         net (fo=98, routed)          1.693     5.098    ethlite_i/ethlite_i/U0/XEMAC_I/EMAC_I/RX/INST_RX_INTRFCE/I_RX_FIFO/gnuram_async_fifo.xpm_fifo_base_inst/gen_cdc_pntr.wr_pntr_cdc_inst/src_clk
    SLICE_X10Y6          FDRE                                         r  ethlite_i/ethlite_i/U0/XEMAC_I/EMAC_I/RX/INST_RX_INTRFCE/I_RX_FIFO/gnuram_async_fifo.xpm_fifo_base_inst/gen_cdc_pntr.wr_pntr_cdc_inst/src_gray_ff_reg[0]/C
  -------------------------------------------------------------------    -------------------
    SLICE_X10Y6          FDRE (Prop_fdre_C_Q)         0.418     5.516 r  ethlite_i/ethlite_i/U0/XEMAC_I/EMAC_I/RX/INST_RX_INTRFCE/I_RX_FIFO/gnuram_async_fifo.xpm_fifo_base_inst/gen_cdc_pntr.wr_pntr_cdc_inst/src_gray_ff_reg[0]/Q
                         net (fo=1, routed)           0.481     5.997    ethlite_i/ethlite_i/U0/XEMAC_I/EMAC_I/RX/INST_RX_INTRFCE/I_RX_FIFO/gnuram_async_fifo.xpm_fifo_base_inst/gen_cdc_pntr.wr_pntr_cdc_inst/async_path[0]
    SLICE_X11Y6          FDRE                                         r  ethlite_i/ethlite_i/U0/XEMAC_I/EMAC_I/RX/INST_RX_INTRFCE/I_RX_FIFO/gnuram_async_fifo.xpm_fifo_base_inst/gen_cdc_pntr.wr_pntr_cdc_inst/dest_graysync_ff_reg[0][0]/D
  -------------------------------------------------------------------    -------------------

                         (clock clk_out5_clk_wiz_0_1 rise edge)
                                                      0.000     0.000 r  
    E3                                                0.000     0.000 r  sys_clock (IN)
                         net (fo=0)                   0.000     0.000    clk_wiz_inst/inst/clk_in1
    E3                   IBUF (Prop_ibuf_I_O)         1.482     1.482 r  clk_wiz_inst/inst/clkin1_ibufg/O
                         net (fo=1, routed)           1.233     2.715    clk_wiz_inst/inst/clk_in1_clk_wiz_0
    MMCME2_ADV_X1Y2      MMCME2_ADV (Prop_mmcme2_adv_CLKIN1_CLKOUT4)
                                                     -7.070    -4.355 r  clk_wiz_inst/inst/mmcm_adv_inst/CLKOUT4
                         net (fo=1, routed)           1.719    -2.636    clk_wiz_inst/inst/clk_out5_clk_wiz_0
    BUFGCTRL_X0Y19       BUFG (Prop_bufg_I_O)         0.096    -2.540 r  clk_wiz_inst/inst/clkout5_buf/O
                         net (fo=56319, routed)       1.820    -0.720    ethlite_i/ethlite_i/U0/XEMAC_I/EMAC_I/RX/INST_RX_INTRFCE/I_RX_FIFO/gnuram_async_fifo.xpm_fifo_base_inst/gen_cdc_pntr.wr_pntr_cdc_inst/dest_clk
    SLICE_X11Y6          FDRE                                         r  ethlite_i/ethlite_i/U0/XEMAC_I/EMAC_I/RX/INST_RX_INTRFCE/I_RX_FIFO/gnuram_async_fifo.xpm_fifo_base_inst/gen_cdc_pntr.wr_pntr_cdc_inst/dest_graysync_ff_reg[0][0]/C
                         clock pessimism              0.000    -0.720    
    SLICE_X11Y6          FDRE (Hold_fdre_C_D)         0.170    -0.550    ethlite_i/ethlite_i/U0/XEMAC_I/EMAC_I/RX/INST_RX_INTRFCE/I_RX_FIFO/gnuram_async_fifo.xpm_fifo_base_inst/gen_cdc_pntr.wr_pntr_cdc_inst/dest_graysync_ff_reg[0][0]
  -------------------------------------------------------------------
                         data arrival                           5.997    
                         clock arrival                         -0.550    
  -------------------------------------------------------------------
                         relative delay                         6.546    



Id: 3
set_bus_skew -from [get_cells [list {ethlite_i/ethlite_i/U0/XEMAC_I/EMAC_I/RX/INST_RX_INTRFCE/I_RX_FIFO/gnuram_async_fifo.xpm_fifo_base_inst/gen_cdc_pntr.rd_pntr_cdc_inst/src_gray_ff_reg[0]} {ethlite_i/ethlite_i/U0/XEMAC_I/EMAC_I/RX/INST_RX_INTRFCE/I_RX_FIFO/gnuram_async_fifo.xpm_fifo_base_inst/gen_cdc_pntr.rd_pntr_cdc_inst/src_gray_ff_reg[1]} {ethlite_i/ethlite_i/U0/XEMAC_I/EMAC_I/RX/INST_RX_INTRFCE/I_RX_FIFO/gnuram_async_fifo.xpm_fifo_base_inst/gen_cdc_pntr.rd_pntr_cdc_inst/src_gray_ff_reg[2]} {ethlite_i/ethlite_i/U0/XEMAC_I/EMAC_I/RX/INST_RX_INTRFCE/I_RX_FIFO/gnuram_async_fifo.xpm_fifo_base_inst/gen_cdc_pntr.rd_pntr_cdc_inst/src_gray_ff_reg[3]}]] -to [get_cells [list {ethlite_i/ethlite_i/U0/XEMAC_I/EMAC_I/RX/INST_RX_INTRFCE/I_RX_FIFO/gnuram_async_fifo.xpm_fifo_base_inst/gen_cdc_pntr.rd_pntr_cdc_inst/dest_graysync_ff_reg[0][0]} {ethlite_i/ethlite_i/U0/XEMAC_I/EMAC_I/RX/INST_RX_INTRFCE/I_RX_FIFO/gnuram_async_fifo.xpm_fifo_base_inst/gen_cdc_pntr.rd_pntr_cdc_inst/dest_graysync_ff_reg[0][1]} {ethlite_i/ethlite_i/U0/XEMAC_I/EMAC_I/RX/INST_RX_INTRFCE/I_RX_FIFO/gnuram_async_fifo.xpm_fifo_base_inst/gen_cdc_pntr.rd_pntr_cdc_inst/dest_graysync_ff_reg[0][2]} {ethlite_i/ethlite_i/U0/XEMAC_I/EMAC_I/RX/INST_RX_INTRFCE/I_RX_FIFO/gnuram_async_fifo.xpm_fifo_base_inst/gen_cdc_pntr.rd_pntr_cdc_inst/dest_graysync_ff_reg[0][3]}]] 8.000
Requirement: 8.000ns
Endpoints: 4

From Clock            To Clock              Endpoint Pin                    Reference Pin                   Corner  Actual(ns)  Slack(ns)
--------------------  --------------------  ------------------------------  ------------------------------  ------  ----------  ---------
clk_out5_clk_wiz_0    eth_rx_clk            ethlite_i/ethlite_i/U0/XEMAC_I/EMAC_I/RX/INST_RX_INTRFCE/I_RX_FIFO/gnuram_async_fifo.xpm_fifo_base_inst/gen_cdc_pntr.rd_pntr_cdc_inst/dest_graysync_ff_reg[0][3]/D
                                                                            ethlite_i/ethlite_i/U0/XEMAC_I/EMAC_I/RX/INST_RX_INTRFCE/I_RX_FIFO/gnuram_async_fifo.xpm_fifo_base_inst/gen_cdc_pntr.rd_pntr_cdc_inst/dest_graysync_ff_reg[0][2]/D
                                                                                                            Slow         0.836      7.164


Slack (MET) :             7.164ns  (requirement - actual skew)
  Endpoint Source:        ethlite_i/ethlite_i/U0/XEMAC_I/EMAC_I/RX/INST_RX_INTRFCE/I_RX_FIFO/gnuram_async_fifo.xpm_fifo_base_inst/gen_cdc_pntr.rd_pntr_cdc_inst/src_gray_ff_reg[3]/C
                            (rising edge-triggered cell FDRE clocked by clk_out5_clk_wiz_0)
  Endpoint Destination:   ethlite_i/ethlite_i/U0/XEMAC_I/EMAC_I/RX/INST_RX_INTRFCE/I_RX_FIFO/gnuram_async_fifo.xpm_fifo_base_inst/gen_cdc_pntr.rd_pntr_cdc_inst/dest_graysync_ff_reg[0][3]/D
                            (rising edge-triggered cell FDRE clocked by eth_rx_clk)
  Reference Source:       ethlite_i/ethlite_i/U0/XEMAC_I/EMAC_I/RX/INST_RX_INTRFCE/I_RX_FIFO/gnuram_async_fifo.xpm_fifo_base_inst/gen_cdc_pntr.rd_pntr_cdc_inst/src_gray_ff_reg[2]/C
                            (rising edge-triggered cell FDRE clocked by clk_out5_clk_wiz_0)
  Reference Destination:  ethlite_i/ethlite_i/U0/XEMAC_I/EMAC_I/RX/INST_RX_INTRFCE/I_RX_FIFO/gnuram_async_fifo.xpm_fifo_base_inst/gen_cdc_pntr.rd_pntr_cdc_inst/dest_graysync_ff_reg[0][2]/D
                            (rising edge-triggered cell FDRE clocked by eth_rx_clk)
  Path Type:              Bus Skew (Max at Slow Process Corner)
  Requirement:            8.000ns
  Endpoint Relative Delay:   -4.676ns
  Reference Relative Delay:  -6.347ns
  Relative CRPR:              0.835ns
  Actual Bus Skew:            0.836ns  (Endpoint Relative Delay - Reference Relative Delay - Relative CRPR)

Endpoint path:
    Location             Delay type                Incr(ns)  Path(ns)    Netlist Resource(s)
  -------------------------------------------------------------------    -------------------
                         (clock clk_out5_clk_wiz_0 rise edge)
                                                      0.000     0.000 r  
    E3                                                0.000     0.000 r  sys_clock (IN)
                         net (fo=0)                   0.000     0.000    clk_wiz_inst/inst/clk_in1
    E3                   IBUF (Prop_ibuf_I_O)         1.482     1.482 r  clk_wiz_inst/inst/clkin1_ibufg/O
                         net (fo=1, routed)           1.233     2.715    clk_wiz_inst/inst/clk_in1_clk_wiz_0
    MMCME2_ADV_X1Y2      MMCME2_ADV (Prop_mmcme2_adv_CLKIN1_CLKOUT4)
                                                     -7.070    -4.355 r  clk_wiz_inst/inst/mmcm_adv_inst/CLKOUT4
                         net (fo=1, routed)           1.719    -2.636    clk_wiz_inst/inst/clk_out5_clk_wiz_0
    BUFGCTRL_X0Y19       BUFG (Prop_bufg_I_O)         0.096    -2.540 r  clk_wiz_inst/inst/clkout5_buf/O
                         net (fo=56319, routed)       1.820    -0.720    ethlite_i/ethlite_i/U0/XEMAC_I/EMAC_I/RX/INST_RX_INTRFCE/I_RX_FIFO/gnuram_async_fifo.xpm_fifo_base_inst/gen_cdc_pntr.rd_pntr_cdc_inst/src_clk
    SLICE_X13Y3          FDRE                                         r  ethlite_i/ethlite_i/U0/XEMAC_I/EMAC_I/RX/INST_RX_INTRFCE/I_RX_FIFO/gnuram_async_fifo.xpm_fifo_base_inst/gen_cdc_pntr.rd_pntr_cdc_inst/src_gray_ff_reg[3]/C
  -------------------------------------------------------------------    -------------------
    SLICE_X13Y3          FDRE (Prop_fdre_C_Q)         0.456    -0.264 r  ethlite_i/ethlite_i/U0/XEMAC_I/EMAC_I/RX/INST_RX_INTRFCE/I_RX_FIFO/gnuram_async_fifo.xpm_fifo_base_inst/gen_cdc_pntr.rd_pntr_cdc_inst/src_gray_ff_reg[3]/Q
                         net (fo=1, routed)           0.639     0.375    ethlite_i/ethlite_i/U0/XEMAC_I/EMAC_I/RX/INST_RX_INTRFCE/I_RX_FIFO/gnuram_async_fifo.xpm_fifo_base_inst/gen_cdc_pntr.rd_pntr_cdc_inst/async_path[3]
    SLICE_X14Y3          FDRE                                         r  ethlite_i/ethlite_i/U0/XEMAC_I/EMAC_I/RX/INST_RX_INTRFCE/I_RX_FIFO/gnuram_async_fifo.xpm_fifo_base_inst/gen_cdc_pntr.rd_pntr_cdc_inst/dest_graysync_ff_reg[0][3]/D
  -------------------------------------------------------------------    -------------------

                         (clock eth_rx_clk rise edge)
                                                      0.000     0.000 r  
    F15                                               0.000     0.000 r  eth_rx_clk (IN)
                         net (fo=0)                   0.000     0.000    ethlite_i/ethlite_i/U0/phy_rx_clk
    F15                  IBUF (Prop_ibuf_I_O)         1.403     1.403 r  ethlite_i/ethlite_i/U0/NO_LOOPBACK_GEN.INCLUDE_BUFG_GEN.RX_IBUF_INST/O
                         net (fo=1, routed)           1.911     3.314    ethlite_i/ethlite_i/U0/NO_LOOPBACK_GEN.INCLUDE_BUFG_GEN.RX_IBUF_INST_n_0
    BUFGCTRL_X0Y23       BUFG (Prop_bufg_I_O)         0.091     3.405 r  ethlite_i/ethlite_i/U0/NO_LOOPBACK_GEN.INCLUDE_BUFG_GEN.CLOCK_BUFG_RX/O
                         net (fo=98, routed)          1.692     5.097    ethlite_i/ethlite_i/U0/XEMAC_I/EMAC_I/RX/INST_RX_INTRFCE/I_RX_FIFO/gnuram_async_fifo.xpm_fifo_base_inst/gen_cdc_pntr.rd_pntr_cdc_inst/dest_clk
    SLICE_X14Y3          FDRE                                         r  ethlite_i/ethlite_i/U0/XEMAC_I/EMAC_I/RX/INST_RX_INTRFCE/I_RX_FIFO/gnuram_async_fifo.xpm_fifo_base_inst/gen_cdc_pntr.rd_pntr_cdc_inst/dest_graysync_ff_reg[0][3]/C
                         clock pessimism              0.000     5.097    
    SLICE_X14Y3          FDRE (Setup_fdre_C_D)       -0.045     5.052    ethlite_i/ethlite_i/U0/XEMAC_I/EMAC_I/RX/INST_RX_INTRFCE/I_RX_FIFO/gnuram_async_fifo.xpm_fifo_base_inst/gen_cdc_pntr.rd_pntr_cdc_inst/dest_graysync_ff_reg[0][3]
  -------------------------------------------------------------------
                         data arrival                           0.375    
                         clock arrival                          5.052    
  -------------------------------------------------------------------
                         relative delay                        -4.676    

Reference path:
    Location             Delay type                Incr(ns)  Path(ns)    Netlist Resource(s)
  -------------------------------------------------------------------    -------------------
                         (clock clk_out5_clk_wiz_0 rise edge)
                                                      0.000     0.000 r  
    E3                                                0.000     0.000 r  sys_clock (IN)
                         net (fo=0)                   0.000     0.000    clk_wiz_inst/inst/clk_in1
    E3                   IBUF (Prop_ibuf_I_O)         1.411     1.411 r  clk_wiz_inst/inst/clkin1_ibufg/O
                         net (fo=1, routed)           1.162     2.573    clk_wiz_inst/inst/clk_in1_clk_wiz_0
    MMCME2_ADV_X1Y2      MMCME2_ADV (Prop_mmcme2_adv_CLKIN1_CLKOUT4)
                                                     -7.324    -4.751 r  clk_wiz_inst/inst/mmcm_adv_inst/CLKOUT4
                         net (fo=1, routed)           1.639    -3.112    clk_wiz_inst/inst/clk_out5_clk_wiz_0
    BUFGCTRL_X0Y19       BUFG (Prop_bufg_I_O)         0.091    -3.021 r  clk_wiz_inst/inst/clkout5_buf/O
                         net (fo=56319, routed)       1.693    -1.328    ethlite_i/ethlite_i/U0/XEMAC_I/EMAC_I/RX/INST_RX_INTRFCE/I_RX_FIFO/gnuram_async_fifo.xpm_fifo_base_inst/gen_cdc_pntr.rd_pntr_cdc_inst/src_clk
    SLICE_X11Y3          FDRE                                         r  ethlite_i/ethlite_i/U0/XEMAC_I/EMAC_I/RX/INST_RX_INTRFCE/I_RX_FIFO/gnuram_async_fifo.xpm_fifo_base_inst/gen_cdc_pntr.rd_pntr_cdc_inst/src_gray_ff_reg[2]/C
  -------------------------------------------------------------------    -------------------
    SLICE_X11Y3          FDRE (Prop_fdre_C_Q)         0.367    -0.961 r  ethlite_i/ethlite_i/U0/XEMAC_I/EMAC_I/RX/INST_RX_INTRFCE/I_RX_FIFO/gnuram_async_fifo.xpm_fifo_base_inst/gen_cdc_pntr.rd_pntr_cdc_inst/src_gray_ff_reg[2]/Q
                         net (fo=1, routed)           0.250    -0.710    ethlite_i/ethlite_i/U0/XEMAC_I/EMAC_I/RX/INST_RX_INTRFCE/I_RX_FIFO/gnuram_async_fifo.xpm_fifo_base_inst/gen_cdc_pntr.rd_pntr_cdc_inst/async_path[2]
    SLICE_X10Y2          FDRE                                         r  ethlite_i/ethlite_i/U0/XEMAC_I/EMAC_I/RX/INST_RX_INTRFCE/I_RX_FIFO/gnuram_async_fifo.xpm_fifo_base_inst/gen_cdc_pntr.rd_pntr_cdc_inst/dest_graysync_ff_reg[0][2]/D
  -------------------------------------------------------------------    -------------------

                         (clock eth_rx_clk rise edge)
                                                      0.000     0.000 r  
    F15                                               0.000     0.000 r  eth_rx_clk (IN)
                         net (fo=0)                   0.000     0.000    ethlite_i/ethlite_i/U0/phy_rx_clk
    F15                  IBUF (Prop_ibuf_I_O)         1.473     1.473 r  ethlite_i/ethlite_i/U0/NO_LOOPBACK_GEN.INCLUDE_BUFG_GEN.RX_IBUF_INST/O
                         net (fo=1, routed)           2.016     3.488    ethlite_i/ethlite_i/U0/NO_LOOPBACK_GEN.INCLUDE_BUFG_GEN.RX_IBUF_INST_n_0
    BUFGCTRL_X0Y23       BUFG (Prop_bufg_I_O)         0.096     3.584 r  ethlite_i/ethlite_i/U0/NO_LOOPBACK_GEN.INCLUDE_BUFG_GEN.CLOCK_BUFG_RX/O
                         net (fo=98, routed)          1.821     5.406    ethlite_i/ethlite_i/U0/XEMAC_I/EMAC_I/RX/INST_RX_INTRFCE/I_RX_FIFO/gnuram_async_fifo.xpm_fifo_base_inst/gen_cdc_pntr.rd_pntr_cdc_inst/dest_clk
    SLICE_X10Y2          FDRE                                         r  ethlite_i/ethlite_i/U0/XEMAC_I/EMAC_I/RX/INST_RX_INTRFCE/I_RX_FIFO/gnuram_async_fifo.xpm_fifo_base_inst/gen_cdc_pntr.rd_pntr_cdc_inst/dest_graysync_ff_reg[0][2]/C
                         clock pessimism              0.000     5.406    
    SLICE_X10Y2          FDRE (Hold_fdre_C_D)         0.231     5.637    ethlite_i/ethlite_i/U0/XEMAC_I/EMAC_I/RX/INST_RX_INTRFCE/I_RX_FIFO/gnuram_async_fifo.xpm_fifo_base_inst/gen_cdc_pntr.rd_pntr_cdc_inst/dest_graysync_ff_reg[0][2]
  -------------------------------------------------------------------
                         data arrival                          -0.710    
                         clock arrival                          5.637    
  -------------------------------------------------------------------
                         relative delay                        -6.347    



Id: 4
set_bus_skew -from [get_cells [list {ethlite_i/ethlite_i/U0/XEMAC_I/EMAC_I/TX/INST_TX_INTRFCE/I_TX_FIFO/gnuram_async_fifo.xpm_fifo_base_inst/gen_cdc_pntr.wr_pntr_cdc_inst/src_gray_ff_reg[0]} {ethlite_i/ethlite_i/U0/XEMAC_I/EMAC_I/TX/INST_TX_INTRFCE/I_TX_FIFO/gnuram_async_fifo.xpm_fifo_base_inst/gen_cdc_pntr.wr_pntr_cdc_inst/src_gray_ff_reg[1]} {ethlite_i/ethlite_i/U0/XEMAC_I/EMAC_I/TX/INST_TX_INTRFCE/I_TX_FIFO/gnuram_async_fifo.xpm_fifo_base_inst/gen_cdc_pntr.wr_pntr_cdc_inst/src_gray_ff_reg[2]} {ethlite_i/ethlite_i/U0/XEMAC_I/EMAC_I/TX/INST_TX_INTRFCE/I_TX_FIFO/gnuram_async_fifo.xpm_fifo_base_inst/gen_cdc_pntr.wr_pntr_cdc_inst/src_gray_ff_reg[3]}]] -to [get_cells [list {ethlite_i/ethlite_i/U0/XEMAC_I/EMAC_I/TX/INST_TX_INTRFCE/I_TX_FIFO/gnuram_async_fifo.xpm_fifo_base_inst/gen_cdc_pntr.wr_pntr_cdc_inst/dest_graysync_ff_reg[0][0]} {ethlite_i/ethlite_i/U0/XEMAC_I/EMAC_I/TX/INST_TX_INTRFCE/I_TX_FIFO/gnuram_async_fifo.xpm_fifo_base_inst/gen_cdc_pntr.wr_pntr_cdc_inst/dest_graysync_ff_reg[0][1]} {ethlite_i/ethlite_i/U0/XEMAC_I/EMAC_I/TX/INST_TX_INTRFCE/I_TX_FIFO/gnuram_async_fifo.xpm_fifo_base_inst/gen_cdc_pntr.wr_pntr_cdc_inst/dest_graysync_ff_reg[0][2]} {ethlite_i/ethlite_i/U0/XEMAC_I/EMAC_I/TX/INST_TX_INTRFCE/I_TX_FIFO/gnuram_async_fifo.xpm_fifo_base_inst/gen_cdc_pntr.wr_pntr_cdc_inst/dest_graysync_ff_reg[0][3]}]] 8.000
Requirement: 8.000ns
Endpoints: 4

From Clock            To Clock              Endpoint Pin                    Reference Pin                   Corner  Actual(ns)  Slack(ns)
--------------------  --------------------  ------------------------------  ------------------------------  ------  ----------  ---------
clk_out5_clk_wiz_0    eth_tx_clk            ethlite_i/ethlite_i/U0/XEMAC_I/EMAC_I/TX/INST_TX_INTRFCE/I_TX_FIFO/gnuram_async_fifo.xpm_fifo_base_inst/gen_cdc_pntr.wr_pntr_cdc_inst/dest_graysync_ff_reg[0][1]/D
                                                                            ethlite_i/ethlite_i/U0/XEMAC_I/EMAC_I/TX/INST_TX_INTRFCE/I_TX_FIFO/gnuram_async_fifo.xpm_fifo_base_inst/gen_cdc_pntr.wr_pntr_cdc_inst/dest_graysync_ff_reg[0][3]/D
                                                                                                            Slow         0.649      7.351


Slack (MET) :             7.351ns  (requirement - actual skew)
  Endpoint Source:        ethlite_i/ethlite_i/U0/XEMAC_I/EMAC_I/TX/INST_TX_INTRFCE/I_TX_FIFO/gnuram_async_fifo.xpm_fifo_base_inst/gen_cdc_pntr.wr_pntr_cdc_inst/src_gray_ff_reg[1]/C
                            (rising edge-triggered cell FDRE clocked by clk_out5_clk_wiz_0)
  Endpoint Destination:   ethlite_i/ethlite_i/U0/XEMAC_I/EMAC_I/TX/INST_TX_INTRFCE/I_TX_FIFO/gnuram_async_fifo.xpm_fifo_base_inst/gen_cdc_pntr.wr_pntr_cdc_inst/dest_graysync_ff_reg[0][1]/D
                            (rising edge-triggered cell FDRE clocked by eth_tx_clk)
  Reference Source:       ethlite_i/ethlite_i/U0/XEMAC_I/EMAC_I/TX/INST_TX_INTRFCE/I_TX_FIFO/gnuram_async_fifo.xpm_fifo_base_inst/gen_cdc_pntr.wr_pntr_cdc_inst/src_gray_ff_reg[3]/C
                            (rising edge-triggered cell FDRE clocked by clk_out5_clk_wiz_0)
  Reference Destination:  ethlite_i/ethlite_i/U0/XEMAC_I/EMAC_I/TX/INST_TX_INTRFCE/I_TX_FIFO/gnuram_async_fifo.xpm_fifo_base_inst/gen_cdc_pntr.wr_pntr_cdc_inst/dest_graysync_ff_reg[0][3]/D
                            (rising edge-triggered cell FDRE clocked by eth_tx_clk)
  Path Type:              Bus Skew (Max at Slow Process Corner)
  Requirement:            8.000ns
  Endpoint Relative Delay:   -4.527ns
  Reference Relative Delay:  -6.030ns
  Relative CRPR:              0.853ns
  Actual Bus Skew:            0.649ns  (Endpoint Relative Delay - Reference Relative Delay - Relative CRPR)

Endpoint path:
    Location             Delay type                Incr(ns)  Path(ns)    Netlist Resource(s)
  -------------------------------------------------------------------    -------------------
                         (clock clk_out5_clk_wiz_0 rise edge)
                                                      0.000     0.000 r  
    E3                                                0.000     0.000 r  sys_clock (IN)
                         net (fo=0)                   0.000     0.000    clk_wiz_inst/inst/clk_in1
    E3                   IBUF (Prop_ibuf_I_O)         1.482     1.482 r  clk_wiz_inst/inst/clkin1_ibufg/O
                         net (fo=1, routed)           1.233     2.715    clk_wiz_inst/inst/clk_in1_clk_wiz_0
    MMCME2_ADV_X1Y2      MMCME2_ADV (Prop_mmcme2_adv_CLKIN1_CLKOUT4)
                                                     -7.070    -4.355 r  clk_wiz_inst/inst/mmcm_adv_inst/CLKOUT4
                         net (fo=1, routed)           1.719    -2.636    clk_wiz_inst/inst/clk_out5_clk_wiz_0
    BUFGCTRL_X0Y19       BUFG (Prop_bufg_I_O)         0.096    -2.540 r  clk_wiz_inst/inst/clkout5_buf/O
                         net (fo=56319, routed)       1.816    -0.724    ethlite_i/ethlite_i/U0/XEMAC_I/EMAC_I/TX/INST_TX_INTRFCE/I_TX_FIFO/gnuram_async_fifo.xpm_fifo_base_inst/gen_cdc_pntr.wr_pntr_cdc_inst/src_clk
    SLICE_X28Y2          FDRE                                         r  ethlite_i/ethlite_i/U0/XEMAC_I/EMAC_I/TX/INST_TX_INTRFCE/I_TX_FIFO/gnuram_async_fifo.xpm_fifo_base_inst/gen_cdc_pntr.wr_pntr_cdc_inst/src_gray_ff_reg[1]/C
  -------------------------------------------------------------------    -------------------
    SLICE_X28Y2          FDRE (Prop_fdre_C_Q)         0.419    -0.305 r  ethlite_i/ethlite_i/U0/XEMAC_I/EMAC_I/TX/INST_TX_INTRFCE/I_TX_FIFO/gnuram_async_fifo.xpm_fifo_base_inst/gen_cdc_pntr.wr_pntr_cdc_inst/src_gray_ff_reg[1]/Q
                         net (fo=1, routed)           0.604     0.299    ethlite_i/ethlite_i/U0/XEMAC_I/EMAC_I/TX/INST_TX_INTRFCE/I_TX_FIFO/gnuram_async_fifo.xpm_fifo_base_inst/gen_cdc_pntr.wr_pntr_cdc_inst/async_path[1]
    SLICE_X26Y2          FDRE                                         r  ethlite_i/ethlite_i/U0/XEMAC_I/EMAC_I/TX/INST_TX_INTRFCE/I_TX_FIFO/gnuram_async_fifo.xpm_fifo_base_inst/gen_cdc_pntr.wr_pntr_cdc_inst/dest_graysync_ff_reg[0][1]/D
  -------------------------------------------------------------------    -------------------

                         (clock eth_tx_clk rise edge)
                                                      0.000     0.000 r  
    H16                                               0.000     0.000 r  eth_tx_clk (IN)
                         net (fo=0)                   0.000     0.000    ethlite_i/ethlite_i/U0/phy_tx_clk
    H16                  IBUF (Prop_ibuf_I_O)         1.401     1.401 r  ethlite_i/ethlite_i/U0/NO_LOOPBACK_GEN.INCLUDE_BUFG_GEN.TX_IBUF_INST/O
                         net (fo=1, routed)           1.911     3.312    ethlite_i/ethlite_i/U0/o
    BUFGCTRL_X0Y24       BUFG (Prop_bufg_I_O)         0.091     3.403 r  ethlite_i/ethlite_i/U0/NO_LOOPBACK_GEN.INCLUDE_BUFG_GEN.CLOCK_BUFG_TX/O
                         net (fo=96, routed)          1.689     5.092    ethlite_i/ethlite_i/U0/XEMAC_I/EMAC_I/TX/INST_TX_INTRFCE/I_TX_FIFO/gnuram_async_fifo.xpm_fifo_base_inst/gen_cdc_pntr.wr_pntr_cdc_inst/dest_clk
    SLICE_X26Y2          FDRE                                         r  ethlite_i/ethlite_i/U0/XEMAC_I/EMAC_I/TX/INST_TX_INTRFCE/I_TX_FIFO/gnuram_async_fifo.xpm_fifo_base_inst/gen_cdc_pntr.wr_pntr_cdc_inst/dest_graysync_ff_reg[0][1]/C
                         clock pessimism              0.000     5.092    
    SLICE_X26Y2          FDRE (Setup_fdre_C_D)       -0.265     4.827    ethlite_i/ethlite_i/U0/XEMAC_I/EMAC_I/TX/INST_TX_INTRFCE/I_TX_FIFO/gnuram_async_fifo.xpm_fifo_base_inst/gen_cdc_pntr.wr_pntr_cdc_inst/dest_graysync_ff_reg[0][1]
  -------------------------------------------------------------------
                         data arrival                           0.299    
                         clock arrival                          4.827    
  -------------------------------------------------------------------
                         relative delay                        -4.527    

Reference path:
    Location             Delay type                Incr(ns)  Path(ns)    Netlist Resource(s)
  -------------------------------------------------------------------    -------------------
                         (clock clk_out5_clk_wiz_0 rise edge)
                                                      0.000     0.000 r  
    E3                                                0.000     0.000 r  sys_clock (IN)
                         net (fo=0)                   0.000     0.000    clk_wiz_inst/inst/clk_in1
    E3                   IBUF (Prop_ibuf_I_O)         1.411     1.411 r  clk_wiz_inst/inst/clkin1_ibufg/O
                         net (fo=1, routed)           1.162     2.573    clk_wiz_inst/inst/clk_in1_clk_wiz_0
    MMCME2_ADV_X1Y2      MMCME2_ADV (Prop_mmcme2_adv_CLKIN1_CLKOUT4)
                                                     -7.324    -4.751 r  clk_wiz_inst/inst/mmcm_adv_inst/CLKOUT4
                         net (fo=1, routed)           1.639    -3.112    clk_wiz_inst/inst/clk_out5_clk_wiz_0
    BUFGCTRL_X0Y19       BUFG (Prop_bufg_I_O)         0.091    -3.021 r  clk_wiz_inst/inst/clkout5_buf/O
                         net (fo=56319, routed)       1.689    -1.332    ethlite_i/ethlite_i/U0/XEMAC_I/EMAC_I/TX/INST_TX_INTRFCE/I_TX_FIFO/gnuram_async_fifo.xpm_fifo_base_inst/gen_cdc_pntr.wr_pntr_cdc_inst/src_clk
    SLICE_X25Y0          FDRE                                         r  ethlite_i/ethlite_i/U0/XEMAC_I/EMAC_I/TX/INST_TX_INTRFCE/I_TX_FIFO/gnuram_async_fifo.xpm_fifo_base_inst/gen_cdc_pntr.wr_pntr_cdc_inst/src_gray_ff_reg[3]/C
  -------------------------------------------------------------------    -------------------
    SLICE_X25Y0          FDRE (Prop_fdre_C_Q)         0.337    -0.995 r  ethlite_i/ethlite_i/U0/XEMAC_I/EMAC_I/TX/INST_TX_INTRFCE/I_TX_FIFO/gnuram_async_fifo.xpm_fifo_base_inst/gen_cdc_pntr.wr_pntr_cdc_inst/src_gray_ff_reg[3]/Q
                         net (fo=1, routed)           0.396    -0.599    ethlite_i/ethlite_i/U0/XEMAC_I/EMAC_I/TX/INST_TX_INTRFCE/I_TX_FIFO/gnuram_async_fifo.xpm_fifo_base_inst/gen_cdc_pntr.wr_pntr_cdc_inst/async_path[3]
    SLICE_X25Y1          FDRE                                         r  ethlite_i/ethlite_i/U0/XEMAC_I/EMAC_I/TX/INST_TX_INTRFCE/I_TX_FIFO/gnuram_async_fifo.xpm_fifo_base_inst/gen_cdc_pntr.wr_pntr_cdc_inst/dest_graysync_ff_reg[0][3]/D
  -------------------------------------------------------------------    -------------------

                         (clock eth_tx_clk rise edge)
                                                      0.000     0.000 r  
    H16                                               0.000     0.000 r  eth_tx_clk (IN)
                         net (fo=0)                   0.000     0.000    ethlite_i/ethlite_i/U0/phy_tx_clk
    H16                  IBUF (Prop_ibuf_I_O)         1.471     1.471 r  ethlite_i/ethlite_i/U0/NO_LOOPBACK_GEN.INCLUDE_BUFG_GEN.TX_IBUF_INST/O
                         net (fo=1, routed)           2.016     3.487    ethlite_i/ethlite_i/U0/o
    BUFGCTRL_X0Y24       BUFG (Prop_bufg_I_O)         0.096     3.583 r  ethlite_i/ethlite_i/U0/NO_LOOPBACK_GEN.INCLUDE_BUFG_GEN.CLOCK_BUFG_TX/O
                         net (fo=96, routed)          1.819     5.402    ethlite_i/ethlite_i/U0/XEMAC_I/EMAC_I/TX/INST_TX_INTRFCE/I_TX_FIFO/gnuram_async_fifo.xpm_fifo_base_inst/gen_cdc_pntr.wr_pntr_cdc_inst/dest_clk
    SLICE_X25Y1          FDRE                                         r  ethlite_i/ethlite_i/U0/XEMAC_I/EMAC_I/TX/INST_TX_INTRFCE/I_TX_FIFO/gnuram_async_fifo.xpm_fifo_base_inst/gen_cdc_pntr.wr_pntr_cdc_inst/dest_graysync_ff_reg[0][3]/C
                         clock pessimism              0.000     5.402    
    SLICE_X25Y1          FDRE (Hold_fdre_C_D)         0.029     5.431    ethlite_i/ethlite_i/U0/XEMAC_I/EMAC_I/TX/INST_TX_INTRFCE/I_TX_FIFO/gnuram_async_fifo.xpm_fifo_base_inst/gen_cdc_pntr.wr_pntr_cdc_inst/dest_graysync_ff_reg[0][3]
  -------------------------------------------------------------------
                         data arrival                          -0.599    
                         clock arrival                          5.431    
  -------------------------------------------------------------------
                         relative delay                        -6.030    



Id: 5
set_bus_skew -from [get_cells [list {ethlite_i/ethlite_i/U0/XEMAC_I/EMAC_I/TX/INST_TX_INTRFCE/I_TX_FIFO/gnuram_async_fifo.xpm_fifo_base_inst/gen_cdc_pntr.rd_pntr_cdc_dc_inst/src_gray_ff_reg[0]} {ethlite_i/ethlite_i/U0/XEMAC_I/EMAC_I/TX/INST_TX_INTRFCE/I_TX_FIFO/gnuram_async_fifo.xpm_fifo_base_inst/gen_cdc_pntr.rd_pntr_cdc_dc_inst/src_gray_ff_reg[1]} {ethlite_i/ethlite_i/U0/XEMAC_I/EMAC_I/TX/INST_TX_INTRFCE/I_TX_FIFO/gnuram_async_fifo.xpm_fifo_base_inst/gen_cdc_pntr.rd_pntr_cdc_dc_inst/src_gray_ff_reg[2]} {ethlite_i/ethlite_i/U0/XEMAC_I/EMAC_I/TX/INST_TX_INTRFCE/I_TX_FIFO/gnuram_async_fifo.xpm_fifo_base_inst/gen_cdc_pntr.rd_pntr_cdc_dc_inst/src_gray_ff_reg[3]} {ethlite_i/ethlite_i/U0/XEMAC_I/EMAC_I/TX/INST_TX_INTRFCE/I_TX_FIFO/gnuram_async_fifo.xpm_fifo_base_inst/gen_cdc_pntr.rd_pntr_cdc_dc_inst/src_gray_ff_reg[4]}]] -to [get_cells [list {ethlite_i/ethlite_i/U0/XEMAC_I/EMAC_I/TX/INST_TX_INTRFCE/I_TX_FIFO/gnuram_async_fifo.xpm_fifo_base_inst/gen_cdc_pntr.rd_pntr_cdc_dc_inst/dest_graysync_ff_reg[0][0]} {ethlite_i/ethlite_i/U0/XEMAC_I/EMAC_I/TX/INST_TX_INTRFCE/I_TX_FIFO/gnuram_async_fifo.xpm_fifo_base_inst/gen_cdc_pntr.rd_pntr_cdc_dc_inst/dest_graysync_ff_reg[0][1]} {ethlite_i/ethlite_i/U0/XEMAC_I/EMAC_I/TX/INST_TX_INTRFCE/I_TX_FIFO/gnuram_async_fifo.xpm_fifo_base_inst/gen_cdc_pntr.rd_pntr_cdc_dc_inst/dest_graysync_ff_reg[0][2]} {ethlite_i/ethlite_i/U0/XEMAC_I/EMAC_I/TX/INST_TX_INTRFCE/I_TX_FIFO/gnuram_async_fifo.xpm_fifo_base_inst/gen_cdc_pntr.rd_pntr_cdc_dc_inst/dest_graysync_ff_reg[0][3]} {ethlite_i/ethlite_i/U0/XEMAC_I/EMAC_I/TX/INST_TX_INTRFCE/I_TX_FIFO/gnuram_async_fifo.xpm_fifo_base_inst/gen_cdc_pntr.rd_pntr_cdc_dc_inst/dest_graysync_ff_reg[0][4]}]] 8.000
Requirement: 8.000ns
Endpoints: 5

From Clock            To Clock              Endpoint Pin                    Reference Pin                   Corner  Actual(ns)  Slack(ns)
--------------------  --------------------  ------------------------------  ------------------------------  ------  ----------  ---------
eth_tx_clk            clk_out5_clk_wiz_0_1  ethlite_i/ethlite_i/U0/XEMAC_I/EMAC_I/TX/INST_TX_INTRFCE/I_TX_FIFO/gnuram_async_fifo.xpm_fifo_base_inst/gen_cdc_pntr.rd_pntr_cdc_dc_inst/dest_graysync_ff_reg[0][4]/D
                                                                            ethlite_i/ethlite_i/U0/XEMAC_I/EMAC_I/TX/INST_TX_INTRFCE/I_TX_FIFO/gnuram_async_fifo.xpm_fifo_base_inst/gen_cdc_pntr.rd_pntr_cdc_dc_inst/dest_graysync_ff_reg[0][2]/D
                                                                                                            Slow         0.605      7.395


Slack (MET) :             7.395ns  (requirement - actual skew)
  Endpoint Source:        ethlite_i/ethlite_i/U0/XEMAC_I/EMAC_I/TX/INST_TX_INTRFCE/I_TX_FIFO/gnuram_async_fifo.xpm_fifo_base_inst/gen_cdc_pntr.rd_pntr_cdc_dc_inst/src_gray_ff_reg[4]/C
                            (rising edge-triggered cell FDRE clocked by eth_tx_clk)
  Endpoint Destination:   ethlite_i/ethlite_i/U0/XEMAC_I/EMAC_I/TX/INST_TX_INTRFCE/I_TX_FIFO/gnuram_async_fifo.xpm_fifo_base_inst/gen_cdc_pntr.rd_pntr_cdc_dc_inst/dest_graysync_ff_reg[0][4]/D
                            (rising edge-triggered cell FDRE clocked by clk_out5_clk_wiz_0_1)
  Reference Source:       ethlite_i/ethlite_i/U0/XEMAC_I/EMAC_I/TX/INST_TX_INTRFCE/I_TX_FIFO/gnuram_async_fifo.xpm_fifo_base_inst/gen_cdc_pntr.rd_pntr_cdc_dc_inst/src_gray_ff_reg[2]/C
                            (rising edge-triggered cell FDRE clocked by eth_tx_clk)
  Reference Destination:  ethlite_i/ethlite_i/U0/XEMAC_I/EMAC_I/TX/INST_TX_INTRFCE/I_TX_FIFO/gnuram_async_fifo.xpm_fifo_base_inst/gen_cdc_pntr.rd_pntr_cdc_dc_inst/dest_graysync_ff_reg[0][2]/D
                            (rising edge-triggered cell FDRE clocked by clk_out5_clk_wiz_0_1)
  Path Type:              Bus Skew (Max at Slow Process Corner)
  Requirement:            8.000ns
  Endpoint Relative Delay:    7.890ns
  Reference Relative Delay:   6.449ns
  Relative CRPR:              0.835ns
  Actual Bus Skew:            0.605ns  (Endpoint Relative Delay - Reference Relative Delay - Relative CRPR)

Endpoint path:
    Location             Delay type                Incr(ns)  Path(ns)    Netlist Resource(s)
  -------------------------------------------------------------------    -------------------
                         (clock eth_tx_clk rise edge)
                                                      0.000     0.000 r  
    H16                                               0.000     0.000 r  eth_tx_clk (IN)
                         net (fo=0)                   0.000     0.000    ethlite_i/ethlite_i/U0/phy_tx_clk
    H16                  IBUF (Prop_ibuf_I_O)         1.471     1.471 r  ethlite_i/ethlite_i/U0/NO_LOOPBACK_GEN.INCLUDE_BUFG_GEN.TX_IBUF_INST/O
                         net (fo=1, routed)           2.016     3.487    ethlite_i/ethlite_i/U0/o
    BUFGCTRL_X0Y24       BUFG (Prop_bufg_I_O)         0.096     3.583 r  ethlite_i/ethlite_i/U0/NO_LOOPBACK_GEN.INCLUDE_BUFG_GEN.CLOCK_BUFG_TX/O
                         net (fo=96, routed)          1.819     5.402    ethlite_i/ethlite_i/U0/XEMAC_I/EMAC_I/TX/INST_TX_INTRFCE/I_TX_FIFO/gnuram_async_fifo.xpm_fifo_base_inst/gen_cdc_pntr.rd_pntr_cdc_dc_inst/src_clk
    SLICE_X25Y1          FDRE                                         r  ethlite_i/ethlite_i/U0/XEMAC_I/EMAC_I/TX/INST_TX_INTRFCE/I_TX_FIFO/gnuram_async_fifo.xpm_fifo_base_inst/gen_cdc_pntr.rd_pntr_cdc_dc_inst/src_gray_ff_reg[4]/C
  -------------------------------------------------------------------    -------------------
    SLICE_X25Y1          FDRE (Prop_fdre_C_Q)         0.456     5.858 r  ethlite_i/ethlite_i/U0/XEMAC_I/EMAC_I/TX/INST_TX_INTRFCE/I_TX_FIFO/gnuram_async_fifo.xpm_fifo_base_inst/gen_cdc_pntr.rd_pntr_cdc_dc_inst/src_gray_ff_reg[4]/Q
                         net (fo=1, routed)           0.606     6.464    ethlite_i/ethlite_i/U0/XEMAC_I/EMAC_I/TX/INST_TX_INTRFCE/I_TX_FIFO/gnuram_async_fifo.xpm_fifo_base_inst/gen_cdc_pntr.rd_pntr_cdc_dc_inst/async_path[4]
    SLICE_X23Y1          FDRE                                         r  ethlite_i/ethlite_i/U0/XEMAC_I/EMAC_I/TX/INST_TX_INTRFCE/I_TX_FIFO/gnuram_async_fifo.xpm_fifo_base_inst/gen_cdc_pntr.rd_pntr_cdc_dc_inst/dest_graysync_ff_reg[0][4]/D
  -------------------------------------------------------------------    -------------------

                         (clock clk_out5_clk_wiz_0_1 rise edge)
                                                      0.000     0.000 r  
    E3                                                0.000     0.000 r  sys_clock (IN)
                         net (fo=0)                   0.000     0.000    clk_wiz_inst/inst/clk_in1
    E3                   IBUF (Prop_ibuf_I_O)         1.411     1.411 r  clk_wiz_inst/inst/clkin1_ibufg/O
                         net (fo=1, routed)           1.162     2.573    clk_wiz_inst/inst/clk_in1_clk_wiz_0
    MMCME2_ADV_X1Y2      MMCME2_ADV (Prop_mmcme2_adv_CLKIN1_CLKOUT4)
                                                     -7.324    -4.751 r  clk_wiz_inst/inst/mmcm_adv_inst/CLKOUT4
                         net (fo=1, routed)           1.639    -3.112    clk_wiz_inst/inst/clk_out5_clk_wiz_0
    BUFGCTRL_X0Y19       BUFG (Prop_bufg_I_O)         0.091    -3.021 r  clk_wiz_inst/inst/clkout5_buf/O
                         net (fo=56319, routed)       1.690    -1.331    ethlite_i/ethlite_i/U0/XEMAC_I/EMAC_I/TX/INST_TX_INTRFCE/I_TX_FIFO/gnuram_async_fifo.xpm_fifo_base_inst/gen_cdc_pntr.rd_pntr_cdc_dc_inst/dest_clk
    SLICE_X23Y1          FDRE                                         r  ethlite_i/ethlite_i/U0/XEMAC_I/EMAC_I/TX/INST_TX_INTRFCE/I_TX_FIFO/gnuram_async_fifo.xpm_fifo_base_inst/gen_cdc_pntr.rd_pntr_cdc_dc_inst/dest_graysync_ff_reg[0][4]/C
                         clock pessimism              0.000    -1.331    
    SLICE_X23Y1          FDRE (Setup_fdre_C_D)       -0.095    -1.426    ethlite_i/ethlite_i/U0/XEMAC_I/EMAC_I/TX/INST_TX_INTRFCE/I_TX_FIFO/gnuram_async_fifo.xpm_fifo_base_inst/gen_cdc_pntr.rd_pntr_cdc_dc_inst/dest_graysync_ff_reg[0][4]
  -------------------------------------------------------------------
                         data arrival                           6.464    
                         clock arrival                         -1.426    
  -------------------------------------------------------------------
                         relative delay                         7.890    

Reference path:
    Location             Delay type                Incr(ns)  Path(ns)    Netlist Resource(s)
  -------------------------------------------------------------------    -------------------
                         (clock eth_tx_clk rise edge)
                                                      0.000     0.000 r  
    H16                                               0.000     0.000 r  eth_tx_clk (IN)
                         net (fo=0)                   0.000     0.000    ethlite_i/ethlite_i/U0/phy_tx_clk
    H16                  IBUF (Prop_ibuf_I_O)         1.401     1.401 r  ethlite_i/ethlite_i/U0/NO_LOOPBACK_GEN.INCLUDE_BUFG_GEN.TX_IBUF_INST/O
                         net (fo=1, routed)           1.911     3.312    ethlite_i/ethlite_i/U0/o
    BUFGCTRL_X0Y24       BUFG (Prop_bufg_I_O)         0.091     3.403 r  ethlite_i/ethlite_i/U0/NO_LOOPBACK_GEN.INCLUDE_BUFG_GEN.CLOCK_BUFG_TX/O
                         net (fo=96, routed)          1.688     5.091    ethlite_i/ethlite_i/U0/XEMAC_I/EMAC_I/TX/INST_TX_INTRFCE/I_TX_FIFO/gnuram_async_fifo.xpm_fifo_base_inst/gen_cdc_pntr.rd_pntr_cdc_dc_inst/src_clk
    SLICE_X29Y2          FDRE                                         r  ethlite_i/ethlite_i/U0/XEMAC_I/EMAC_I/TX/INST_TX_INTRFCE/I_TX_FIFO/gnuram_async_fifo.xpm_fifo_base_inst/gen_cdc_pntr.rd_pntr_cdc_dc_inst/src_gray_ff_reg[2]/C
  -------------------------------------------------------------------    -------------------
    SLICE_X29Y2          FDRE (Prop_fdre_C_Q)         0.367     5.458 r  ethlite_i/ethlite_i/U0/XEMAC_I/EMAC_I/TX/INST_TX_INTRFCE/I_TX_FIFO/gnuram_async_fifo.xpm_fifo_base_inst/gen_cdc_pntr.rd_pntr_cdc_dc_inst/src_gray_ff_reg[2]/Q
                         net (fo=1, routed)           0.498     5.955    ethlite_i/ethlite_i/U0/XEMAC_I/EMAC_I/TX/INST_TX_INTRFCE/I_TX_FIFO/gnuram_async_fifo.xpm_fifo_base_inst/gen_cdc_pntr.rd_pntr_cdc_dc_inst/async_path[2]
    SLICE_X30Y1          FDRE                                         r  ethlite_i/ethlite_i/U0/XEMAC_I/EMAC_I/TX/INST_TX_INTRFCE/I_TX_FIFO/gnuram_async_fifo.xpm_fifo_base_inst/gen_cdc_pntr.rd_pntr_cdc_dc_inst/dest_graysync_ff_reg[0][2]/D
  -------------------------------------------------------------------    -------------------

                         (clock clk_out5_clk_wiz_0_1 rise edge)
                                                      0.000     0.000 r  
    E3                                                0.000     0.000 r  sys_clock (IN)
                         net (fo=0)                   0.000     0.000    clk_wiz_inst/inst/clk_in1
    E3                   IBUF (Prop_ibuf_I_O)         1.482     1.482 r  clk_wiz_inst/inst/clkin1_ibufg/O
                         net (fo=1, routed)           1.233     2.715    clk_wiz_inst/inst/clk_in1_clk_wiz_0
    MMCME2_ADV_X1Y2      MMCME2_ADV (Prop_mmcme2_adv_CLKIN1_CLKOUT4)
                                                     -7.070    -4.355 r  clk_wiz_inst/inst/mmcm_adv_inst/CLKOUT4
                         net (fo=1, routed)           1.719    -2.636    clk_wiz_inst/inst/clk_out5_clk_wiz_0
    BUFGCTRL_X0Y19       BUFG (Prop_bufg_I_O)         0.096    -2.540 r  clk_wiz_inst/inst/clkout5_buf/O
                         net (fo=56319, routed)       1.816    -0.724    ethlite_i/ethlite_i/U0/XEMAC_I/EMAC_I/TX/INST_TX_INTRFCE/I_TX_FIFO/gnuram_async_fifo.xpm_fifo_base_inst/gen_cdc_pntr.rd_pntr_cdc_dc_inst/dest_clk
    SLICE_X30Y1          FDRE                                         r  ethlite_i/ethlite_i/U0/XEMAC_I/EMAC_I/TX/INST_TX_INTRFCE/I_TX_FIFO/gnuram_async_fifo.xpm_fifo_base_inst/gen_cdc_pntr.rd_pntr_cdc_dc_inst/dest_graysync_ff_reg[0][2]/C
                         clock pessimism              0.000    -0.724    
    SLICE_X30Y1          FDRE (Hold_fdre_C_D)         0.230    -0.494    ethlite_i/ethlite_i/U0/XEMAC_I/EMAC_I/TX/INST_TX_INTRFCE/I_TX_FIFO/gnuram_async_fifo.xpm_fifo_base_inst/gen_cdc_pntr.rd_pntr_cdc_dc_inst/dest_graysync_ff_reg[0][2]
  -------------------------------------------------------------------
                         data arrival                           5.955    
                         clock arrival                         -0.494    
  -------------------------------------------------------------------
                         relative delay                         6.449    



Id: 6
set_bus_skew -from [get_cells [list {ethlite_i/ethlite_i/U0/XEMAC_I/EMAC_I/RX/INST_RX_INTRFCE/I_RX_FIFO/gnuram_async_fifo.xpm_fifo_base_inst/gen_cdc_pntr.wr_pntr_cdc_dc_inst/src_gray_ff_reg[0]} {ethlite_i/ethlite_i/U0/XEMAC_I/EMAC_I/RX/INST_RX_INTRFCE/I_RX_FIFO/gnuram_async_fifo.xpm_fifo_base_inst/gen_cdc_pntr.wr_pntr_cdc_dc_inst/src_gray_ff_reg[1]} {ethlite_i/ethlite_i/U0/XEMAC_I/EMAC_I/RX/INST_RX_INTRFCE/I_RX_FIFO/gnuram_async_fifo.xpm_fifo_base_inst/gen_cdc_pntr.wr_pntr_cdc_dc_inst/src_gray_ff_reg[2]} {ethlite_i/ethlite_i/U0/XEMAC_I/EMAC_I/RX/INST_RX_INTRFCE/I_RX_FIFO/gnuram_async_fifo.xpm_fifo_base_inst/gen_cdc_pntr.wr_pntr_cdc_dc_inst/src_gray_ff_reg[3]} {ethlite_i/ethlite_i/U0/XEMAC_I/EMAC_I/RX/INST_RX_INTRFCE/I_RX_FIFO/gnuram_async_fifo.xpm_fifo_base_inst/gen_cdc_pntr.wr_pntr_cdc_dc_inst/src_gray_ff_reg[4]}]] -to [get_cells [list {ethlite_i/ethlite_i/U0/XEMAC_I/EMAC_I/RX/INST_RX_INTRFCE/I_RX_FIFO/gnuram_async_fifo.xpm_fifo_base_inst/gen_cdc_pntr.wr_pntr_cdc_dc_inst/dest_graysync_ff_reg[0][0]} {ethlite_i/ethlite_i/U0/XEMAC_I/EMAC_I/RX/INST_RX_INTRFCE/I_RX_FIFO/gnuram_async_fifo.xpm_fifo_base_inst/gen_cdc_pntr.wr_pntr_cdc_dc_inst/dest_graysync_ff_reg[0][1]} {ethlite_i/ethlite_i/U0/XEMAC_I/EMAC_I/RX/INST_RX_INTRFCE/I_RX_FIFO/gnuram_async_fifo.xpm_fifo_base_inst/gen_cdc_pntr.wr_pntr_cdc_dc_inst/dest_graysync_ff_reg[0][2]} {ethlite_i/ethlite_i/U0/XEMAC_I/EMAC_I/RX/INST_RX_INTRFCE/I_RX_FIFO/gnuram_async_fifo.xpm_fifo_base_inst/gen_cdc_pntr.wr_pntr_cdc_dc_inst/dest_graysync_ff_reg[0][3]} {ethlite_i/ethlite_i/U0/XEMAC_I/EMAC_I/RX/INST_RX_INTRFCE/I_RX_FIFO/gnuram_async_fifo.xpm_fifo_base_inst/gen_cdc_pntr.wr_pntr_cdc_dc_inst/dest_graysync_ff_reg[0][4]}]] 8.000
Requirement: 8.000ns
Endpoints: 5

From Clock            To Clock              Endpoint Pin                    Reference Pin                   Corner  Actual(ns)  Slack(ns)
--------------------  --------------------  ------------------------------  ------------------------------  ------  ----------  ---------
eth_rx_clk            clk_out5_clk_wiz_0_1  ethlite_i/ethlite_i/U0/XEMAC_I/EMAC_I/RX/INST_RX_INTRFCE/I_RX_FIFO/gnuram_async_fifo.xpm_fifo_base_inst/gen_cdc_pntr.wr_pntr_cdc_dc_inst/dest_graysync_ff_reg[0][0]/D
                                                                            ethlite_i/ethlite_i/U0/XEMAC_I/EMAC_I/RX/INST_RX_INTRFCE/I_RX_FIFO/gnuram_async_fifo.xpm_fifo_base_inst/gen_cdc_pntr.wr_pntr_cdc_dc_inst/dest_graysync_ff_reg[0][2]/D
                                                                                                            Slow         1.090      6.910


Slack (MET) :             6.910ns  (requirement - actual skew)
  Endpoint Source:        ethlite_i/ethlite_i/U0/XEMAC_I/EMAC_I/RX/INST_RX_INTRFCE/I_RX_FIFO/gnuram_async_fifo.xpm_fifo_base_inst/gen_cdc_pntr.wr_pntr_cdc_dc_inst/src_gray_ff_reg[0]/C
                            (rising edge-triggered cell FDRE clocked by eth_rx_clk)
  Endpoint Destination:   ethlite_i/ethlite_i/U0/XEMAC_I/EMAC_I/RX/INST_RX_INTRFCE/I_RX_FIFO/gnuram_async_fifo.xpm_fifo_base_inst/gen_cdc_pntr.wr_pntr_cdc_dc_inst/dest_graysync_ff_reg[0][0]/D
                            (rising edge-triggered cell FDRE clocked by clk_out5_clk_wiz_0_1)
  Reference Source:       ethlite_i/ethlite_i/U0/XEMAC_I/EMAC_I/RX/INST_RX_INTRFCE/I_RX_FIFO/gnuram_async_fifo.xpm_fifo_base_inst/gen_cdc_pntr.wr_pntr_cdc_dc_inst/src_gray_ff_reg[2]/C
                            (rising edge-triggered cell FDRE clocked by eth_rx_clk)
  Reference Destination:  ethlite_i/ethlite_i/U0/XEMAC_I/EMAC_I/RX/INST_RX_INTRFCE/I_RX_FIFO/gnuram_async_fifo.xpm_fifo_base_inst/gen_cdc_pntr.wr_pntr_cdc_dc_inst/dest_graysync_ff_reg[0][2]/D
                            (rising edge-triggered cell FDRE clocked by clk_out5_clk_wiz_0_1)
  Path Type:              Bus Skew (Max at Slow Process Corner)
  Requirement:            8.000ns
  Endpoint Relative Delay:    8.434ns
  Reference Relative Delay:   6.469ns
  Relative CRPR:              0.875ns
  Actual Bus Skew:            1.090ns  (Endpoint Relative Delay - Reference Relative Delay - Relative CRPR)

Endpoint path:
    Location             Delay type                Incr(ns)  Path(ns)    Netlist Resource(s)
  -------------------------------------------------------------------    -------------------
                         (clock eth_rx_clk rise edge)
                                                      0.000     0.000 r  
    F15                                               0.000     0.000 r  eth_rx_clk (IN)
                         net (fo=0)                   0.000     0.000    ethlite_i/ethlite_i/U0/phy_rx_clk
    F15                  IBUF (Prop_ibuf_I_O)         1.473     1.473 r  ethlite_i/ethlite_i/U0/NO_LOOPBACK_GEN.INCLUDE_BUFG_GEN.RX_IBUF_INST/O
                         net (fo=1, routed)           2.016     3.488    ethlite_i/ethlite_i/U0/NO_LOOPBACK_GEN.INCLUDE_BUFG_GEN.RX_IBUF_INST_n_0
    BUFGCTRL_X0Y23       BUFG (Prop_bufg_I_O)         0.096     3.584 r  ethlite_i/ethlite_i/U0/NO_LOOPBACK_GEN.INCLUDE_BUFG_GEN.CLOCK_BUFG_RX/O
                         net (fo=98, routed)          1.820     5.405    ethlite_i/ethlite_i/U0/XEMAC_I/EMAC_I/RX/INST_RX_INTRFCE/I_RX_FIFO/gnuram_async_fifo.xpm_fifo_base_inst/gen_cdc_pntr.wr_pntr_cdc_dc_inst/src_clk
    SLICE_X10Y6          FDRE                                         r  ethlite_i/ethlite_i/U0/XEMAC_I/EMAC_I/RX/INST_RX_INTRFCE/I_RX_FIFO/gnuram_async_fifo.xpm_fifo_base_inst/gen_cdc_pntr.wr_pntr_cdc_dc_inst/src_gray_ff_reg[0]/C
  -------------------------------------------------------------------    -------------------
    SLICE_X10Y6          FDRE (Prop_fdre_C_Q)         0.518     5.923 r  ethlite_i/ethlite_i/U0/XEMAC_I/EMAC_I/RX/INST_RX_INTRFCE/I_RX_FIFO/gnuram_async_fifo.xpm_fifo_base_inst/gen_cdc_pntr.wr_pntr_cdc_dc_inst/src_gray_ff_reg[0]/Q
                         net (fo=1, routed)           1.123     7.046    ethlite_i/ethlite_i/U0/XEMAC_I/EMAC_I/RX/INST_RX_INTRFCE/I_RX_FIFO/gnuram_async_fifo.xpm_fifo_base_inst/gen_cdc_pntr.wr_pntr_cdc_dc_inst/async_path[0]
    SLICE_X8Y7           FDRE                                         r  ethlite_i/ethlite_i/U0/XEMAC_I/EMAC_I/RX/INST_RX_INTRFCE/I_RX_FIFO/gnuram_async_fifo.xpm_fifo_base_inst/gen_cdc_pntr.wr_pntr_cdc_dc_inst/dest_graysync_ff_reg[0][0]/D
  -------------------------------------------------------------------    -------------------

                         (clock clk_out5_clk_wiz_0_1 rise edge)
                                                      0.000     0.000 r  
    E3                                                0.000     0.000 r  sys_clock (IN)
                         net (fo=0)                   0.000     0.000    clk_wiz_inst/inst/clk_in1
    E3                   IBUF (Prop_ibuf_I_O)         1.411     1.411 r  clk_wiz_inst/inst/clkin1_ibufg/O
                         net (fo=1, routed)           1.162     2.573    clk_wiz_inst/inst/clk_in1_clk_wiz_0
    MMCME2_ADV_X1Y2      MMCME2_ADV (Prop_mmcme2_adv_CLKIN1_CLKOUT4)
                                                     -7.324    -4.751 r  clk_wiz_inst/inst/mmcm_adv_inst/CLKOUT4
                         net (fo=1, routed)           1.639    -3.112    clk_wiz_inst/inst/clk_out5_clk_wiz_0
    BUFGCTRL_X0Y19       BUFG (Prop_bufg_I_O)         0.091    -3.021 r  clk_wiz_inst/inst/clkout5_buf/O
                         net (fo=56319, routed)       1.691    -1.330    ethlite_i/ethlite_i/U0/XEMAC_I/EMAC_I/RX/INST_RX_INTRFCE/I_RX_FIFO/gnuram_async_fifo.xpm_fifo_base_inst/gen_cdc_pntr.wr_pntr_cdc_dc_inst/dest_clk
    SLICE_X8Y7           FDRE                                         r  ethlite_i/ethlite_i/U0/XEMAC_I/EMAC_I/RX/INST_RX_INTRFCE/I_RX_FIFO/gnuram_async_fifo.xpm_fifo_base_inst/gen_cdc_pntr.wr_pntr_cdc_dc_inst/dest_graysync_ff_reg[0][0]/C
                         clock pessimism              0.000    -1.330    
    SLICE_X8Y7           FDRE (Setup_fdre_C_D)       -0.058    -1.388    ethlite_i/ethlite_i/U0/XEMAC_I/EMAC_I/RX/INST_RX_INTRFCE/I_RX_FIFO/gnuram_async_fifo.xpm_fifo_base_inst/gen_cdc_pntr.wr_pntr_cdc_dc_inst/dest_graysync_ff_reg[0][0]
  -------------------------------------------------------------------
                         data arrival                           7.046    
                         clock arrival                         -1.388    
  -------------------------------------------------------------------
                         relative delay                         8.434    

Reference path:
    Location             Delay type                Incr(ns)  Path(ns)    Netlist Resource(s)
  -------------------------------------------------------------------    -------------------
                         (clock eth_rx_clk rise edge)
                                                      0.000     0.000 r  
    F15                                               0.000     0.000 r  eth_rx_clk (IN)
                         net (fo=0)                   0.000     0.000    ethlite_i/ethlite_i/U0/phy_rx_clk
    F15                  IBUF (Prop_ibuf_I_O)         1.403     1.403 r  ethlite_i/ethlite_i/U0/NO_LOOPBACK_GEN.INCLUDE_BUFG_GEN.RX_IBUF_INST/O
                         net (fo=1, routed)           1.911     3.314    ethlite_i/ethlite_i/U0/NO_LOOPBACK_GEN.INCLUDE_BUFG_GEN.RX_IBUF_INST_n_0
    BUFGCTRL_X0Y23       BUFG (Prop_bufg_I_O)         0.091     3.405 r  ethlite_i/ethlite_i/U0/NO_LOOPBACK_GEN.INCLUDE_BUFG_GEN.CLOCK_BUFG_RX/O
                         net (fo=98, routed)          1.693     5.098    ethlite_i/ethlite_i/U0/XEMAC_I/EMAC_I/RX/INST_RX_INTRFCE/I_RX_FIFO/gnuram_async_fifo.xpm_fifo_base_inst/gen_cdc_pntr.wr_pntr_cdc_dc_inst/src_clk
    SLICE_X10Y6          FDRE                                         r  ethlite_i/ethlite_i/U0/XEMAC_I/EMAC_I/RX/INST_RX_INTRFCE/I_RX_FIFO/gnuram_async_fifo.xpm_fifo_base_inst/gen_cdc_pntr.wr_pntr_cdc_dc_inst/src_gray_ff_reg[2]/C
  -------------------------------------------------------------------    -------------------
    SLICE_X10Y6          FDRE (Prop_fdre_C_Q)         0.418     5.516 r  ethlite_i/ethlite_i/U0/XEMAC_I/EMAC_I/RX/INST_RX_INTRFCE/I_RX_FIFO/gnuram_async_fifo.xpm_fifo_base_inst/gen_cdc_pntr.wr_pntr_cdc_dc_inst/src_gray_ff_reg[2]/Q
                         net (fo=1, routed)           0.402     5.917    ethlite_i/ethlite_i/U0/XEMAC_I/EMAC_I/RX/INST_RX_INTRFCE/I_RX_FIFO/gnuram_async_fifo.xpm_fifo_base_inst/gen_cdc_pntr.wr_pntr_cdc_dc_inst/async_path[2]
    SLICE_X11Y7          FDRE                                         r  ethlite_i/ethlite_i/U0/XEMAC_I/EMAC_I/RX/INST_RX_INTRFCE/I_RX_FIFO/gnuram_async_fifo.xpm_fifo_base_inst/gen_cdc_pntr.wr_pntr_cdc_dc_inst/dest_graysync_ff_reg[0][2]/D
  -------------------------------------------------------------------    -------------------

                         (clock clk_out5_clk_wiz_0_1 rise edge)
                                                      0.000     0.000 r  
    E3                                                0.000     0.000 r  sys_clock (IN)
                         net (fo=0)                   0.000     0.000    clk_wiz_inst/inst/clk_in1
    E3                   IBUF (Prop_ibuf_I_O)         1.482     1.482 r  clk_wiz_inst/inst/clkin1_ibufg/O
                         net (fo=1, routed)           1.233     2.715    clk_wiz_inst/inst/clk_in1_clk_wiz_0
    MMCME2_ADV_X1Y2      MMCME2_ADV (Prop_mmcme2_adv_CLKIN1_CLKOUT4)
                                                     -7.070    -4.355 r  clk_wiz_inst/inst/mmcm_adv_inst/CLKOUT4
                         net (fo=1, routed)           1.719    -2.636    clk_wiz_inst/inst/clk_out5_clk_wiz_0
    BUFGCTRL_X0Y19       BUFG (Prop_bufg_I_O)         0.096    -2.540 r  clk_wiz_inst/inst/clkout5_buf/O
                         net (fo=56319, routed)       1.819    -0.721    ethlite_i/ethlite_i/U0/XEMAC_I/EMAC_I/RX/INST_RX_INTRFCE/I_RX_FIFO/gnuram_async_fifo.xpm_fifo_base_inst/gen_cdc_pntr.wr_pntr_cdc_dc_inst/dest_clk
    SLICE_X11Y7          FDRE                                         r  ethlite_i/ethlite_i/U0/XEMAC_I/EMAC_I/RX/INST_RX_INTRFCE/I_RX_FIFO/gnuram_async_fifo.xpm_fifo_base_inst/gen_cdc_pntr.wr_pntr_cdc_dc_inst/dest_graysync_ff_reg[0][2]/C
                         clock pessimism              0.000    -0.721    
    SLICE_X11Y7          FDRE (Hold_fdre_C_D)         0.169    -0.552    ethlite_i/ethlite_i/U0/XEMAC_I/EMAC_I/RX/INST_RX_INTRFCE/I_RX_FIFO/gnuram_async_fifo.xpm_fifo_base_inst/gen_cdc_pntr.wr_pntr_cdc_dc_inst/dest_graysync_ff_reg[0][2]
  -------------------------------------------------------------------
                         data arrival                           5.917    
                         clock arrival                         -0.552    
  -------------------------------------------------------------------
                         relative delay                         6.469    



Id: 7
set_bus_skew -from [get_cells [list {ethlite_i/ethlite_i/U0/XEMAC_I/EMAC_I/RX/INST_RX_INTRFCE/I_RX_FIFO/gnuram_async_fifo.xpm_fifo_base_inst/gen_cdc_pntr.rd_pntr_cdc_dc_inst/src_gray_ff_reg[0]} {ethlite_i/ethlite_i/U0/XEMAC_I/EMAC_I/RX/INST_RX_INTRFCE/I_RX_FIFO/gnuram_async_fifo.xpm_fifo_base_inst/gen_cdc_pntr.rd_pntr_cdc_dc_inst/src_gray_ff_reg[1]} {ethlite_i/ethlite_i/U0/XEMAC_I/EMAC_I/RX/INST_RX_INTRFCE/I_RX_FIFO/gnuram_async_fifo.xpm_fifo_base_inst/gen_cdc_pntr.rd_pntr_cdc_dc_inst/src_gray_ff_reg[2]} {ethlite_i/ethlite_i/U0/XEMAC_I/EMAC_I/RX/INST_RX_INTRFCE/I_RX_FIFO/gnuram_async_fifo.xpm_fifo_base_inst/gen_cdc_pntr.rd_pntr_cdc_dc_inst/src_gray_ff_reg[3]} {ethlite_i/ethlite_i/U0/XEMAC_I/EMAC_I/RX/INST_RX_INTRFCE/I_RX_FIFO/gnuram_async_fifo.xpm_fifo_base_inst/gen_cdc_pntr.rd_pntr_cdc_dc_inst/src_gray_ff_reg[4]}]] -to [get_cells [list {ethlite_i/ethlite_i/U0/XEMAC_I/EMAC_I/RX/INST_RX_INTRFCE/I_RX_FIFO/gnuram_async_fifo.xpm_fifo_base_inst/gen_cdc_pntr.rd_pntr_cdc_dc_inst/dest_graysync_ff_reg[0][0]} {ethlite_i/ethlite_i/U0/XEMAC_I/EMAC_I/RX/INST_RX_INTRFCE/I_RX_FIFO/gnuram_async_fifo.xpm_fifo_base_inst/gen_cdc_pntr.rd_pntr_cdc_dc_inst/dest_graysync_ff_reg[0][1]} {ethlite_i/ethlite_i/U0/XEMAC_I/EMAC_I/RX/INST_RX_INTRFCE/I_RX_FIFO/gnuram_async_fifo.xpm_fifo_base_inst/gen_cdc_pntr.rd_pntr_cdc_dc_inst/dest_graysync_ff_reg[0][2]} {ethlite_i/ethlite_i/U0/XEMAC_I/EMAC_I/RX/INST_RX_INTRFCE/I_RX_FIFO/gnuram_async_fifo.xpm_fifo_base_inst/gen_cdc_pntr.rd_pntr_cdc_dc_inst/dest_graysync_ff_reg[0][3]} {ethlite_i/ethlite_i/U0/XEMAC_I/EMAC_I/RX/INST_RX_INTRFCE/I_RX_FIFO/gnuram_async_fifo.xpm_fifo_base_inst/gen_cdc_pntr.rd_pntr_cdc_dc_inst/dest_graysync_ff_reg[0][4]}]] 8.000
Requirement: 8.000ns
Endpoints: 5

From Clock            To Clock              Endpoint Pin                    Reference Pin                   Corner  Actual(ns)  Slack(ns)
--------------------  --------------------  ------------------------------  ------------------------------  ------  ----------  ---------
clk_out5_clk_wiz_0    eth_rx_clk            ethlite_i/ethlite_i/U0/XEMAC_I/EMAC_I/RX/INST_RX_INTRFCE/I_RX_FIFO/gnuram_async_fifo.xpm_fifo_base_inst/gen_cdc_pntr.rd_pntr_cdc_dc_inst/dest_graysync_ff_reg[0][0]/D
                                                                            ethlite_i/ethlite_i/U0/XEMAC_I/EMAC_I/RX/INST_RX_INTRFCE/I_RX_FIFO/gnuram_async_fifo.xpm_fifo_base_inst/gen_cdc_pntr.rd_pntr_cdc_dc_inst/dest_graysync_ff_reg[0][2]/D
                                                                                                            Slow         0.765      7.235


Slack (MET) :             7.235ns  (requirement - actual skew)
  Endpoint Source:        ethlite_i/ethlite_i/U0/XEMAC_I/EMAC_I/RX/INST_RX_INTRFCE/I_RX_FIFO/gnuram_async_fifo.xpm_fifo_base_inst/gen_cdc_pntr.rd_pntr_cdc_dc_inst/src_gray_ff_reg[0]/C
                            (rising edge-triggered cell FDRE clocked by clk_out5_clk_wiz_0)
  Endpoint Destination:   ethlite_i/ethlite_i/U0/XEMAC_I/EMAC_I/RX/INST_RX_INTRFCE/I_RX_FIFO/gnuram_async_fifo.xpm_fifo_base_inst/gen_cdc_pntr.rd_pntr_cdc_dc_inst/dest_graysync_ff_reg[0][0]/D
                            (rising edge-triggered cell FDRE clocked by eth_rx_clk)
  Reference Source:       ethlite_i/ethlite_i/U0/XEMAC_I/EMAC_I/RX/INST_RX_INTRFCE/I_RX_FIFO/gnuram_async_fifo.xpm_fifo_base_inst/gen_cdc_pntr.rd_pntr_cdc_dc_inst/src_gray_ff_reg[2]/C
                            (rising edge-triggered cell FDRE clocked by clk_out5_clk_wiz_0)
  Reference Destination:  ethlite_i/ethlite_i/U0/XEMAC_I/EMAC_I/RX/INST_RX_INTRFCE/I_RX_FIFO/gnuram_async_fifo.xpm_fifo_base_inst/gen_cdc_pntr.rd_pntr_cdc_dc_inst/dest_graysync_ff_reg[0][2]/D
                            (rising edge-triggered cell FDRE clocked by eth_rx_clk)
  Path Type:              Bus Skew (Max at Slow Process Corner)
  Requirement:            8.000ns
  Endpoint Relative Delay:   -4.503ns
  Reference Relative Delay:  -6.118ns
  Relative CRPR:              0.850ns
  Actual Bus Skew:            0.765ns  (Endpoint Relative Delay - Reference Relative Delay - Relative CRPR)

Endpoint path:
    Location             Delay type                Incr(ns)  Path(ns)    Netlist Resource(s)
  -------------------------------------------------------------------    -------------------
                         (clock clk_out5_clk_wiz_0 rise edge)
                                                      0.000     0.000 r  
    E3                                                0.000     0.000 r  sys_clock (IN)
                         net (fo=0)                   0.000     0.000    clk_wiz_inst/inst/clk_in1
    E3                   IBUF (Prop_ibuf_I_O)         1.482     1.482 r  clk_wiz_inst/inst/clkin1_ibufg/O
                         net (fo=1, routed)           1.233     2.715    clk_wiz_inst/inst/clk_in1_clk_wiz_0
    MMCME2_ADV_X1Y2      MMCME2_ADV (Prop_mmcme2_adv_CLKIN1_CLKOUT4)
                                                     -7.070    -4.355 r  clk_wiz_inst/inst/mmcm_adv_inst/CLKOUT4
                         net (fo=1, routed)           1.719    -2.636    clk_wiz_inst/inst/clk_out5_clk_wiz_0
    BUFGCTRL_X0Y19       BUFG (Prop_bufg_I_O)         0.096    -2.540 r  clk_wiz_inst/inst/clkout5_buf/O
                         net (fo=56319, routed)       1.820    -0.720    ethlite_i/ethlite_i/U0/XEMAC_I/EMAC_I/RX/INST_RX_INTRFCE/I_RX_FIFO/gnuram_async_fifo.xpm_fifo_base_inst/gen_cdc_pntr.rd_pntr_cdc_dc_inst/src_clk
    SLICE_X11Y3          FDRE                                         r  ethlite_i/ethlite_i/U0/XEMAC_I/EMAC_I/RX/INST_RX_INTRFCE/I_RX_FIFO/gnuram_async_fifo.xpm_fifo_base_inst/gen_cdc_pntr.rd_pntr_cdc_dc_inst/src_gray_ff_reg[0]/C
  -------------------------------------------------------------------    -------------------
    SLICE_X11Y3          FDRE (Prop_fdre_C_Q)         0.456    -0.264 r  ethlite_i/ethlite_i/U0/XEMAC_I/EMAC_I/RX/INST_RX_INTRFCE/I_RX_FIFO/gnuram_async_fifo.xpm_fifo_base_inst/gen_cdc_pntr.rd_pntr_cdc_dc_inst/src_gray_ff_reg[0]/Q
                         net (fo=1, routed)           0.805     0.542    ethlite_i/ethlite_i/U0/XEMAC_I/EMAC_I/RX/INST_RX_INTRFCE/I_RX_FIFO/gnuram_async_fifo.xpm_fifo_base_inst/gen_cdc_pntr.rd_pntr_cdc_dc_inst/async_path[0]
    SLICE_X10Y1          FDRE                                         r  ethlite_i/ethlite_i/U0/XEMAC_I/EMAC_I/RX/INST_RX_INTRFCE/I_RX_FIFO/gnuram_async_fifo.xpm_fifo_base_inst/gen_cdc_pntr.rd_pntr_cdc_dc_inst/dest_graysync_ff_reg[0][0]/D
  -------------------------------------------------------------------    -------------------

                         (clock eth_rx_clk rise edge)
                                                      0.000     0.000 r  
    F15                                               0.000     0.000 r  eth_rx_clk (IN)
                         net (fo=0)                   0.000     0.000    ethlite_i/ethlite_i/U0/phy_rx_clk
    F15                  IBUF (Prop_ibuf_I_O)         1.403     1.403 r  ethlite_i/ethlite_i/U0/NO_LOOPBACK_GEN.INCLUDE_BUFG_GEN.RX_IBUF_INST/O
                         net (fo=1, routed)           1.911     3.314    ethlite_i/ethlite_i/U0/NO_LOOPBACK_GEN.INCLUDE_BUFG_GEN.RX_IBUF_INST_n_0
    BUFGCTRL_X0Y23       BUFG (Prop_bufg_I_O)         0.091     3.405 r  ethlite_i/ethlite_i/U0/NO_LOOPBACK_GEN.INCLUDE_BUFG_GEN.CLOCK_BUFG_RX/O
                         net (fo=98, routed)          1.694     5.099    ethlite_i/ethlite_i/U0/XEMAC_I/EMAC_I/RX/INST_RX_INTRFCE/I_RX_FIFO/gnuram_async_fifo.xpm_fifo_base_inst/gen_cdc_pntr.rd_pntr_cdc_dc_inst/dest_clk
    SLICE_X10Y1          FDRE                                         r  ethlite_i/ethlite_i/U0/XEMAC_I/EMAC_I/RX/INST_RX_INTRFCE/I_RX_FIFO/gnuram_async_fifo.xpm_fifo_base_inst/gen_cdc_pntr.rd_pntr_cdc_dc_inst/dest_graysync_ff_reg[0][0]/C
                         clock pessimism              0.000     5.099    
    SLICE_X10Y1          FDRE (Setup_fdre_C_D)       -0.054     5.045    ethlite_i/ethlite_i/U0/XEMAC_I/EMAC_I/RX/INST_RX_INTRFCE/I_RX_FIFO/gnuram_async_fifo.xpm_fifo_base_inst/gen_cdc_pntr.rd_pntr_cdc_dc_inst/dest_graysync_ff_reg[0][0]
  -------------------------------------------------------------------
                         data arrival                           0.542    
                         clock arrival                          5.045    
  -------------------------------------------------------------------
                         relative delay                        -4.503    

Reference path:
    Location             Delay type                Incr(ns)  Path(ns)    Netlist Resource(s)
  -------------------------------------------------------------------    -------------------
                         (clock clk_out5_clk_wiz_0 rise edge)
                                                      0.000     0.000 r  
    E3                                                0.000     0.000 r  sys_clock (IN)
                         net (fo=0)                   0.000     0.000    clk_wiz_inst/inst/clk_in1
    E3                   IBUF (Prop_ibuf_I_O)         1.411     1.411 r  clk_wiz_inst/inst/clkin1_ibufg/O
                         net (fo=1, routed)           1.162     2.573    clk_wiz_inst/inst/clk_in1_clk_wiz_0
    MMCME2_ADV_X1Y2      MMCME2_ADV (Prop_mmcme2_adv_CLKIN1_CLKOUT4)
                                                     -7.324    -4.751 r  clk_wiz_inst/inst/mmcm_adv_inst/CLKOUT4
                         net (fo=1, routed)           1.639    -3.112    clk_wiz_inst/inst/clk_out5_clk_wiz_0
    BUFGCTRL_X0Y19       BUFG (Prop_bufg_I_O)         0.091    -3.021 r  clk_wiz_inst/inst/clkout5_buf/O
                         net (fo=56319, routed)       1.692    -1.329    ethlite_i/ethlite_i/U0/XEMAC_I/EMAC_I/RX/INST_RX_INTRFCE/I_RX_FIFO/gnuram_async_fifo.xpm_fifo_base_inst/gen_cdc_pntr.rd_pntr_cdc_dc_inst/src_clk
    SLICE_X8Y3           FDRE                                         r  ethlite_i/ethlite_i/U0/XEMAC_I/EMAC_I/RX/INST_RX_INTRFCE/I_RX_FIFO/gnuram_async_fifo.xpm_fifo_base_inst/gen_cdc_pntr.rd_pntr_cdc_dc_inst/src_gray_ff_reg[2]/C
  -------------------------------------------------------------------    -------------------
    SLICE_X8Y3           FDRE (Prop_fdre_C_Q)         0.418    -0.911 r  ethlite_i/ethlite_i/U0/XEMAC_I/EMAC_I/RX/INST_RX_INTRFCE/I_RX_FIFO/gnuram_async_fifo.xpm_fifo_base_inst/gen_cdc_pntr.rd_pntr_cdc_dc_inst/src_gray_ff_reg[2]/Q
                         net (fo=1, routed)           0.432    -0.479    ethlite_i/ethlite_i/U0/XEMAC_I/EMAC_I/RX/INST_RX_INTRFCE/I_RX_FIFO/gnuram_async_fifo.xpm_fifo_base_inst/gen_cdc_pntr.rd_pntr_cdc_dc_inst/async_path[2]
    SLICE_X10Y2          FDRE                                         r  ethlite_i/ethlite_i/U0/XEMAC_I/EMAC_I/RX/INST_RX_INTRFCE/I_RX_FIFO/gnuram_async_fifo.xpm_fifo_base_inst/gen_cdc_pntr.rd_pntr_cdc_dc_inst/dest_graysync_ff_reg[0][2]/D
  -------------------------------------------------------------------    -------------------

                         (clock eth_rx_clk rise edge)
                                                      0.000     0.000 r  
    F15                                               0.000     0.000 r  eth_rx_clk (IN)
                         net (fo=0)                   0.000     0.000    ethlite_i/ethlite_i/U0/phy_rx_clk
    F15                  IBUF (Prop_ibuf_I_O)         1.473     1.473 r  ethlite_i/ethlite_i/U0/NO_LOOPBACK_GEN.INCLUDE_BUFG_GEN.RX_IBUF_INST/O
                         net (fo=1, routed)           2.016     3.488    ethlite_i/ethlite_i/U0/NO_LOOPBACK_GEN.INCLUDE_BUFG_GEN.RX_IBUF_INST_n_0
    BUFGCTRL_X0Y23       BUFG (Prop_bufg_I_O)         0.096     3.584 r  ethlite_i/ethlite_i/U0/NO_LOOPBACK_GEN.INCLUDE_BUFG_GEN.CLOCK_BUFG_RX/O
                         net (fo=98, routed)          1.821     5.406    ethlite_i/ethlite_i/U0/XEMAC_I/EMAC_I/RX/INST_RX_INTRFCE/I_RX_FIFO/gnuram_async_fifo.xpm_fifo_base_inst/gen_cdc_pntr.rd_pntr_cdc_dc_inst/dest_clk
    SLICE_X10Y2          FDRE                                         r  ethlite_i/ethlite_i/U0/XEMAC_I/EMAC_I/RX/INST_RX_INTRFCE/I_RX_FIFO/gnuram_async_fifo.xpm_fifo_base_inst/gen_cdc_pntr.rd_pntr_cdc_dc_inst/dest_graysync_ff_reg[0][2]/C
                         clock pessimism              0.000     5.406    
    SLICE_X10Y2          FDRE (Hold_fdre_C_D)         0.233     5.639    ethlite_i/ethlite_i/U0/XEMAC_I/EMAC_I/RX/INST_RX_INTRFCE/I_RX_FIFO/gnuram_async_fifo.xpm_fifo_base_inst/gen_cdc_pntr.rd_pntr_cdc_dc_inst/dest_graysync_ff_reg[0][2]
  -------------------------------------------------------------------
                         data arrival                          -0.479    
                         clock arrival                          5.639    
  -------------------------------------------------------------------
                         relative delay                        -6.118    



Id: 8
set_bus_skew -from [get_cells [list {ethlite_i/ethlite_i/U0/XEMAC_I/EMAC_I/TX/INST_TX_INTRFCE/I_TX_FIFO/gnuram_async_fifo.xpm_fifo_base_inst/gen_cdc_pntr.wr_pntr_cdc_dc_inst/src_gray_ff_reg[0]} {ethlite_i/ethlite_i/U0/XEMAC_I/EMAC_I/TX/INST_TX_INTRFCE/I_TX_FIFO/gnuram_async_fifo.xpm_fifo_base_inst/gen_cdc_pntr.wr_pntr_cdc_dc_inst/src_gray_ff_reg[1]} {ethlite_i/ethlite_i/U0/XEMAC_I/EMAC_I/TX/INST_TX_INTRFCE/I_TX_FIFO/gnuram_async_fifo.xpm_fifo_base_inst/gen_cdc_pntr.wr_pntr_cdc_dc_inst/src_gray_ff_reg[2]} {ethlite_i/ethlite_i/U0/XEMAC_I/EMAC_I/TX/INST_TX_INTRFCE/I_TX_FIFO/gnuram_async_fifo.xpm_fifo_base_inst/gen_cdc_pntr.wr_pntr_cdc_dc_inst/src_gray_ff_reg[3]} {ethlite_i/ethlite_i/U0/XEMAC_I/EMAC_I/TX/INST_TX_INTRFCE/I_TX_FIFO/gnuram_async_fifo.xpm_fifo_base_inst/gen_cdc_pntr.wr_pntr_cdc_dc_inst/src_gray_ff_reg[4]}]] -to [get_cells [list {ethlite_i/ethlite_i/U0/XEMAC_I/EMAC_I/TX/INST_TX_INTRFCE/I_TX_FIFO/gnuram_async_fifo.xpm_fifo_base_inst/gen_cdc_pntr.wr_pntr_cdc_dc_inst/dest_graysync_ff_reg[0][0]} {ethlite_i/ethlite_i/U0/XEMAC_I/EMAC_I/TX/INST_TX_INTRFCE/I_TX_FIFO/gnuram_async_fifo.xpm_fifo_base_inst/gen_cdc_pntr.wr_pntr_cdc_dc_inst/dest_graysync_ff_reg[0][1]} {ethlite_i/ethlite_i/U0/XEMAC_I/EMAC_I/TX/INST_TX_INTRFCE/I_TX_FIFO/gnuram_async_fifo.xpm_fifo_base_inst/gen_cdc_pntr.wr_pntr_cdc_dc_inst/dest_graysync_ff_reg[0][2]} {ethlite_i/ethlite_i/U0/XEMAC_I/EMAC_I/TX/INST_TX_INTRFCE/I_TX_FIFO/gnuram_async_fifo.xpm_fifo_base_inst/gen_cdc_pntr.wr_pntr_cdc_dc_inst/dest_graysync_ff_reg[0][3]} {ethlite_i/ethlite_i/U0/XEMAC_I/EMAC_I/TX/INST_TX_INTRFCE/I_TX_FIFO/gnuram_async_fifo.xpm_fifo_base_inst/gen_cdc_pntr.wr_pntr_cdc_dc_inst/dest_graysync_ff_reg[0][4]}]] 8.000
Requirement: 8.000ns
Endpoints: 5

From Clock            To Clock              Endpoint Pin                    Reference Pin                   Corner  Actual(ns)  Slack(ns)
--------------------  --------------------  ------------------------------  ------------------------------  ------  ----------  ---------
clk_out5_clk_wiz_0    eth_tx_clk            ethlite_i/ethlite_i/U0/XEMAC_I/EMAC_I/TX/INST_TX_INTRFCE/I_TX_FIFO/gnuram_async_fifo.xpm_fifo_base_inst/gen_cdc_pntr.wr_pntr_cdc_dc_inst/dest_graysync_ff_reg[0][3]/D
                                                                            ethlite_i/ethlite_i/U0/XEMAC_I/EMAC_I/TX/INST_TX_INTRFCE/I_TX_FIFO/gnuram_async_fifo.xpm_fifo_base_inst/gen_cdc_pntr.wr_pntr_cdc_dc_inst/dest_graysync_ff_reg[0][4]/D
                                                                                                            Slow         0.671      7.329


Slack (MET) :             7.329ns  (requirement - actual skew)
  Endpoint Source:        ethlite_i/ethlite_i/U0/XEMAC_I/EMAC_I/TX/INST_TX_INTRFCE/I_TX_FIFO/gnuram_async_fifo.xpm_fifo_base_inst/gen_cdc_pntr.wr_pntr_cdc_dc_inst/src_gray_ff_reg[3]/C
                            (rising edge-triggered cell FDRE clocked by clk_out5_clk_wiz_0)
  Endpoint Destination:   ethlite_i/ethlite_i/U0/XEMAC_I/EMAC_I/TX/INST_TX_INTRFCE/I_TX_FIFO/gnuram_async_fifo.xpm_fifo_base_inst/gen_cdc_pntr.wr_pntr_cdc_dc_inst/dest_graysync_ff_reg[0][3]/D
                            (rising edge-triggered cell FDRE clocked by eth_tx_clk)
  Reference Source:       ethlite_i/ethlite_i/U0/XEMAC_I/EMAC_I/TX/INST_TX_INTRFCE/I_TX_FIFO/gnuram_async_fifo.xpm_fifo_base_inst/gen_cdc_pntr.wr_pntr_cdc_dc_inst/src_gray_ff_reg[4]/C
                            (rising edge-triggered cell FDRE clocked by clk_out5_clk_wiz_0)
  Reference Destination:  ethlite_i/ethlite_i/U0/XEMAC_I/EMAC_I/TX/INST_TX_INTRFCE/I_TX_FIFO/gnuram_async_fifo.xpm_fifo_base_inst/gen_cdc_pntr.wr_pntr_cdc_dc_inst/dest_graysync_ff_reg[0][4]/D
                            (rising edge-triggered cell FDRE clocked by eth_tx_clk)
  Path Type:              Bus Skew (Max at Slow Process Corner)
  Requirement:            8.000ns
  Endpoint Relative Delay:   -4.543ns
  Reference Relative Delay:  -6.049ns
  Relative CRPR:              0.835ns
  Actual Bus Skew:            0.671ns  (Endpoint Relative Delay - Reference Relative Delay - Relative CRPR)

Endpoint path:
    Location             Delay type                Incr(ns)  Path(ns)    Netlist Resource(s)
  -------------------------------------------------------------------    -------------------
                         (clock clk_out5_clk_wiz_0 rise edge)
                                                      0.000     0.000 r  
    E3                                                0.000     0.000 r  sys_clock (IN)
                         net (fo=0)                   0.000     0.000    clk_wiz_inst/inst/clk_in1
    E3                   IBUF (Prop_ibuf_I_O)         1.482     1.482 r  clk_wiz_inst/inst/clkin1_ibufg/O
                         net (fo=1, routed)           1.233     2.715    clk_wiz_inst/inst/clk_in1_clk_wiz_0
    MMCME2_ADV_X1Y2      MMCME2_ADV (Prop_mmcme2_adv_CLKIN1_CLKOUT4)
                                                     -7.070    -4.355 r  clk_wiz_inst/inst/mmcm_adv_inst/CLKOUT4
                         net (fo=1, routed)           1.719    -2.636    clk_wiz_inst/inst/clk_out5_clk_wiz_0
    BUFGCTRL_X0Y19       BUFG (Prop_bufg_I_O)         0.096    -2.540 r  clk_wiz_inst/inst/clkout5_buf/O
                         net (fo=56319, routed)       1.819    -0.721    ethlite_i/ethlite_i/U0/XEMAC_I/EMAC_I/TX/INST_TX_INTRFCE/I_TX_FIFO/gnuram_async_fifo.xpm_fifo_base_inst/gen_cdc_pntr.wr_pntr_cdc_dc_inst/src_clk
    SLICE_X26Y0          FDRE                                         r  ethlite_i/ethlite_i/U0/XEMAC_I/EMAC_I/TX/INST_TX_INTRFCE/I_TX_FIFO/gnuram_async_fifo.xpm_fifo_base_inst/gen_cdc_pntr.wr_pntr_cdc_dc_inst/src_gray_ff_reg[3]/C
  -------------------------------------------------------------------    -------------------
    SLICE_X26Y0          FDRE (Prop_fdre_C_Q)         0.419    -0.302 r  ethlite_i/ethlite_i/U0/XEMAC_I/EMAC_I/TX/INST_TX_INTRFCE/I_TX_FIFO/gnuram_async_fifo.xpm_fifo_base_inst/gen_cdc_pntr.wr_pntr_cdc_dc_inst/src_gray_ff_reg[3]/Q
                         net (fo=1, routed)           0.585     0.283    ethlite_i/ethlite_i/U0/XEMAC_I/EMAC_I/TX/INST_TX_INTRFCE/I_TX_FIFO/gnuram_async_fifo.xpm_fifo_base_inst/gen_cdc_pntr.wr_pntr_cdc_dc_inst/async_path[3]
    SLICE_X26Y2          FDRE                                         r  ethlite_i/ethlite_i/U0/XEMAC_I/EMAC_I/TX/INST_TX_INTRFCE/I_TX_FIFO/gnuram_async_fifo.xpm_fifo_base_inst/gen_cdc_pntr.wr_pntr_cdc_dc_inst/dest_graysync_ff_reg[0][3]/D
  -------------------------------------------------------------------    -------------------

                         (clock eth_tx_clk rise edge)
                                                      0.000     0.000 r  
    H16                                               0.000     0.000 r  eth_tx_clk (IN)
                         net (fo=0)                   0.000     0.000    ethlite_i/ethlite_i/U0/phy_tx_clk
    H16                  IBUF (Prop_ibuf_I_O)         1.401     1.401 r  ethlite_i/ethlite_i/U0/NO_LOOPBACK_GEN.INCLUDE_BUFG_GEN.TX_IBUF_INST/O
                         net (fo=1, routed)           1.911     3.312    ethlite_i/ethlite_i/U0/o
    BUFGCTRL_X0Y24       BUFG (Prop_bufg_I_O)         0.091     3.403 r  ethlite_i/ethlite_i/U0/NO_LOOPBACK_GEN.INCLUDE_BUFG_GEN.CLOCK_BUFG_TX/O
                         net (fo=96, routed)          1.689     5.092    ethlite_i/ethlite_i/U0/XEMAC_I/EMAC_I/TX/INST_TX_INTRFCE/I_TX_FIFO/gnuram_async_fifo.xpm_fifo_base_inst/gen_cdc_pntr.wr_pntr_cdc_dc_inst/dest_clk
    SLICE_X26Y2          FDRE                                         r  ethlite_i/ethlite_i/U0/XEMAC_I/EMAC_I/TX/INST_TX_INTRFCE/I_TX_FIFO/gnuram_async_fifo.xpm_fifo_base_inst/gen_cdc_pntr.wr_pntr_cdc_dc_inst/dest_graysync_ff_reg[0][3]/C
                         clock pessimism              0.000     5.092    
    SLICE_X26Y2          FDRE (Setup_fdre_C_D)       -0.266     4.826    ethlite_i/ethlite_i/U0/XEMAC_I/EMAC_I/TX/INST_TX_INTRFCE/I_TX_FIFO/gnuram_async_fifo.xpm_fifo_base_inst/gen_cdc_pntr.wr_pntr_cdc_dc_inst/dest_graysync_ff_reg[0][3]
  -------------------------------------------------------------------
                         data arrival                           0.283    
                         clock arrival                          4.826    
  -------------------------------------------------------------------
                         relative delay                        -4.543    

Reference path:
    Location             Delay type                Incr(ns)  Path(ns)    Netlist Resource(s)
  -------------------------------------------------------------------    -------------------
                         (clock clk_out5_clk_wiz_0 rise edge)
                                                      0.000     0.000 r  
    E3                                                0.000     0.000 r  sys_clock (IN)
                         net (fo=0)                   0.000     0.000    clk_wiz_inst/inst/clk_in1
    E3                   IBUF (Prop_ibuf_I_O)         1.411     1.411 r  clk_wiz_inst/inst/clkin1_ibufg/O
                         net (fo=1, routed)           1.162     2.573    clk_wiz_inst/inst/clk_in1_clk_wiz_0
    MMCME2_ADV_X1Y2      MMCME2_ADV (Prop_mmcme2_adv_CLKIN1_CLKOUT4)
                                                     -7.324    -4.751 r  clk_wiz_inst/inst/mmcm_adv_inst/CLKOUT4
                         net (fo=1, routed)           1.639    -3.112    clk_wiz_inst/inst/clk_out5_clk_wiz_0
    BUFGCTRL_X0Y19       BUFG (Prop_bufg_I_O)         0.091    -3.021 r  clk_wiz_inst/inst/clkout5_buf/O
                         net (fo=56319, routed)       1.690    -1.331    ethlite_i/ethlite_i/U0/XEMAC_I/EMAC_I/TX/INST_TX_INTRFCE/I_TX_FIFO/gnuram_async_fifo.xpm_fifo_base_inst/gen_cdc_pntr.wr_pntr_cdc_dc_inst/src_clk
    SLICE_X19Y1          FDRE                                         r  ethlite_i/ethlite_i/U0/XEMAC_I/EMAC_I/TX/INST_TX_INTRFCE/I_TX_FIFO/gnuram_async_fifo.xpm_fifo_base_inst/gen_cdc_pntr.wr_pntr_cdc_dc_inst/src_gray_ff_reg[4]/C
  -------------------------------------------------------------------    -------------------
    SLICE_X19Y1          FDRE (Prop_fdre_C_Q)         0.367    -0.964 r  ethlite_i/ethlite_i/U0/XEMAC_I/EMAC_I/TX/INST_TX_INTRFCE/I_TX_FIFO/gnuram_async_fifo.xpm_fifo_base_inst/gen_cdc_pntr.wr_pntr_cdc_dc_inst/src_gray_ff_reg[4]/Q
                         net (fo=1, routed)           0.487    -0.477    ethlite_i/ethlite_i/U0/XEMAC_I/EMAC_I/TX/INST_TX_INTRFCE/I_TX_FIFO/gnuram_async_fifo.xpm_fifo_base_inst/gen_cdc_pntr.wr_pntr_cdc_dc_inst/async_path[4]
    SLICE_X21Y2          FDRE                                         r  ethlite_i/ethlite_i/U0/XEMAC_I/EMAC_I/TX/INST_TX_INTRFCE/I_TX_FIFO/gnuram_async_fifo.xpm_fifo_base_inst/gen_cdc_pntr.wr_pntr_cdc_dc_inst/dest_graysync_ff_reg[0][4]/D
  -------------------------------------------------------------------    -------------------

                         (clock eth_tx_clk rise edge)
                                                      0.000     0.000 r  
    H16                                               0.000     0.000 r  eth_tx_clk (IN)
                         net (fo=0)                   0.000     0.000    ethlite_i/ethlite_i/U0/phy_tx_clk
    H16                  IBUF (Prop_ibuf_I_O)         1.471     1.471 r  ethlite_i/ethlite_i/U0/NO_LOOPBACK_GEN.INCLUDE_BUFG_GEN.TX_IBUF_INST/O
                         net (fo=1, routed)           2.016     3.487    ethlite_i/ethlite_i/U0/o
    BUFGCTRL_X0Y24       BUFG (Prop_bufg_I_O)         0.096     3.583 r  ethlite_i/ethlite_i/U0/NO_LOOPBACK_GEN.INCLUDE_BUFG_GEN.CLOCK_BUFG_TX/O
                         net (fo=96, routed)          1.819     5.402    ethlite_i/ethlite_i/U0/XEMAC_I/EMAC_I/TX/INST_TX_INTRFCE/I_TX_FIFO/gnuram_async_fifo.xpm_fifo_base_inst/gen_cdc_pntr.wr_pntr_cdc_dc_inst/dest_clk
    SLICE_X21Y2          FDRE                                         r  ethlite_i/ethlite_i/U0/XEMAC_I/EMAC_I/TX/INST_TX_INTRFCE/I_TX_FIFO/gnuram_async_fifo.xpm_fifo_base_inst/gen_cdc_pntr.wr_pntr_cdc_dc_inst/dest_graysync_ff_reg[0][4]/C
                         clock pessimism              0.000     5.402    
    SLICE_X21Y2          FDRE (Hold_fdre_C_D)         0.170     5.572    ethlite_i/ethlite_i/U0/XEMAC_I/EMAC_I/TX/INST_TX_INTRFCE/I_TX_FIFO/gnuram_async_fifo.xpm_fifo_base_inst/gen_cdc_pntr.wr_pntr_cdc_dc_inst/dest_graysync_ff_reg[0][4]
  -------------------------------------------------------------------
                         data arrival                          -0.477    
                         clock arrival                          5.572    
  -------------------------------------------------------------------
                         relative delay                        -6.049    



