
*** Running vivado
    with args -log main.vdi -applog -m64 -product Vivado -messageDb vivado.pb -mode batch -source main.tcl -notrace


****** Vivado v2025.1 (64-bit)
  **** SW Build 6140274 on Wed May 21 22:58:25 MDT 2025
  **** IP Build 6138677 on Thu May 22 03:10:11 MDT 2025
  **** SharedData Build 6139179 on Tue May 20 17:58:58 MDT 2025
  **** Start of session at: Wed Apr  1 12:55:57 2026
    ** Copyright 1986-2022 Xilinx, Inc. All Rights Reserved.
    ** Copyright 2022-2025 Advanced Micro Devices, Inc. All Rights Reserved.

source main.tcl -notrace
Command: link_design -top main -part xc7a100tcsg324-1
Design is defaulting to srcset: sources_1
Design is defaulting to constrset: constrs_1
INFO: [Device 21-403] Loading part xc7a100tcsg324-1
INFO: [Project 1-5699] Read binary netlist with skipMacroContent - 1
INFO: [Project 1-454] Reading design checkpoint '/media/tsmc/6a3f28f3-1a75-4d55-baf2-a6aa8be84a59/kwc/100t/ztachip/HW/examples/GHRD/ztachip.gen/sources_1/ip/clk_wiz_0/clk_wiz_0.dcp' for cell 'clk_wiz_inst'
INFO: [Project 1-454] Reading design checkpoint '/media/tsmc/6a3f28f3-1a75-4d55-baf2-a6aa8be84a59/kwc/100t/ztachip/HW/examples/GHRD/ztachip.gen/sources_1/ip/mig_7series_0/mig_7series_0.dcp' for cell 'mig_inst'
INFO: [Project 1-454] Reading design checkpoint '/media/tsmc/6a3f28f3-1a75-4d55-baf2-a6aa8be84a59/kwc/100t/ztachip/HW/examples/GHRD/ztachip.gen/sources_1/ip/axi_ethernetlite_0/axi_ethernetlite_0.dcp' for cell 'ethlite_i/ethlite_i'
INFO: [Project 1-454] Reading design checkpoint '/media/tsmc/6a3f28f3-1a75-4d55-baf2-a6aa8be84a59/kwc/100t/ztachip/HW/examples/GHRD/ztachip.gen/sources_1/ip/float_addsub/float_addsub.dcp' for cell 'soc_base_inst/ztachip_inst/GEN1.fpu_i/falu_core_i/falu2_i/sum_1/float_addsub_inst'
INFO: [Project 1-454] Reading design checkpoint '/media/tsmc/6a3f28f3-1a75-4d55-baf2-a6aa8be84a59/kwc/100t/ztachip/HW/examples/GHRD/ztachip.gen/sources_1/ip/float_mul/float_mul.dcp' for cell 'soc_base_inst/ztachip_inst/GEN1.fpu_i/falu_core_i/falu_i/stage_1/float_mul_inst'
Netlist sorting complete. Time (s): cpu = 00:00:00.52 ; elapsed = 00:00:00.53 . Memory (MB): peak = 1875.652 ; gain = 0.000 ; free physical = 34079 ; free virtual = 50552
INFO: [Netlist 29-17] Analyzing 5705 Unisim elements for replacement
INFO: [Netlist 29-28] Unisim Transformation completed in 0 CPU seconds
INFO: [Project 1-479] Netlist was created with Vivado 2025.1
INFO: [Project 1-570] Preparing netlist for logic optimization
Parsing XDC File [/media/tsmc/6a3f28f3-1a75-4d55-baf2-a6aa8be84a59/kwc/100t/ztachip/HW/examples/GHRD/ztachip.gen/sources_1/ip/mig_7series_0/mig_7series_0/user_design/constraints/mig_7series_0.xdc] for cell 'mig_inst'
Finished Parsing XDC File [/media/tsmc/6a3f28f3-1a75-4d55-baf2-a6aa8be84a59/kwc/100t/ztachip/HW/examples/GHRD/ztachip.gen/sources_1/ip/mig_7series_0/mig_7series_0/user_design/constraints/mig_7series_0.xdc] for cell 'mig_inst'
Parsing XDC File [/media/tsmc/6a3f28f3-1a75-4d55-baf2-a6aa8be84a59/kwc/100t/ztachip/HW/examples/GHRD/ztachip.gen/sources_1/ip/axi_ethernetlite_0/axi_ethernetlite_0_board.xdc] for cell 'ethlite_i/ethlite_i/U0'
Finished Parsing XDC File [/media/tsmc/6a3f28f3-1a75-4d55-baf2-a6aa8be84a59/kwc/100t/ztachip/HW/examples/GHRD/ztachip.gen/sources_1/ip/axi_ethernetlite_0/axi_ethernetlite_0_board.xdc] for cell 'ethlite_i/ethlite_i/U0'
Parsing XDC File [/media/tsmc/6a3f28f3-1a75-4d55-baf2-a6aa8be84a59/kwc/100t/ztachip/HW/examples/GHRD/ztachip.gen/sources_1/ip/axi_ethernetlite_0/axi_ethernetlite_0.xdc] for cell 'ethlite_i/ethlite_i/U0'
Finished Parsing XDC File [/media/tsmc/6a3f28f3-1a75-4d55-baf2-a6aa8be84a59/kwc/100t/ztachip/HW/examples/GHRD/ztachip.gen/sources_1/ip/axi_ethernetlite_0/axi_ethernetlite_0.xdc] for cell 'ethlite_i/ethlite_i/U0'
Parsing XDC File [/media/tsmc/6a3f28f3-1a75-4d55-baf2-a6aa8be84a59/kwc/100t/ztachip/HW/examples/GHRD/ztachip.gen/sources_1/ip/clk_wiz_0/clk_wiz_0_board.xdc] for cell 'clk_wiz_inst/inst'
Finished Parsing XDC File [/media/tsmc/6a3f28f3-1a75-4d55-baf2-a6aa8be84a59/kwc/100t/ztachip/HW/examples/GHRD/ztachip.gen/sources_1/ip/clk_wiz_0/clk_wiz_0_board.xdc] for cell 'clk_wiz_inst/inst'
Parsing XDC File [/media/tsmc/6a3f28f3-1a75-4d55-baf2-a6aa8be84a59/kwc/100t/ztachip/HW/examples/GHRD/ztachip.gen/sources_1/ip/clk_wiz_0/clk_wiz_0.xdc] for cell 'clk_wiz_inst/inst'
INFO: [Timing 38-35] Done setting XDC timing constraints. [/media/tsmc/6a3f28f3-1a75-4d55-baf2-a6aa8be84a59/kwc/100t/ztachip/HW/examples/GHRD/ztachip.gen/sources_1/ip/clk_wiz_0/clk_wiz_0.xdc:54]
INFO: [Timing 38-2] Deriving generated clocks [/media/tsmc/6a3f28f3-1a75-4d55-baf2-a6aa8be84a59/kwc/100t/ztachip/HW/examples/GHRD/ztachip.gen/sources_1/ip/clk_wiz_0/clk_wiz_0.xdc:54]
get_clocks: Time (s): cpu = 00:00:09 ; elapsed = 00:00:06 . Memory (MB): peak = 2793.367 ; gain = 630.703 ; free physical = 33480 ; free virtual = 49967
Finished Parsing XDC File [/media/tsmc/6a3f28f3-1a75-4d55-baf2-a6aa8be84a59/kwc/100t/ztachip/HW/examples/GHRD/ztachip.gen/sources_1/ip/clk_wiz_0/clk_wiz_0.xdc] for cell 'clk_wiz_inst/inst'
Parsing XDC File [/media/tsmc/6a3f28f3-1a75-4d55-baf2-a6aa8be84a59/kwc/100t/ztachip/HW/examples/GHRD/main.xdc]
WARNING: [Constraints 18-619] A clock with name 'eth_rx_clk' already exists, overwriting the previous clock with the same name. [/media/tsmc/6a3f28f3-1a75-4d55-baf2-a6aa8be84a59/kwc/100t/ztachip/HW/examples/GHRD/main.xdc:109]
WARNING: [Constraints 18-619] A clock with name 'eth_tx_clk' already exists, overwriting the previous clock with the same name. [/media/tsmc/6a3f28f3-1a75-4d55-baf2-a6aa8be84a59/kwc/100t/ztachip/HW/examples/GHRD/main.xdc:111]
WARNING: [Vivado 12-584] No ports matched 'clka'. [/media/tsmc/6a3f28f3-1a75-4d55-baf2-a6aa8be84a59/kwc/100t/ztachip/HW/examples/GHRD/main.xdc:115]
INFO: [Timing 38-2] Deriving generated clocks [/media/tsmc/6a3f28f3-1a75-4d55-baf2-a6aa8be84a59/kwc/100t/ztachip/HW/examples/GHRD/main.xdc:115]
WARNING: [Vivado 12-830] No fanout objects found for 'all_fanout -from [get_ports clka]'. [/media/tsmc/6a3f28f3-1a75-4d55-baf2-a6aa8be84a59/kwc/100t/ztachip/HW/examples/GHRD/main.xdc:115]
CRITICAL WARNING: [Common 17-1548] Command failed: invalid command name "-flat"
 [/media/tsmc/6a3f28f3-1a75-4d55-baf2-a6aa8be84a59/kwc/100t/ztachip/HW/examples/GHRD/main.xdc:115]
Finished Parsing XDC File [/media/tsmc/6a3f28f3-1a75-4d55-baf2-a6aa8be84a59/kwc/100t/ztachip/HW/examples/GHRD/main.xdc]
Parsing XDC File [/media/tsmc/6a3f28f3-1a75-4d55-baf2-a6aa8be84a59/kwc/100t/ztachip/HW/examples/GHRD/ztachip.gen/sources_1/ip/axi_ethernetlite_0/axi_ethernetlite_0_clocks.xdc] for cell 'ethlite_i/ethlite_i/U0'
Finished Parsing XDC File [/media/tsmc/6a3f28f3-1a75-4d55-baf2-a6aa8be84a59/kwc/100t/ztachip/HW/examples/GHRD/ztachip.gen/sources_1/ip/axi_ethernetlite_0/axi_ethernetlite_0_clocks.xdc] for cell 'ethlite_i/ethlite_i/U0'
INFO: [Project 1-1714] 133 XPM XDC files have been applied to the design.
INFO: [Opt 31-138] Pushed 0 inverter(s) to 0 load pin(s).
INFO: [Project 1-1687] 6 scoped IP constraints or related sub-commands were skipped due to synthesis logic optimizations usually triggered by constant connectivity or unconnected output pins. To review the skipped constraints and messages, run the command 'set_param netlist.IPMsgFiltering false' before opening the design.
Netlist sorting complete. Time (s): cpu = 00:00:00.01 ; elapsed = 00:00:00.01 . Memory (MB): peak = 2819.625 ; gain = 0.000 ; free physical = 33349 ; free virtual = 49836
INFO: [Project 1-111] Unisim Transformation Summary:
  A total of 2061 instances were transformed.
  IOBUF => IOBUF (IBUF, OBUFT): 1 instance 
  IOBUFDS_INTERMDISABLE => IOBUFDS_INTERMDISABLE (IBUFDS_INTERMDISABLE_INT(x2), INV, OBUFTDS(x2)): 2 instances
  IOBUF_INTERMDISABLE => IOBUF_INTERMDISABLE (IBUF_INTERMDISABLE, OBUFT): 16 instances
  OBUFDS => OBUFDS_DUAL_BUF (INV, OBUFDS(x2)): 1 instance 
  RAM128X1D => RAM128X1D (MUXF7(x2), RAMD64E(x4)): 1280 instances
  RAM16X1S => RAM32X1S (RAMS32): 4 instances
  RAM256X1S => RAM256X1S (MUXF7(x2), MUXF8, RAMS64E(x4)): 272 instances
  RAM32M => RAM32M (RAMD32(x6), RAMS32(x2)): 252 instances
  RAM32X1D => RAM32X1D (RAMD32(x2)): 9 instances
  RAM64M => RAM64M (RAMD64E(x4)): 8 instances
  RAM64X1D => RAM64X1D (RAMD64E(x2)): 216 instances

18 Infos, 4 Warnings, 1 Critical Warnings and 0 Errors encountered.
link_design completed successfully
link_design: Time (s): cpu = 00:00:27 ; elapsed = 00:00:19 . Memory (MB): peak = 2819.660 ; gain = 1259.148 ; free physical = 33346 ; free virtual = 49833
Command: opt_design
Attempting to get a license for feature 'Implementation' and/or device 'xc7a100t'
INFO: [Common 17-349] Got license for feature 'Implementation' and/or device 'xc7a100t'
Running DRC as a precondition to command opt_design

Starting DRC Task
INFO: [DRC 23-27] Running DRC with 8 threads
INFO: [Project 1-461] DRC finished with 0 Errors, 1 Warnings
INFO: [Project 1-462] Please refer to the DRC report (report_drc) for more information.

Time (s): cpu = 00:00:02 ; elapsed = 00:00:00.45 . Memory (MB): peak = 2819.660 ; gain = 0.000 ; free physical = 33303 ; free virtual = 49790

Starting Cache Timing Information Task
INFO: [Timing 38-35] Done setting XDC timing constraints.
Ending Cache Timing Information Task | Checksum: 26792b011

Time (s): cpu = 00:00:04 ; elapsed = 00:00:02 . Memory (MB): peak = 2819.660 ; gain = 0.000 ; free physical = 33230 ; free virtual = 49717

Starting Logic Optimization Task

Phase 1 Initialization

Phase 1.1 Core Generation And Design Setup
Phase 1.1 Core Generation And Design Setup | Checksum: 26792b011

Time (s): cpu = 00:00:00.06 ; elapsed = 00:00:00.06 . Memory (MB): peak = 3127.438 ; gain = 0.000 ; free physical = 32997 ; free virtual = 49484

Phase 1.2 Setup Constraints And Sort Netlist
Phase 1.2 Setup Constraints And Sort Netlist | Checksum: 26792b011

Time (s): cpu = 00:00:00.09 ; elapsed = 00:00:00.09 . Memory (MB): peak = 3127.438 ; gain = 0.000 ; free physical = 33003 ; free virtual = 49491
Phase 1 Initialization | Checksum: 26792b011

Time (s): cpu = 00:00:00.1 ; elapsed = 00:00:00.1 . Memory (MB): peak = 3127.438 ; gain = 0.000 ; free physical = 33005 ; free virtual = 49493

Phase 2 Timer Update And Timing Data Collection

Phase 2.1 Timer Update
Phase 2.1 Timer Update | Checksum: 26792b011

Time (s): cpu = 00:00:09 ; elapsed = 00:00:02 . Memory (MB): peak = 3127.438 ; gain = 0.000 ; free physical = 32962 ; free virtual = 49450

Phase 2.2 Timing Data Collection
Phase 2.2 Timing Data Collection | Checksum: 26792b011

Time (s): cpu = 00:00:09 ; elapsed = 00:00:02 . Memory (MB): peak = 3127.438 ; gain = 0.000 ; free physical = 32983 ; free virtual = 49470
Phase 2 Timer Update And Timing Data Collection | Checksum: 26792b011

Time (s): cpu = 00:00:09 ; elapsed = 00:00:02 . Memory (MB): peak = 3127.438 ; gain = 0.000 ; free physical = 32983 ; free virtual = 49470

Phase 3 Retarget
INFO: [Opt 31-1851] Number of loadless carry chains removed were: 0
INFO: [Opt 31-1834] Total Chains To Be Transformed Were: 0 AND Number of Transformed insts Created are: 0
INFO: [Opt 31-1566] Pulled 31 inverters resulting in an inversion of 634 pins
INFO: [Opt 31-138] Pushed 18 inverter(s) to 110 load pin(s).
INFO: [Opt 31-49] Retargeted 0 cell(s).
Phase 3 Retarget | Checksum: 2616d1c35

Time (s): cpu = 00:00:10 ; elapsed = 00:00:03 . Memory (MB): peak = 3127.438 ; gain = 0.000 ; free physical = 32851 ; free virtual = 49339
Retarget | Checksum: 2616d1c35
INFO: [Opt 31-389] Phase Retarget created 198 cells and removed 342 cells
INFO: [Opt 31-1021] In phase Retarget, 20 netlist objects are constrained preventing optimization. Please run opt_design with -debug_log to get more detail. 

Phase 4 Constant propagation
INFO: [Opt 31-138] Pushed 0 inverter(s) to 0 load pin(s).
Phase 4 Constant propagation | Checksum: 1f0a34d3b

Time (s): cpu = 00:00:11 ; elapsed = 00:00:03 . Memory (MB): peak = 3127.438 ; gain = 0.000 ; free physical = 32880 ; free virtual = 49368
Constant propagation | Checksum: 1f0a34d3b
INFO: [Opt 31-389] Phase Constant propagation created 65 cells and removed 129 cells

Phase 5 Sweep
INFO: [Constraints 18-11670] Building netlist checker database with flags, 0x8
Done building netlist checker database: Time (s): cpu = 00:00:00.01 ; elapsed = 00:00:00.01 . Memory (MB): peak = 3127.438 ; gain = 0.000 ; free physical = 32898 ; free virtual = 49386
INFO: [Constraints 18-11670] Building netlist checker database with flags, 0x8
Done building netlist checker database: Time (s): cpu = 00:00:00.01 ; elapsed = 00:00:00.01 . Memory (MB): peak = 3127.438 ; gain = 0.000 ; free physical = 32963 ; free virtual = 49451
Phase 5 Sweep | Checksum: 2d4e2b168

Time (s): cpu = 00:00:12 ; elapsed = 00:00:04 . Memory (MB): peak = 3127.438 ; gain = 0.000 ; free physical = 33018 ; free virtual = 49506
Sweep | Checksum: 2d4e2b168
INFO: [Opt 31-389] Phase Sweep created 0 cells and removed 293 cells
INFO: [Opt 31-1021] In phase Sweep, 1 netlist objects are constrained preventing optimization. Please run opt_design with -debug_log to get more detail. 

Phase 6 BUFG optimization
INFO: [Opt 31-274] Optimized connectivity to 1 cascaded buffer cells
Phase 6 BUFG optimization | Checksum: 32ac2ff1a

Time (s): cpu = 00:00:13 ; elapsed = 00:00:05 . Memory (MB): peak = 3159.453 ; gain = 32.016 ; free physical = 32956 ; free virtual = 49444
BUFG optimization | Checksum: 32ac2ff1a
INFO: [Opt 31-662] Phase BUFG optimization created 0 cells of which 0 are BUFGs and removed 1 cells.

Phase 7 Shift Register Optimization
INFO: [Opt 31-1064] SRL Remap converted 0 SRLs to 0 registers and converted 0 registers of register chains to 0 SRLs
Phase 7 Shift Register Optimization | Checksum: 2e248b374

Time (s): cpu = 00:00:13 ; elapsed = 00:00:05 . Memory (MB): peak = 3159.453 ; gain = 32.016 ; free physical = 32953 ; free virtual = 49441
Shift Register Optimization | Checksum: 2e248b374
INFO: [Opt 31-389] Phase Shift Register Optimization created 13 cells and removed 0 cells

Phase 8 Post Processing Netlist
Phase 8 Post Processing Netlist | Checksum: 2c2e2eb4f

Time (s): cpu = 00:00:13 ; elapsed = 00:00:05 . Memory (MB): peak = 3159.453 ; gain = 32.016 ; free physical = 32985 ; free virtual = 49473
Post Processing Netlist | Checksum: 2c2e2eb4f
INFO: [Opt 31-389] Phase Post Processing Netlist created 0 cells and removed 0 cells

Phase 9 Finalization

Phase 9.1 Finalizing Design Cores and Updating Shapes
Phase 9.1 Finalizing Design Cores and Updating Shapes | Checksum: 2846e9f86

Time (s): cpu = 00:00:14 ; elapsed = 00:00:06 . Memory (MB): peak = 3159.453 ; gain = 32.016 ; free physical = 32937 ; free virtual = 49425

Phase 9.2 Verifying Netlist Connectivity

Starting Connectivity Check Task

Time (s): cpu = 00:00:00.08 ; elapsed = 00:00:00.08 . Memory (MB): peak = 3159.453 ; gain = 0.000 ; free physical = 32910 ; free virtual = 49398
Phase 9.2 Verifying Netlist Connectivity | Checksum: 2846e9f86

Time (s): cpu = 00:00:14 ; elapsed = 00:00:06 . Memory (MB): peak = 3159.453 ; gain = 32.016 ; free physical = 32909 ; free virtual = 49397
Phase 9 Finalization | Checksum: 2846e9f86

Time (s): cpu = 00:00:14 ; elapsed = 00:00:06 . Memory (MB): peak = 3159.453 ; gain = 32.016 ; free physical = 32909 ; free virtual = 49397
Opt_design Change Summary
=========================


-------------------------------------------------------------------------------------------------------------------------
|  Phase                        |  #Cells created  |  #Cells Removed  |  #Constrained objects preventing optimizations  |
-------------------------------------------------------------------------------------------------------------------------
|  Retarget                     |             198  |             342  |                                             20  |
|  Constant propagation         |              65  |             129  |                                              0  |
|  Sweep                        |               0  |             293  |                                              1  |
|  BUFG optimization            |               0  |               1  |                                              0  |
|  Shift Register Optimization  |              13  |               0  |                                              0  |
|  Post Processing Netlist      |               0  |               0  |                                              0  |
-------------------------------------------------------------------------------------------------------------------------


Ending Logic Optimization Task | Checksum: 2846e9f86

Time (s): cpu = 00:00:14 ; elapsed = 00:00:06 . Memory (MB): peak = 3159.453 ; gain = 32.016 ; free physical = 32909 ; free virtual = 49397

Starting Power Optimization Task
INFO: [Pwropt 34-132] Skipping clock gating for clocks with a period < 2.00 ns.
INFO: [Timing 38-35] Done setting XDC timing constraints.
Running Vector-less Activity Propagation...
INFO: [Pwropt 34-9] Applying IDT optimizations ...
INFO: [Pwropt 34-10] Applying ODC optimizations ...

Finished Running Vector-less Activity Propagation
WARNING: [Designutils 20-253] Can not set toggle rate to greater than 1.0. Setting it to the default value of 1.250000.
WARNING: [Designutils 20-253] Can not set toggle rate to greater than 1.0. Setting it to the default value of 1.250000.
WARNING: [Designutils 20-253] Can not set toggle rate to greater than 1.0. Setting it to the default value of 1.250000.
WARNING: [Designutils 20-253] Can not set toggle rate to greater than 1.0. Setting it to the default value of 1.250000.
WARNING: [Designutils 20-253] Can not set toggle rate to greater than 1.0. Setting it to the default value of 1.250000.
WARNING: [Designutils 20-253] Can not set toggle rate to greater than 1.0. Setting it to the default value of 1.250000.
WARNING: [Designutils 20-253] Can not set toggle rate to greater than 1.0. Setting it to the default value of 1.250000.
WARNING: [Designutils 20-253] Can not set toggle rate to greater than 1.0. Setting it to the default value of 1.250000.
WARNING: [Designutils 20-253] Can not set toggle rate to greater than 1.0. Setting it to the default value of 1.250000.
WARNING: [Designutils 20-253] Can not set toggle rate to greater than 1.0. Setting it to the default value of 1.250000.
WARNING: [Designutils 20-253] Can not set toggle rate to greater than 1.0. Setting it to the default value of 1.250000.
WARNING: [Designutils 20-253] Can not set toggle rate to greater than 1.0. Setting it to the default value of 1.250000.
WARNING: [Designutils 20-253] Can not set toggle rate to greater than 1.0. Setting it to the default value of 1.250000.
WARNING: [Designutils 20-253] Can not set toggle rate to greater than 1.0. Setting it to the default value of 1.250000.
WARNING: [Designutils 20-253] Can not set toggle rate to greater than 1.0. Setting it to the default value of 1.250000.
WARNING: [Designutils 20-253] Can not set toggle rate to greater than 1.0. Setting it to the default value of 1.250000.
WARNING: [Designutils 20-253] Can not set toggle rate to greater than 1.0. Setting it to the default value of 1.250000.
WARNING: [Designutils 20-253] Can not set toggle rate to greater than 1.0. Setting it to the default value of 1.250000.
WARNING: [Designutils 20-253] Can not set toggle rate to greater than 1.0. Setting it to the default value of 1.250000.
WARNING: [Designutils 20-253] Can not set toggle rate to greater than 1.0. Setting it to the default value of 1.250000.
WARNING: [Designutils 20-253] Can not set toggle rate to greater than 1.0. Setting it to the default value of 1.250000.
WARNING: [Designutils 20-253] Can not set toggle rate to greater than 1.0. Setting it to the default value of 1.250000.
WARNING: [Designutils 20-253] Can not set toggle rate to greater than 1.0. Setting it to the default value of 1.177686.
WARNING: [Designutils 20-253] Can not set toggle rate to greater than 1.0. Setting it to the default value of 1.177686.
WARNING: [Designutils 20-253] Can not set toggle rate to greater than 1.0. Setting it to the default value of 1.250000.
WARNING: [Designutils 20-253] Can not set toggle rate to greater than 1.0. Setting it to the default value of 1.250000.
WARNING: [Designutils 20-253] Can not set toggle rate to greater than 1.0. Setting it to the default value of 1.250000.
WARNING: [Designutils 20-253] Can not set toggle rate to greater than 1.0. Setting it to the default value of 1.250000.
WARNING: [Designutils 20-253] Can not set toggle rate to greater than 1.0. Setting it to the default value of 1.250000.
WARNING: [Designutils 20-253] Can not set toggle rate to greater than 1.0. Setting it to the default value of 1.250000.


Starting PowerOpt Patch Enables Task
INFO: [Pwropt 34-162] WRITE_MODE attribute of 0 BRAM(s) out of a total of 146 has been updated to save power. Run report_power_opt to get a complete listing of the BRAMs updated.
INFO: [Pwropt 34-201] Structural ODC has moved 12 WE to EN ports
Number of BRAM Ports augmented: 21 newly gated: 35 Total Ports: 292
Number of Flops added for Enable Generation: 1

Ending PowerOpt Patch Enables Task | Checksum: 1ce0d9396

Time (s): cpu = 00:00:00.5 ; elapsed = 00:00:00.43 . Memory (MB): peak = 4088.227 ; gain = 0.000 ; free physical = 32193 ; free virtual = 48682
Ending Power Optimization Task | Checksum: 1ce0d9396

Time (s): cpu = 00:00:25 ; elapsed = 00:00:10 . Memory (MB): peak = 4088.227 ; gain = 928.773 ; free physical = 32187 ; free virtual = 48676

Starting Final Cleanup Task

Starting Logic Optimization Task
INFO: [Timing 38-35] Done setting XDC timing constraints.
Ending Logic Optimization Task | Checksum: 269f7350f

Time (s): cpu = 00:00:15 ; elapsed = 00:00:05 . Memory (MB): peak = 4088.227 ; gain = 0.000 ; free physical = 31935 ; free virtual = 48424
Ending Final Cleanup Task | Checksum: 269f7350f

Time (s): cpu = 00:00:16 ; elapsed = 00:00:06 . Memory (MB): peak = 4088.227 ; gain = 0.000 ; free physical = 31940 ; free virtual = 48430

Starting Netlist Obfuscation Task
Netlist sorting complete. Time (s): cpu = 00:00:00.01 ; elapsed = 00:00:00.01 . Memory (MB): peak = 4088.227 ; gain = 0.000 ; free physical = 31945 ; free virtual = 48435
Ending Netlist Obfuscation Task | Checksum: 269f7350f

Time (s): cpu = 00:00:00.02 ; elapsed = 00:00:00.02 . Memory (MB): peak = 4088.227 ; gain = 0.000 ; free physical = 31945 ; free virtual = 48434
INFO: [Common 17-83] Releasing license: Implementation
49 Infos, 34 Warnings, 1 Critical Warnings and 0 Errors encountered.
opt_design completed successfully
opt_design: Time (s): cpu = 00:01:03 ; elapsed = 00:00:26 . Memory (MB): peak = 4088.227 ; gain = 1268.566 ; free physical = 31947 ; free virtual = 48437
INFO: [Vivado 12-24828] Executing command : report_drc -file main_drc_opted.rpt -pb main_drc_opted.pb -rpx main_drc_opted.rpx
Command: report_drc -file main_drc_opted.rpt -pb main_drc_opted.pb -rpx main_drc_opted.rpx
INFO: [IP_Flow 19-1839] IP Catalog is up to date.
INFO: [DRC 23-27] Running DRC with 8 threads
INFO: [Vivado_Tcl 2-168] The results of DRC are in file /media/tsmc/6a3f28f3-1a75-4d55-baf2-a6aa8be84a59/kwc/100t/ztachip/HW/examples/GHRD/ztachip.runs/impl_1/main_drc_opted.rpt.
report_drc completed successfully
INFO: [Timing 38-35] Done setting XDC timing constraints.
INFO: [Timing 38-480] Writing timing data to binary archive.
Wrote PlaceDB: Time (s): cpu = 00:00:00.04 ; elapsed = 00:00:00.01 . Memory (MB): peak = 4088.227 ; gain = 0.000 ; free physical = 31710 ; free virtual = 48202
Wrote PulsedLatchDB: Time (s): cpu = 00:00:00 ; elapsed = 00:00:00 . Memory (MB): peak = 4088.227 ; gain = 0.000 ; free physical = 31710 ; free virtual = 48202
Writing XDEF routing.
Writing XDEF routing logical nets.
Write ShapeDB Complete: Time (s): cpu = 00:00:00.46 ; elapsed = 00:00:00.1 . Memory (MB): peak = 4088.227 ; gain = 0.000 ; free physical = 31683 ; free virtual = 48188
Writing XDEF routing special nets.
Wrote RouteStorage: Time (s): cpu = 00:00:00.49 ; elapsed = 00:00:00.11 . Memory (MB): peak = 4088.227 ; gain = 0.000 ; free physical = 31683 ; free virtual = 48190
Wrote Netlist Cache: Time (s): cpu = 00:00:00 ; elapsed = 00:00:00 . Memory (MB): peak = 4088.227 ; gain = 0.000 ; free physical = 31683 ; free virtual = 48190
Wrote Device Cache: Time (s): cpu = 00:00:00.01 ; elapsed = 00:00:00 . Memory (MB): peak = 4088.227 ; gain = 0.000 ; free physical = 31683 ; free virtual = 48190
Write Physdb Complete: Time (s): cpu = 00:00:00.55 ; elapsed = 00:00:00.12 . Memory (MB): peak = 4088.227 ; gain = 0.000 ; free physical = 31683 ; free virtual = 48190
INFO: [Common 17-1381] The checkpoint '/media/tsmc/6a3f28f3-1a75-4d55-baf2-a6aa8be84a59/kwc/100t/ztachip/HW/examples/GHRD/ztachip.runs/impl_1/main_opt.dcp' has been generated.
write_checkpoint: Time (s): cpu = 00:00:09 ; elapsed = 00:00:05 . Memory (MB): peak = 4088.227 ; gain = 0.000 ; free physical = 31630 ; free virtual = 48143
Command: place_design
Attempting to get a license for feature 'Implementation' and/or device 'xc7a100t'
INFO: [Common 17-349] Got license for feature 'Implementation' and/or device 'xc7a100t'
INFO: [Common 17-83] Releasing license: Implementation
INFO: [DRC 23-27] Running DRC with 8 threads
INFO: [Vivado_Tcl 4-198] DRC finished with 0 Errors
INFO: [Vivado_Tcl 4-199] Please refer to the DRC report (report_drc) for more information.
Running DRC as a precondition to command place_design
INFO: [DRC 23-27] Running DRC with 8 threads
INFO: [Vivado_Tcl 4-198] DRC finished with 0 Errors, 43 Warnings, 4 Advisories
INFO: [Vivado_Tcl 4-199] Please refer to the DRC report (report_drc) for more information.
INFO: [Place 30-611] Multithreading enabled for place_design using a maximum of 8 CPUs

Starting Placer Task

Phase 1 Placer Initialization

Phase 1.1 Placer Initialization Netlist Sorting
Netlist sorting complete. Time (s): cpu = 00:00:00.02 ; elapsed = 00:00:00.01 . Memory (MB): peak = 4088.227 ; gain = 0.000 ; free physical = 31590 ; free virtual = 48102
Phase 1.1 Placer Initialization Netlist Sorting | Checksum: 256963e9f

Time (s): cpu = 00:00:00.03 ; elapsed = 00:00:00.03 . Memory (MB): peak = 4088.227 ; gain = 0.000 ; free physical = 31590 ; free virtual = 48102
Netlist sorting complete. Time (s): cpu = 00:00:00.01 ; elapsed = 00:00:00.01 . Memory (MB): peak = 4088.227 ; gain = 0.000 ; free physical = 31590 ; free virtual = 48102

Phase 1.2 IO Placement/ Clock Placement/ Build Placer Device
WARNING: [Place 30-574] Poor placement for routing between an IO pin and BUFG. This is normally an ERROR but the CLOCK_DEDICATED_ROUTE constraint is set to FALSE allowing your design to continue. The use of this override is highly discouraged as it may lead to very poor timing results. It is recommended that this error condition be corrected in the design.

	CAMERA_PCLK_IBUF_inst (IBUF.O) is locked to IOB_X0Y58
	CAMERA_PCLK_IBUF_BUFG_inst (BUFG.I) is provisionally placed by clockplacer on BUFGCTRL_X0Y1
Resolution: Poor placement of an IO pin and a BUFG has resulted in the router using a non-dedicated path between the two.  There are several things that could trigger this DRC, each of which can cause unpredictable clock insertion delays that result in poor timing.  This DRC could be caused by any of the following: (a) a clock port was placed on a pin that is not a CCIO-pin (b)the BUFG has not been placed in the same half of the device or SLR as the CCIO-pin (c) a single ended clock has been placed on the N-Side of a differential pair CCIO-pin.
Phase 1.2 IO Placement/ Clock Placement/ Build Placer Device | Checksum: 101eb5969

Time (s): cpu = 00:00:06 ; elapsed = 00:00:03 . Memory (MB): peak = 4088.227 ; gain = 0.000 ; free physical = 31550 ; free virtual = 48062

Phase 1.3 Build Placer Netlist Model
Phase 1.3 Build Placer Netlist Model | Checksum: 299acaf19

Time (s): cpu = 00:00:30 ; elapsed = 00:00:13 . Memory (MB): peak = 4088.227 ; gain = 0.000 ; free physical = 31707 ; free virtual = 48220

Phase 1.4 Constrain Clocks/Macros
Phase 1.4 Constrain Clocks/Macros | Checksum: 299acaf19

Time (s): cpu = 00:00:30 ; elapsed = 00:00:13 . Memory (MB): peak = 4088.227 ; gain = 0.000 ; free physical = 31699 ; free virtual = 48213
Phase 1 Placer Initialization | Checksum: 299acaf19

Time (s): cpu = 00:00:30 ; elapsed = 00:00:13 . Memory (MB): peak = 4088.227 ; gain = 0.000 ; free physical = 31690 ; free virtual = 48203

Phase 2 Global Placement

Phase 2.1 Floorplanning
Phase 2.1 Floorplanning | Checksum: 1c54dce7b

Time (s): cpu = 00:00:40 ; elapsed = 00:00:16 . Memory (MB): peak = 4088.227 ; gain = 0.000 ; free physical = 33819 ; free virtual = 50332

Phase 2.2 Update Timing before SLR Path Opt
Phase 2.2 Update Timing before SLR Path Opt | Checksum: 214334888

Time (s): cpu = 00:00:47 ; elapsed = 00:00:18 . Memory (MB): peak = 4088.227 ; gain = 0.000 ; free physical = 33522 ; free virtual = 50035

Phase 2.3 Post-Processing in Floorplanning
Phase 2.3 Post-Processing in Floorplanning | Checksum: 214334888

Time (s): cpu = 00:00:47 ; elapsed = 00:00:19 . Memory (MB): peak = 4088.227 ; gain = 0.000 ; free physical = 33535 ; free virtual = 50049

Phase 2.4 Global Place Phase1
Phase 2.4 Global Place Phase1 | Checksum: 23137a1e3

Time (s): cpu = 00:02:08 ; elapsed = 00:00:48 . Memory (MB): peak = 4088.227 ; gain = 0.000 ; free physical = 33996 ; free virtual = 50513

Phase 2.5 Global Place Phase2

Phase 2.5.1 UpdateTiming Before Physical Synthesis
Phase 2.5.1 UpdateTiming Before Physical Synthesis | Checksum: 2990f2d69

Time (s): cpu = 00:02:17 ; elapsed = 00:00:50 . Memory (MB): peak = 4088.227 ; gain = 0.000 ; free physical = 33769 ; free virtual = 50285

Phase 2.5.2 Physical Synthesis In Placer
INFO: [Physopt 32-1035] Found 473 LUTNM shape to break, 2349 LUT instances to create LUTNM shape
INFO: [Physopt 32-1044] Break lutnm for timing: one critical 258, two critical 215, total 473, new lutff created 9
INFO: [Physopt 32-1138] End 1 Pass. Optimized 1381 nets or LUTs. Breaked 473 LUTs, combined 908 existing LUTs and moved 0 existing LUT
INFO: [Physopt 32-1132] Very high fanout net 'soc_base_inst/ztachip_inst/core_i/GEN_CELL[0].cell_i/GEN_REG[1].GEN1.pcore_i/register_bank_i/register_file_i/ram3_i/address_a_r_reg_n_0_[0]' is not considered as a candidate in VHFN optimization. The fanout considered for this optimization is changed from 1536 to 257 due to a timing constraint that prevent optimization on all of the loads. To force replication, set the FORCE_MAX_FANOUT property on the net to a number less than 257.
INFO: [Physopt 32-1132] Very high fanout net 'soc_base_inst/ztachip_inst/core_i/GEN_CELL[0].cell_i/GEN_REG[1].GEN1.pcore_i/register_bank_i/register_file_i/ram3_i/address_a_r_reg_n_0_[1]' is not considered as a candidate in VHFN optimization. The fanout considered for this optimization is changed from 1536 to 257 due to a timing constraint that prevent optimization on all of the loads. To force replication, set the FORCE_MAX_FANOUT property on the net to a number less than 257.
INFO: [Physopt 32-1132] Very high fanout net 'soc_base_inst/ztachip_inst/core_i/GEN_CELL[0].cell_i/GEN_REG[1].GEN1.pcore_i/register_bank_i/register_file_i/ram3_i/address_a_r_reg_n_0_[2]' is not considered as a candidate in VHFN optimization. The fanout considered for this optimization is changed from 1536 to 257 due to a timing constraint that prevent optimization on all of the loads. To force replication, set the FORCE_MAX_FANOUT property on the net to a number less than 257.
INFO: [Physopt 32-1132] Very high fanout net 'soc_base_inst/ztachip_inst/core_i/GEN_CELL[0].cell_i/GEN_REG[1].GEN1.pcore_i/register_bank_i/register_file_i/ram3_i/address_a_r_reg_n_0_[3]' is not considered as a candidate in VHFN optimization. The fanout considered for this optimization is changed from 1536 to 257 due to a timing constraint that prevent optimization on all of the loads. To force replication, set the FORCE_MAX_FANOUT property on the net to a number less than 257.
INFO: [Physopt 32-1132] Very high fanout net 'soc_base_inst/ztachip_inst/core_i/GEN_CELL[0].cell_i/GEN_REG[1].GEN1.pcore_i/register_bank_i/register_file_i/ram3_i/address_a_r_reg_n_0_[4]' is not considered as a candidate in VHFN optimization. The fanout considered for this optimization is changed from 1536 to 257 due to a timing constraint that prevent optimization on all of the loads. To force replication, set the FORCE_MAX_FANOUT property on the net to a number less than 257.
INFO: [Physopt 32-1132] Very high fanout net 'soc_base_inst/ztachip_inst/core_i/GEN_CELL[0].cell_i/GEN_REG[1].GEN1.pcore_i/register_bank_i/register_file_i/ram3_i/address_a_r_reg_n_0_[5]' is not considered as a candidate in VHFN optimization. The fanout considered for this optimization is changed from 1536 to 257 due to a timing constraint that prevent optimization on all of the loads. To force replication, set the FORCE_MAX_FANOUT property on the net to a number less than 257.
INFO: [Physopt 32-1132] Very high fanout net 'soc_base_inst/ztachip_inst/core_i/GEN_CELL[0].cell_i/GEN_REG[1].GEN1.pcore_i/register_bank_i/register_file_i/ram3_i/address_a_r_reg_n_0_[6]' is not considered as a candidate in VHFN optimization. The fanout considered for this optimization is changed from 1280 to 257 due to a timing constraint that prevent optimization on all of the loads. To force replication, set the FORCE_MAX_FANOUT property on the net to a number less than 257.
INFO: [Physopt 32-1132] Very high fanout net 'soc_base_inst/ztachip_inst/core_i/GEN_CELL[0].cell_i/GEN_REG[1].GEN1.pcore_i/register_bank_i/register_file_i2/ram3_i/address_a_r_reg_n_0_[0]' is not considered as a candidate in VHFN optimization. The fanout considered for this optimization is changed from 1536 to 257 due to a timing constraint that prevent optimization on all of the loads. To force replication, set the FORCE_MAX_FANOUT property on the net to a number less than 257.
INFO: [Physopt 32-1132] Very high fanout net 'soc_base_inst/ztachip_inst/core_i/GEN_CELL[0].cell_i/GEN_REG[1].GEN1.pcore_i/register_bank_i/register_file_i2/ram3_i/address_a_r_reg_n_0_[1]' is not considered as a candidate in VHFN optimization. The fanout considered for this optimization is changed from 1536 to 257 due to a timing constraint that prevent optimization on all of the loads. To force replication, set the FORCE_MAX_FANOUT property on the net to a number less than 257.
INFO: [Physopt 32-1132] Very high fanout net 'soc_base_inst/ztachip_inst/core_i/GEN_CELL[0].cell_i/GEN_REG[1].GEN1.pcore_i/register_bank_i/register_file_i2/ram3_i/address_a_r_reg_n_0_[2]' is not considered as a candidate in VHFN optimization. The fanout considered for this optimization is changed from 1536 to 257 due to a timing constraint that prevent optimization on all of the loads. To force replication, set the FORCE_MAX_FANOUT property on the net to a number less than 257.
INFO: [Physopt 32-1132] Very high fanout net 'soc_base_inst/ztachip_inst/core_i/GEN_CELL[0].cell_i/GEN_REG[1].GEN1.pcore_i/register_bank_i/register_file_i2/ram3_i/address_a_r_reg_n_0_[3]' is not considered as a candidate in VHFN optimization. The fanout considered for this optimization is changed from 1536 to 257 due to a timing constraint that prevent optimization on all of the loads. To force replication, set the FORCE_MAX_FANOUT property on the net to a number less than 257.
INFO: [Physopt 32-1132] Very high fanout net 'soc_base_inst/ztachip_inst/core_i/GEN_CELL[0].cell_i/GEN_REG[1].GEN1.pcore_i/register_bank_i/register_file_i2/ram3_i/address_a_r_reg_n_0_[4]' is not considered as a candidate in VHFN optimization. The fanout considered for this optimization is changed from 1536 to 257 due to a timing constraint that prevent optimization on all of the loads. To force replication, set the FORCE_MAX_FANOUT property on the net to a number less than 257.
INFO: [Physopt 32-1132] Very high fanout net 'soc_base_inst/ztachip_inst/core_i/GEN_CELL[0].cell_i/GEN_REG[1].GEN1.pcore_i/register_bank_i/register_file_i2/ram3_i/address_a_r_reg_n_0_[5]' is not considered as a candidate in VHFN optimization. The fanout considered for this optimization is changed from 1536 to 257 due to a timing constraint that prevent optimization on all of the loads. To force replication, set the FORCE_MAX_FANOUT property on the net to a number less than 257.
INFO: [Physopt 32-1132] Very high fanout net 'soc_base_inst/ztachip_inst/core_i/GEN_CELL[0].cell_i/GEN_REG[1].GEN1.pcore_i/register_bank_i/register_file_i2/ram3_i/address_a_r_reg_n_0_[6]' is not considered as a candidate in VHFN optimization. The fanout considered for this optimization is changed from 1280 to 257 due to a timing constraint that prevent optimization on all of the loads. To force replication, set the FORCE_MAX_FANOUT property on the net to a number less than 257.
INFO: [Physopt 32-1132] Very high fanout net 'soc_base_inst/ztachip_inst/core_i/GEN_CELL[0].cell_i/GEN_REG[2].GEN1.pcore_i/register_bank_i/register_file_i/ram3_i/address_a_r_reg_n_0_[0]' is not considered as a candidate in VHFN optimization. The fanout considered for this optimization is changed from 1536 to 257 due to a timing constraint that prevent optimization on all of the loads. To force replication, set the FORCE_MAX_FANOUT property on the net to a number less than 257.
INFO: [Physopt 32-1132] Very high fanout net 'soc_base_inst/ztachip_inst/core_i/GEN_CELL[0].cell_i/GEN_REG[2].GEN1.pcore_i/register_bank_i/register_file_i/ram3_i/address_a_r_reg_n_0_[1]' is not considered as a candidate in VHFN optimization. The fanout considered for this optimization is changed from 1536 to 257 due to a timing constraint that prevent optimization on all of the loads. To force replication, set the FORCE_MAX_FANOUT property on the net to a number less than 257.
INFO: [Physopt 32-1132] Very high fanout net 'soc_base_inst/ztachip_inst/core_i/GEN_CELL[0].cell_i/GEN_REG[2].GEN1.pcore_i/register_bank_i/register_file_i/ram3_i/address_a_r_reg_n_0_[2]' is not considered as a candidate in VHFN optimization. The fanout considered for this optimization is changed from 1536 to 257 due to a timing constraint that prevent optimization on all of the loads. To force replication, set the FORCE_MAX_FANOUT property on the net to a number less than 257.
INFO: [Physopt 32-1132] Very high fanout net 'soc_base_inst/ztachip_inst/core_i/GEN_CELL[0].cell_i/GEN_REG[2].GEN1.pcore_i/register_bank_i/register_file_i/ram3_i/address_a_r_reg_n_0_[3]' is not considered as a candidate in VHFN optimization. The fanout considered for this optimization is changed from 1536 to 257 due to a timing constraint that prevent optimization on all of the loads. To force replication, set the FORCE_MAX_FANOUT property on the net to a number less than 257.
INFO: [Physopt 32-1132] Very high fanout net 'soc_base_inst/ztachip_inst/core_i/GEN_CELL[0].cell_i/GEN_REG[2].GEN1.pcore_i/register_bank_i/register_file_i/ram3_i/address_a_r_reg_n_0_[4]' is not considered as a candidate in VHFN optimization. The fanout considered for this optimization is changed from 1536 to 257 due to a timing constraint that prevent optimization on all of the loads. To force replication, set the FORCE_MAX_FANOUT property on the net to a number less than 257.
INFO: [Physopt 32-1132] Very high fanout net 'soc_base_inst/ztachip_inst/core_i/GEN_CELL[0].cell_i/GEN_REG[2].GEN1.pcore_i/register_bank_i/register_file_i/ram3_i/address_a_r_reg_n_0_[5]' is not considered as a candidate in VHFN optimization. The fanout considered for this optimization is changed from 1536 to 257 due to a timing constraint that prevent optimization on all of the loads. To force replication, set the FORCE_MAX_FANOUT property on the net to a number less than 257.
INFO: [Physopt 32-1132] Very high fanout net 'soc_base_inst/ztachip_inst/core_i/GEN_CELL[0].cell_i/GEN_REG[2].GEN1.pcore_i/register_bank_i/register_file_i/ram3_i/address_a_r_reg_n_0_[6]' is not considered as a candidate in VHFN optimization. The fanout considered for this optimization is changed from 1280 to 257 due to a timing constraint that prevent optimization on all of the loads. To force replication, set the FORCE_MAX_FANOUT property on the net to a number less than 257.
INFO: [Physopt 32-1132] Very high fanout net 'soc_base_inst/ztachip_inst/core_i/GEN_CELL[0].cell_i/GEN_REG[2].GEN1.pcore_i/register_bank_i/register_file_i2/ram3_i/address_a_r_reg_n_0_[0]' is not considered as a candidate in VHFN optimization. The fanout considered for this optimization is changed from 1536 to 257 due to a timing constraint that prevent optimization on all of the loads. To force replication, set the FORCE_MAX_FANOUT property on the net to a number less than 257.
INFO: [Physopt 32-1132] Very high fanout net 'soc_base_inst/ztachip_inst/core_i/GEN_CELL[0].cell_i/GEN_REG[2].GEN1.pcore_i/register_bank_i/register_file_i2/ram3_i/address_a_r_reg_n_0_[1]' is not considered as a candidate in VHFN optimization. The fanout considered for this optimization is changed from 1536 to 257 due to a timing constraint that prevent optimization on all of the loads. To force replication, set the FORCE_MAX_FANOUT property on the net to a number less than 257.
INFO: [Physopt 32-1132] Very high fanout net 'soc_base_inst/ztachip_inst/core_i/GEN_CELL[0].cell_i/GEN_REG[2].GEN1.pcore_i/register_bank_i/register_file_i2/ram3_i/address_a_r_reg_n_0_[2]' is not considered as a candidate in VHFN optimization. The fanout considered for this optimization is changed from 1536 to 257 due to a timing constraint that prevent optimization on all of the loads. To force replication, set the FORCE_MAX_FANOUT property on the net to a number less than 257.
INFO: [Physopt 32-1132] Very high fanout net 'soc_base_inst/ztachip_inst/core_i/GEN_CELL[0].cell_i/GEN_REG[2].GEN1.pcore_i/register_bank_i/register_file_i2/ram3_i/address_a_r_reg_n_0_[3]' is not considered as a candidate in VHFN optimization. The fanout considered for this optimization is changed from 1536 to 257 due to a timing constraint that prevent optimization on all of the loads. To force replication, set the FORCE_MAX_FANOUT property on the net to a number less than 257.
INFO: [Physopt 32-1132] Very high fanout net 'soc_base_inst/ztachip_inst/core_i/GEN_CELL[0].cell_i/GEN_REG[2].GEN1.pcore_i/register_bank_i/register_file_i2/ram3_i/address_a_r_reg_n_0_[4]' is not considered as a candidate in VHFN optimization. The fanout considered for this optimization is changed from 1536 to 257 due to a timing constraint that prevent optimization on all of the loads. To force replication, set the FORCE_MAX_FANOUT property on the net to a number less than 257.
INFO: [Physopt 32-1132] Very high fanout net 'soc_base_inst/ztachip_inst/core_i/GEN_CELL[0].cell_i/GEN_REG[2].GEN1.pcore_i/register_bank_i/register_file_i2/ram3_i/address_a_r_reg_n_0_[5]' is not considered as a candidate in VHFN optimization. The fanout considered for this optimization is changed from 1536 to 257 due to a timing constraint that prevent optimization on all of the loads. To force replication, set the FORCE_MAX_FANOUT property on the net to a number less than 257.
INFO: [Physopt 32-1132] Very high fanout net 'soc_base_inst/ztachip_inst/core_i/GEN_CELL[0].cell_i/GEN_REG[2].GEN1.pcore_i/register_bank_i/register_file_i2/ram3_i/address_a_r_reg_n_0_[6]' is not considered as a candidate in VHFN optimization. The fanout considered for this optimization is changed from 1280 to 257 due to a timing constraint that prevent optimization on all of the loads. To force replication, set the FORCE_MAX_FANOUT property on the net to a number less than 257.
INFO: [Physopt 32-1132] Very high fanout net 'soc_base_inst/ztachip_inst/core_i/GEN_CELL[0].cell_i/GEN_REG[3].GEN1.pcore_i/register_bank_i/register_file_i/ram3_i/address_a_r_reg_n_0_[0]' is not considered as a candidate in VHFN optimization. The fanout considered for this optimization is changed from 1536 to 257 due to a timing constraint that prevent optimization on all of the loads. To force replication, set the FORCE_MAX_FANOUT property on the net to a number less than 257.
INFO: [Physopt 32-1132] Very high fanout net 'soc_base_inst/ztachip_inst/core_i/GEN_CELL[0].cell_i/GEN_REG[3].GEN1.pcore_i/register_bank_i/register_file_i/ram3_i/address_a_r_reg_n_0_[1]' is not considered as a candidate in VHFN optimization. The fanout considered for this optimization is changed from 1536 to 257 due to a timing constraint that prevent optimization on all of the loads. To force replication, set the FORCE_MAX_FANOUT property on the net to a number less than 257.
INFO: [Physopt 32-1132] Very high fanout net 'soc_base_inst/ztachip_inst/core_i/GEN_CELL[0].cell_i/GEN_REG[3].GEN1.pcore_i/register_bank_i/register_file_i/ram3_i/address_a_r_reg_n_0_[2]' is not considered as a candidate in VHFN optimization. The fanout considered for this optimization is changed from 1536 to 257 due to a timing constraint that prevent optimization on all of the loads. To force replication, set the FORCE_MAX_FANOUT property on the net to a number less than 257.
INFO: [Physopt 32-1132] Very high fanout net 'soc_base_inst/ztachip_inst/core_i/GEN_CELL[0].cell_i/GEN_REG[3].GEN1.pcore_i/register_bank_i/register_file_i/ram3_i/address_a_r_reg_n_0_[3]' is not considered as a candidate in VHFN optimization. The fanout considered for this optimization is changed from 1536 to 257 due to a timing constraint that prevent optimization on all of the loads. To force replication, set the FORCE_MAX_FANOUT property on the net to a number less than 257.
INFO: [Physopt 32-1132] Very high fanout net 'soc_base_inst/ztachip_inst/core_i/GEN_CELL[0].cell_i/GEN_REG[3].GEN1.pcore_i/register_bank_i/register_file_i/ram3_i/address_a_r_reg_n_0_[4]' is not considered as a candidate in VHFN optimization. The fanout considered for this optimization is changed from 1536 to 257 due to a timing constraint that prevent optimization on all of the loads. To force replication, set the FORCE_MAX_FANOUT property on the net to a number less than 257.
INFO: [Physopt 32-1132] Very high fanout net 'soc_base_inst/ztachip_inst/core_i/GEN_CELL[0].cell_i/GEN_REG[3].GEN1.pcore_i/register_bank_i/register_file_i/ram3_i/address_a_r_reg_n_0_[5]' is not considered as a candidate in VHFN optimization. The fanout considered for this optimization is changed from 1536 to 257 due to a timing constraint that prevent optimization on all of the loads. To force replication, set the FORCE_MAX_FANOUT property on the net to a number less than 257.
INFO: [Physopt 32-1132] Very high fanout net 'soc_base_inst/ztachip_inst/core_i/GEN_CELL[0].cell_i/GEN_REG[3].GEN1.pcore_i/register_bank_i/register_file_i/ram3_i/address_a_r_reg_n_0_[6]' is not considered as a candidate in VHFN optimization. The fanout considered for this optimization is changed from 1280 to 257 due to a timing constraint that prevent optimization on all of the loads. To force replication, set the FORCE_MAX_FANOUT property on the net to a number less than 257.
INFO: [Physopt 32-1132] Very high fanout net 'soc_base_inst/ztachip_inst/core_i/GEN_STREAM_1[7].stream_i1/lookup_i/xpm_memory_spram_inst/address_a[7]' is not considered as a candidate in VHFN optimization. The fanout considered for this optimization is changed from 1364 to 277 due to a timing constraint that prevent optimization on all of the loads. To force replication, set the FORCE_MAX_FANOUT property on the net to a number less than 277.
INFO: [Physopt 32-1408] Pass 1. Identified 1 candidate net for high-fanout optimization.
INFO: [Physopt 32-81] Processed net soc_base_inst/ztachip_inst/dp_1_i/dp0_i/dp_fetch_1_i/fifo_i/GEN1.fifo_i/w_avail_r_reg_n_0. Replicated 8 times.
INFO: [Physopt 32-232] Optimized 1 net. Created 8 new instances.
INFO: [Physopt 32-775] End 1 Pass. Optimized 1 net or cell. Created 8 new cells, deleted 0 existing cell and moved 0 existing cell
Netlist sorting complete. Time (s): cpu = 00:00:00.04 ; elapsed = 00:00:00.04 . Memory (MB): peak = 4088.227 ; gain = 0.000 ; free physical = 33526 ; free virtual = 50043
INFO: [Physopt 32-46] Identified 15 candidate nets for critical-cell optimization.
INFO: [Physopt 32-571] Net soc_base_inst/ztachip_inst/dp_1_i/dp0_i/dp_sink3_i/dp_sink_fifo_i/waddr_r_reg[0] was not replicated.
INFO: [Physopt 32-232] Optimized 0 net. Created 0 new instance.
INFO: [Physopt 32-775] End 1 Pass. Optimized 0 net or cell. Created 0 new cell, deleted 0 existing cell and moved 0 existing cell
INFO: [Physopt 32-456] No candidate cells for DSP register optimization found in the design.
INFO: [Physopt 32-775] End 2 Pass. Optimized 0 net or cell. Created 0 new cell, deleted 0 existing cell and moved 0 existing cell
INFO: [Physopt 32-1123] No candidate cells found for Shift Register to Pipeline optimization
INFO: [Physopt 32-775] End 2 Pass. Optimized 0 net or cell. Created 0 new cell, deleted 0 existing cell and moved 0 existing cell
INFO: [Physopt 32-1402] Pass 1: Identified 1 candidate cell for Shift Register optimization.
INFO: [Physopt 32-775] End 1 Pass. Optimized 1 net or cell. Created 1 new cell, deleted 0 existing cell and moved 0 existing cell
Netlist sorting complete. Time (s): cpu = 00:00:00.04 ; elapsed = 00:00:00.04 . Memory (MB): peak = 4088.227 ; gain = 0.000 ; free physical = 33537 ; free virtual = 50053
INFO: [Physopt 32-526] No candidate cells for BRAM register optimization found in the design
INFO: [Physopt 32-775] End 1 Pass. Optimized 0 net or cell. Created 0 new cell, deleted 0 existing cell and moved 0 existing cell
INFO: [Physopt 32-846] No candidate cells for URAM register optimization found in the design
INFO: [Physopt 32-775] End 1 Pass. Optimized 0 net or cell. Created 0 new cell, deleted 0 existing cell and moved 0 existing cell
INFO: [Physopt 32-846] No candidate cells for URAM register optimization found in the design
INFO: [Physopt 32-775] End 1 Pass. Optimized 0 net or cell. Created 0 new cell, deleted 0 existing cell and moved 0 existing cell
INFO: [Physopt 32-949] No candidate nets found for dynamic/static region interface net replication
INFO: [Physopt 32-775] End 1 Pass. Optimized 0 net or cell. Created 0 new cell, deleted 0 existing cell and moved 0 existing cell
Netlist sorting complete. Time (s): cpu = 00:00:00.02 ; elapsed = 00:00:00.02 . Memory (MB): peak = 4088.227 ; gain = 0.000 ; free physical = 33495 ; free virtual = 50012

Summary of Physical Synthesis Optimizations
============================================


-----------------------------------------------------------------------------------------------------------------------------------------------------------
|  Optimization                                     |  Added Cells  |  Removed Cells  |  Optimized Cells/Nets  |  Dont Touch  |  Iterations  |  Elapsed   |
-----------------------------------------------------------------------------------------------------------------------------------------------------------
|  LUT Combining                                    |          473  |            908  |                  1381  |           0  |           1  |  00:00:01  |
|  Retime                                           |            0  |              0  |                     0  |           0  |           1  |  00:00:00  |
|  Very High Fanout                                 |            8  |              0  |                     1  |           0  |           1  |  00:00:01  |
|  Critical Cell                                    |            0  |              0  |                     0  |           0  |           1  |  00:00:00  |
|  DSP Register                                     |            0  |              0  |                     0  |           0  |           1  |  00:00:00  |
|  Shift Register to Pipeline                       |            0  |              0  |                     0  |           0  |           1  |  00:00:00  |
|  Shift Register                                   |            1  |              0  |                     1  |           0  |           1  |  00:00:00  |
|  BRAM Register                                    |            0  |              0  |                     0  |           0  |           1  |  00:00:00  |
|  URAM Register                                    |            0  |              0  |                     0  |           0  |           1  |  00:00:00  |
|  Dynamic/Static Region Interface Net Replication  |            0  |              0  |                     0  |           0  |           1  |  00:00:00  |
|  Total                                            |          482  |            908  |                  1383  |           0  |          10  |  00:00:02  |
-----------------------------------------------------------------------------------------------------------------------------------------------------------


Phase 2.5.2 Physical Synthesis In Placer | Checksum: 206c14255

Time (s): cpu = 00:02:27 ; elapsed = 00:00:55 . Memory (MB): peak = 4088.227 ; gain = 0.000 ; free physical = 33351 ; free virtual = 49868
Phase 2.5 Global Place Phase2 | Checksum: 1d2fd82a4

Time (s): cpu = 00:02:41 ; elapsed = 00:01:00 . Memory (MB): peak = 4088.227 ; gain = 0.000 ; free physical = 33151 ; free virtual = 49669
Phase 2 Global Placement | Checksum: 1d2fd82a4

Time (s): cpu = 00:02:41 ; elapsed = 00:01:00 . Memory (MB): peak = 4088.227 ; gain = 0.000 ; free physical = 33165 ; free virtual = 49682

Phase 3 Detail Placement

Phase 3.1 Commit Multi Column Macros
Phase 3.1 Commit Multi Column Macros | Checksum: 1a752901d

Time (s): cpu = 00:02:49 ; elapsed = 00:01:03 . Memory (MB): peak = 4088.227 ; gain = 0.000 ; free physical = 33128 ; free virtual = 49646

Phase 3.2 Commit Most Macros & LUTRAMs
Phase 3.2 Commit Most Macros & LUTRAMs | Checksum: 1eae381e3

Time (s): cpu = 00:03:05 ; elapsed = 00:01:09 . Memory (MB): peak = 4088.227 ; gain = 0.000 ; free physical = 32917 ; free virtual = 49426

Phase 3.3 Area Swap Optimization
Phase 3.3 Area Swap Optimization | Checksum: 19e4a4b96

Time (s): cpu = 00:03:07 ; elapsed = 00:01:10 . Memory (MB): peak = 4088.227 ; gain = 0.000 ; free physical = 32835 ; free virtual = 49343

Phase 3.4 Pipeline Register Optimization
Phase 3.4 Pipeline Register Optimization | Checksum: 26f00d300

Time (s): cpu = 00:03:07 ; elapsed = 00:01:10 . Memory (MB): peak = 4088.227 ; gain = 0.000 ; free physical = 32827 ; free virtual = 49336

Phase 3.5 Fast Optimization
Phase 3.5 Fast Optimization | Checksum: 2558eb200

Time (s): cpu = 00:03:39 ; elapsed = 00:01:28 . Memory (MB): peak = 4088.227 ; gain = 0.000 ; free physical = 33427 ; free virtual = 49938

Phase 3.6 Small Shape Detail Placement
Phase 3.6 Small Shape Detail Placement | Checksum: 174f62c37

Time (s): cpu = 00:04:01 ; elapsed = 00:01:48 . Memory (MB): peak = 4088.227 ; gain = 0.000 ; free physical = 32487 ; free virtual = 48999

Phase 3.7 Re-assign LUT pins
Phase 3.7 Re-assign LUT pins | Checksum: 1a490f4e4

Time (s): cpu = 00:04:04 ; elapsed = 00:01:50 . Memory (MB): peak = 4088.227 ; gain = 0.000 ; free physical = 32448 ; free virtual = 48960

Phase 3.8 Pipeline Register Optimization
Phase 3.8 Pipeline Register Optimization | Checksum: 13447a96a

Time (s): cpu = 00:04:05 ; elapsed = 00:01:51 . Memory (MB): peak = 4088.227 ; gain = 0.000 ; free physical = 32456 ; free virtual = 48968

Phase 3.9 Fast Optimization
Phase 3.9 Fast Optimization | Checksum: 1f4897cbe

Time (s): cpu = 00:04:37 ; elapsed = 00:02:02 . Memory (MB): peak = 4088.227 ; gain = 0.000 ; free physical = 32568 ; free virtual = 49081
Phase 3 Detail Placement | Checksum: 1f4897cbe

Time (s): cpu = 00:04:38 ; elapsed = 00:02:03 . Memory (MB): peak = 4088.227 ; gain = 0.000 ; free physical = 32537 ; free virtual = 49050

Phase 4 Post Placement Optimization and Clean-Up

Phase 4.1 Post Commit Optimization
INFO: [Timing 38-35] Done setting XDC timing constraints.

Phase 4.1.1 Post Placement Optimization
Post Placement Optimization Initialization | Checksum: 2b92fbe6b

Phase 4.1.1.1 BUFG Insertion

Starting Physical Synthesis Task

Phase 1 Physical Synthesis Initialization
INFO: [Physopt 32-721] Multithreading enabled for phys_opt_design using a maximum of 8 CPUs
INFO: [Physopt 32-619] Estimated Timing Summary | WNS=-3.216 | TNS=-5540.931 |
Phase 1 Physical Synthesis Initialization | Checksum: 20fa7daa3

Time (s): cpu = 00:00:09 ; elapsed = 00:00:02 . Memory (MB): peak = 4088.227 ; gain = 0.000 ; free physical = 32267 ; free virtual = 48781
INFO: [Place 46-33] Processed net soc_base_inst/ztachip_inst/dp_1_i/dp0_i/dp_fetch_1_i/fifo_i/GEN1.fifo_i/writeready_out, BUFG insertion was skipped due to placement/routing conflicts.
INFO: [Place 46-33] Processed net soc_base_inst/ztachip_inst/dp_1_i/dp0_i/dp_fetch_1_i/fifo_i/GEN1.fifo_i/fifo_i/q_r_0, BUFG insertion was skipped due to placement/routing conflicts.
INFO: [Place 46-33] Processed net soc_base_inst/ztachip_inst/dp_1_i/dp0_i/dp_gen_core_i/dp_gen_primary_i/i___379_n_0, BUFG insertion was skipped due to placement/routing conflicts.
INFO: [Place 46-33] Processed net soc_base_inst/ztachip_inst/dp_1_i/dp0_i/dp_gen_core_i/dp_gen_secondary_i/i___379_n_0, BUFG insertion was skipped due to placement/routing conflicts.
INFO: [Place 46-33] Processed net soc_base_inst/ztachip_inst/dp_1_i/dp0_i/dp_fetch_1_i/fifo_i/readdata1_r[1631]_i_1_n_0, BUFG insertion was skipped due to placement/routing conflicts.
INFO: [Place 46-33] Processed net soc_base_inst/ztachip_inst/dp_1_i/dp0_i/dp_fetch_1_i/fifo_i/readdata2_r[1631]_i_1_n_0, BUFG insertion was skipped due to placement/routing conflicts.
INFO: [Place 46-56] BUFG insertion identified 6 candidate nets. Inserted BUFG: 0, Replicated BUFG Driver: 0, Skipped due to Placement/Routing Conflicts: 6, Skipped due to Timing Degradation: 0, Skipped due to netlist editing failed: 0.
Ending Physical Synthesis Task | Checksum: 2f4edea84

Time (s): cpu = 00:00:12 ; elapsed = 00:00:03 . Memory (MB): peak = 4088.227 ; gain = 0.000 ; free physical = 32298 ; free virtual = 48812
Phase 4.1.1.1 BUFG Insertion | Checksum: 2b92fbe6b

Time (s): cpu = 00:05:17 ; elapsed = 00:02:12 . Memory (MB): peak = 4088.227 ; gain = 0.000 ; free physical = 32341 ; free virtual = 48855

Phase 4.1.1.2 Post Placement Timing Optimization
INFO: [Place 30-746] Post Placement Timing Summary WNS=-2.017. For the most accurate timing information please run report_timing.
Phase 4.1.1.2 Post Placement Timing Optimization | Checksum: 2327d0f3d

Time (s): cpu = 00:07:20 ; elapsed = 00:03:50 . Memory (MB): peak = 4088.227 ; gain = 0.000 ; free physical = 32291 ; free virtual = 48804

Time (s): cpu = 00:07:20 ; elapsed = 00:03:50 . Memory (MB): peak = 4088.227 ; gain = 0.000 ; free physical = 32281 ; free virtual = 48794
Phase 4.1 Post Commit Optimization | Checksum: 2327d0f3d

Time (s): cpu = 00:07:21 ; elapsed = 00:03:50 . Memory (MB): peak = 4088.227 ; gain = 0.000 ; free physical = 32261 ; free virtual = 48774

Phase 4.2 Post Placement Cleanup
Phase 4.2 Post Placement Cleanup | Checksum: 2327d0f3d

Time (s): cpu = 00:07:22 ; elapsed = 00:03:50 . Memory (MB): peak = 4088.227 ; gain = 0.000 ; free physical = 32251 ; free virtual = 48764

Phase 4.3 Placer Reporting

Phase 4.3.1 Print Estimated Congestion
INFO: [Place 30-612] Post-Placement Estimated Congestion 
 ____________________________________________________
|           | Global Congestion | Short Congestion  |
| Direction | Region Size       | Region Size       |
|___________|___________________|___________________|
|      North|                4x4|                8x8|
|___________|___________________|___________________|
|      South|                4x4|                8x8|
|___________|___________________|___________________|
|       East|                8x8|                8x8|
|___________|___________________|___________________|
|       West|                8x8|                4x4|
|___________|___________________|___________________|

Phase 4.3.1 Print Estimated Congestion | Checksum: 2327d0f3d

Time (s): cpu = 00:07:23 ; elapsed = 00:03:51 . Memory (MB): peak = 4088.227 ; gain = 0.000 ; free physical = 32246 ; free virtual = 48759
Phase 4.3 Placer Reporting | Checksum: 2327d0f3d

Time (s): cpu = 00:07:24 ; elapsed = 00:03:51 . Memory (MB): peak = 4088.227 ; gain = 0.000 ; free physical = 32249 ; free virtual = 48762

Phase 4.4 Final Placement Cleanup
Netlist sorting complete. Time (s): cpu = 00:00:00.03 ; elapsed = 00:00:00.03 . Memory (MB): peak = 4088.227 ; gain = 0.000 ; free physical = 32237 ; free virtual = 48750

Time (s): cpu = 00:07:24 ; elapsed = 00:03:51 . Memory (MB): peak = 4088.227 ; gain = 0.000 ; free physical = 32237 ; free virtual = 48750
Phase 4 Post Placement Optimization and Clean-Up | Checksum: 196beaefd

Time (s): cpu = 00:07:24 ; elapsed = 00:03:51 . Memory (MB): peak = 4088.227 ; gain = 0.000 ; free physical = 32201 ; free virtual = 48714
Ending Placer Task | Checksum: 15c21a529

Time (s): cpu = 00:07:25 ; elapsed = 00:03:51 . Memory (MB): peak = 4088.227 ; gain = 0.000 ; free physical = 32166 ; free virtual = 48679
138 Infos, 35 Warnings, 1 Critical Warnings and 0 Errors encountered.
place_design completed successfully
place_design: Time (s): cpu = 00:07:29 ; elapsed = 00:03:53 . Memory (MB): peak = 4088.227 ; gain = 0.000 ; free physical = 32167 ; free virtual = 48680
INFO: [Vivado 12-24838] Running report commands "report_control_sets, report_io, report_utilization" in parallel.
Running report generation with 3 threads.
INFO: [Vivado 12-24828] Executing command : report_io -file main_io_placed.rpt
report_io: Time (s): cpu = 00:00:00.33 ; elapsed = 00:00:00.14 . Memory (MB): peak = 4088.227 ; gain = 0.000 ; free physical = 32204 ; free virtual = 48717
INFO: [Vivado 12-24828] Executing command : report_control_sets -verbose -file main_control_sets_placed.rpt
report_control_sets: Time (s): cpu = 00:00:00.5 ; elapsed = 00:00:00.24 . Memory (MB): peak = 4088.227 ; gain = 0.000 ; free physical = 32164 ; free virtual = 48677
INFO: [Vivado 12-24828] Executing command : report_utilization -file main_utilization_placed.rpt -pb main_utilization_placed.pb
INFO: [Timing 38-480] Writing timing data to binary archive.
Write ShapeDB Complete: Time (s): cpu = 00:00:00.77 ; elapsed = 00:00:00.16 . Memory (MB): peak = 4088.227 ; gain = 0.000 ; free physical = 32142 ; free virtual = 48684
Wrote PlaceDB: Time (s): cpu = 00:00:07 ; elapsed = 00:00:03 . Memory (MB): peak = 4088.227 ; gain = 0.000 ; free physical = 31957 ; free virtual = 48589
Wrote PulsedLatchDB: Time (s): cpu = 00:00:00 ; elapsed = 00:00:00 . Memory (MB): peak = 4088.227 ; gain = 0.000 ; free physical = 31955 ; free virtual = 48587
Writing XDEF routing.
Writing XDEF routing logical nets.
Writing XDEF routing special nets.
Wrote RouteStorage: Time (s): cpu = 00:00:00.18 ; elapsed = 00:00:00.1 . Memory (MB): peak = 4088.227 ; gain = 0.000 ; free physical = 31949 ; free virtual = 48581
Wrote Netlist Cache: Time (s): cpu = 00:00:00.09 ; elapsed = 00:00:00.07 . Memory (MB): peak = 4088.227 ; gain = 0.000 ; free physical = 31948 ; free virtual = 48589
Wrote Device Cache: Time (s): cpu = 00:00:00 ; elapsed = 00:00:00.01 . Memory (MB): peak = 4088.227 ; gain = 0.000 ; free physical = 31948 ; free virtual = 48589
Write Physdb Complete: Time (s): cpu = 00:00:07 ; elapsed = 00:00:03 . Memory (MB): peak = 4088.227 ; gain = 0.000 ; free physical = 31948 ; free virtual = 48590
INFO: [Common 17-1381] The checkpoint '/media/tsmc/6a3f28f3-1a75-4d55-baf2-a6aa8be84a59/kwc/100t/ztachip/HW/examples/GHRD/ztachip.runs/impl_1/main_placed.dcp' has been generated.
Command: phys_opt_design
Attempting to get a license for feature 'Implementation' and/or device 'xc7a100t'
INFO: [Common 17-349] Got license for feature 'Implementation' and/or device 'xc7a100t'

Starting Initial Update Timing Task

Time (s): cpu = 00:00:36 ; elapsed = 00:00:07 . Memory (MB): peak = 4088.227 ; gain = 0.000 ; free physical = 32178 ; free virtual = 48723
INFO: [Vivado_Tcl 4-1435] PhysOpt_Tcl_Interface Runtime Before Starting Physical Synthesis Task | CPU: 36.77s |  WALL: 6.83s
Netlist sorting complete. Time (s): cpu = 00:00:00.01 ; elapsed = 00:00:00.01 . Memory (MB): peak = 4088.227 ; gain = 0.000 ; free physical = 32181 ; free virtual = 48726

Starting Physical Synthesis Task

Phase 1 Physical Synthesis Initialization
INFO: [Physopt 32-721] Multithreading enabled for phys_opt_design using a maximum of 8 CPUs
INFO: [Physopt 32-619] Estimated Timing Summary | WNS=-2.017 | TNS=-5097.756 |
Phase 1 Physical Synthesis Initialization | Checksum: 1d6aeb69d

Time (s): cpu = 00:00:15 ; elapsed = 00:00:07 . Memory (MB): peak = 4088.227 ; gain = 0.000 ; free physical = 31778 ; free virtual = 48323
INFO: [Physopt 32-619] Estimated Timing Summary | WNS=-2.017 | TNS=-5097.756 |

Phase 2 DSP Register Optimization
INFO: [Physopt 32-456] No candidate cells for DSP register optimization found in the design.
INFO: [Physopt 32-775] End 2 Pass. Optimized 0 net or cell. Created 0 new cell, deleted 0 existing cell and moved 0 existing cell
Phase 2 DSP Register Optimization | Checksum: 1d6aeb69d

Time (s): cpu = 00:00:18 ; elapsed = 00:00:07 . Memory (MB): peak = 4088.227 ; gain = 0.000 ; free physical = 31916 ; free virtual = 48462

Phase 3 Critical Path Optimization
INFO: [Physopt 32-619] Estimated Timing Summary | WNS=-2.017 | TNS=-5097.756 |
INFO: [Physopt 32-702] Processed net soc_base_inst/ztachip_inst/core_i/GEN_CELL[0].cell_i/GEN_REG[1].GEN1.pcore_i/register_bank_i/register_file_i2/ram3_i/ram2_i/xpm_memory_sdpram_inst/xpm_memory_base_inst/doutb[83]. Optimizations did not improve timing on the net.
INFO: [Physopt 32-702] Processed net clk_wiz_inst/inst/clk_out5_clk_wiz_0. Optimizations did not improve timing on the net.
INFO: [Physopt 32-702] Processed net soc_base_inst/ztachip_inst/core_i/GEN_CELL[0].cell_i/GEN_REG[1].GEN1.pcore_i/register_bank_i/register_file_i2/ram3_i/ram2_i/xpm_memory_sdpram_inst/xpm_memory_base_inst/gen_wr_a.gen_byte_narrow.for_mem_cols[1].mem_reg_128_255_83_83/DPO. Optimizations did not improve timing on the net.
INFO: [Physopt 32-608] Optimized 1 net.  Swapped 23 pins.
INFO: [Physopt 32-735] Processed net soc_base_inst/ztachip_inst/core_i/GEN_CELL[0].cell_i/GEN_REG[1].GEN1.pcore_i/register_bank_i/register_file_i2/ram3_i/ram2_i/xpm_memory_sdpram_inst/xpm_memory_base_inst/gen_rd_b.gen_rd_b_synth_template.gen_nc_narrow_reg.doutb_reg_reg0[83]. Optimization improves timing on the net.
INFO: [Physopt 32-619] Estimated Timing Summary | WNS=-2.001 | TNS=-5097.838 |
INFO: [Physopt 32-702] Processed net soc_base_inst/ztachip_inst/core_i/GEN_CELL[0].cell_i/GEN_REG[2].GEN1.pcore_i/register_bank_i/register_file_i2/ram3_i/ram2_i/xpm_memory_sdpram_inst/xpm_memory_base_inst/doutb[95]. Optimizations did not improve timing on the net.
INFO: [Physopt 32-702] Processed net soc_base_inst/ztachip_inst/core_i/GEN_CELL[0].cell_i/GEN_REG[2].GEN1.pcore_i/register_bank_i/register_file_i2/ram3_i/ram2_i/xpm_memory_sdpram_inst/xpm_memory_base_inst/gen_wr_a.gen_byte_narrow.for_mem_cols[1].mem_reg_128_255_95_95/DPO. Optimizations did not improve timing on the net.
INFO: [Physopt 32-608] Optimized 1 net.  Swapped 24 pins.
INFO: [Physopt 32-735] Processed net soc_base_inst/ztachip_inst/core_i/GEN_CELL[0].cell_i/GEN_REG[2].GEN1.pcore_i/register_bank_i/register_file_i2/ram3_i/ram2_i/xpm_memory_sdpram_inst/xpm_memory_base_inst/gen_rd_b.gen_rd_b_synth_template.gen_nc_narrow_reg.doutb_reg_reg0[95]. Optimization improves timing on the net.
INFO: [Physopt 32-619] Estimated Timing Summary | WNS=-2.000 | TNS=-5097.739 |
INFO: [Physopt 32-702] Processed net soc_base_inst/ztachip_inst/core_i/GEN_CELL[0].cell_i/GEN_REG[2].GEN1.pcore_i/register_bank_i/register_file_i2/ram3_i/ram2_i/xpm_memory_sdpram_inst/xpm_memory_base_inst/doutb[33]. Optimizations did not improve timing on the net.
INFO: [Physopt 32-702] Processed net soc_base_inst/ztachip_inst/core_i/GEN_CELL[0].cell_i/GEN_REG[2].GEN1.pcore_i/register_bank_i/register_file_i2/ram3_i/ram2_i/xpm_memory_sdpram_inst/xpm_memory_base_inst/gen_wr_a.gen_byte_narrow.for_mem_cols[1].mem_reg_128_255_33_33/DPO. Optimizations did not improve timing on the net.
INFO: [Physopt 32-608] Optimized 1 net.  Swapped 24 pins.
INFO: [Physopt 32-735] Processed net soc_base_inst/ztachip_inst/core_i/GEN_CELL[0].cell_i/GEN_REG[2].GEN1.pcore_i/register_bank_i/register_file_i2/ram3_i/ram2_i/xpm_memory_sdpram_inst/xpm_memory_base_inst/gen_rd_b.gen_rd_b_synth_template.gen_nc_narrow_reg.doutb_reg_reg0[33]. Optimization improves timing on the net.
INFO: [Physopt 32-619] Estimated Timing Summary | WNS=-1.995 | TNS=-5097.555 |
INFO: [Physopt 32-702] Processed net soc_base_inst/axi_merge_inst/axi_merge_read_i/slave_i2/GEN2.slave_resp_fifo/axislave_resp_fifo_full. Optimizations did not improve timing on the net.
INFO: [Physopt 32-663] Processed net soc_base_inst/axi_merge_inst/axi_merge_read_i/slave_i2/GEN2.slave_resp_fifo/full_r_i_4__28_n_0.  Re-placed instance soc_base_inst/axi_merge_inst/axi_merge_read_i/slave_i2/GEN2.slave_resp_fifo/full_r_i_4__28
INFO: [Physopt 32-735] Processed net soc_base_inst/axi_merge_inst/axi_merge_read_i/slave_i2/GEN2.slave_resp_fifo/full_r_i_4__28_n_0. Optimization improves timing on the net.
INFO: [Physopt 32-619] Estimated Timing Summary | WNS=-1.965 | TNS=-5097.445 |
INFO: [Physopt 32-702] Processed net soc_base_inst/ztachip_inst/core_i/GEN_CELL[0].cell_i/GEN_REG[1].GEN1.pcore_i/register_bank_i/register_file_i/ram3_i/ram2_i/xpm_memory_sdpram_inst/xpm_memory_base_inst/doutb[81]. Optimizations did not improve timing on the net.
INFO: [Physopt 32-702] Processed net soc_base_inst/ztachip_inst/core_i/GEN_CELL[0].cell_i/GEN_REG[1].GEN1.pcore_i/register_bank_i/register_file_i/ram3_i/ram2_i/xpm_memory_sdpram_inst/xpm_memory_base_inst/gen_wr_a.gen_byte_narrow.for_mem_cols[1].mem_reg_128_255_81_81/DPO. Optimizations did not improve timing on the net.
INFO: [Physopt 32-608] Optimized 1 net.  Swapped 18 pins.
INFO: [Physopt 32-735] Processed net soc_base_inst/ztachip_inst/core_i/GEN_CELL[0].cell_i/GEN_REG[1].GEN1.pcore_i/register_bank_i/register_file_i/ram3_i/ram2_i/xpm_memory_sdpram_inst/xpm_memory_base_inst/gen_rd_b.gen_rd_b_synth_template.gen_nc_narrow_reg.doutb_reg_reg0[81]. Optimization improves timing on the net.
INFO: [Physopt 32-619] Estimated Timing Summary | WNS=-1.925 | TNS=-5097.183 |
INFO: [Physopt 32-702] Processed net soc_base_inst/ztachip_inst/core_i/GEN_CELL[0].cell_i/GEN_REG[1].GEN1.pcore_i/register_bank_i/register_file_i2/ram3_i/ram2_i/xpm_memory_sdpram_inst/xpm_memory_base_inst/doutb[82]. Optimizations did not improve timing on the net.
INFO: [Physopt 32-702] Processed net soc_base_inst/ztachip_inst/core_i/GEN_CELL[0].cell_i/GEN_REG[1].GEN1.pcore_i/register_bank_i/register_file_i2/ram3_i/ram2_i/xpm_memory_sdpram_inst/xpm_memory_base_inst/gen_wr_a.gen_byte_narrow.for_mem_cols[1].mem_reg_0_127_82_82/DPO. Optimizations did not improve timing on the net.
INFO: [Physopt 32-702] Processed net soc_base_inst/ztachip_inst/core_i/GEN_CELL[0].cell_i/GEN_REG[1].GEN1.pcore_i/register_bank_i/register_file_i2/ram3_i/ram2_i/xpm_memory_sdpram_inst/xpm_memory_base_inst/gen_rd_b.gen_rd_b_synth_template.gen_nc_narrow_reg.doutb_reg_reg0[82]. Optimizations did not improve timing on the net.
INFO: [Physopt 32-81] Processed net soc_base_inst/ztachip_inst/core_i/GEN_CELL[0].cell_i/GEN_REG[1].GEN1.pcore_i/register_bank_i/register_file_i2/ram3_i/address_b[1]. Replicated 1 times.
INFO: [Physopt 32-735] Processed net soc_base_inst/ztachip_inst/core_i/GEN_CELL[0].cell_i/GEN_REG[1].GEN1.pcore_i/register_bank_i/register_file_i2/ram3_i/address_b[1]. Optimization improves timing on the net.
INFO: [Physopt 32-619] Estimated Timing Summary | WNS=-1.917 | TNS=-5070.493 |
INFO: [Physopt 32-702] Processed net soc_base_inst/ztachip_inst/core_i/GEN_CELL[0].cell_i/GEN_REG[2].GEN1.pcore_i/register_bank_i/register_file_i2/ram3_i/ram2_i/xpm_memory_sdpram_inst/xpm_memory_base_inst/doutb[93]. Optimizations did not improve timing on the net.
INFO: [Physopt 32-702] Processed net soc_base_inst/ztachip_inst/core_i/GEN_CELL[0].cell_i/GEN_REG[2].GEN1.pcore_i/register_bank_i/register_file_i2/ram3_i/ram2_i/xpm_memory_sdpram_inst/xpm_memory_base_inst/gen_wr_a.gen_byte_narrow.for_mem_cols[1].mem_reg_128_255_93_93/DPO. Optimizations did not improve timing on the net.
INFO: [Physopt 32-608] Optimized 1 net.  Swapped 20 pins.
INFO: [Physopt 32-735] Processed net soc_base_inst/ztachip_inst/core_i/GEN_CELL[0].cell_i/GEN_REG[2].GEN1.pcore_i/register_bank_i/register_file_i2/ram3_i/ram2_i/xpm_memory_sdpram_inst/xpm_memory_base_inst/gen_rd_b.gen_rd_b_synth_template.gen_nc_narrow_reg.doutb_reg_reg0[93]. Optimization improves timing on the net.
INFO: [Physopt 32-619] Estimated Timing Summary | WNS=-1.884 | TNS=-5070.478 |
INFO: [Physopt 32-663] Processed net soc_base_inst/axi_merge_inst/axi_merge_read_i/slave_i2/GEN2.slave_resp_fifo/full_r_i_6__19_n_0.  Re-placed instance soc_base_inst/axi_merge_inst/axi_merge_read_i/slave_i2/GEN2.slave_resp_fifo/full_r_i_6__19
INFO: [Physopt 32-735] Processed net soc_base_inst/axi_merge_inst/axi_merge_read_i/slave_i2/GEN2.slave_resp_fifo/full_r_i_6__19_n_0. Optimization improves timing on the net.
INFO: [Physopt 32-619] Estimated Timing Summary | WNS=-1.848 | TNS=-5070.438 |
INFO: [Physopt 32-702] Processed net soc_base_inst/axi_merge_inst/axi_merge_read_i/slave_i2/GEN2.slave_resp_fifo/ram_i/xpm_memory_sdpram_inst/xpm_memory_base_inst/doutb[68]. Optimizations did not improve timing on the net.
INFO: [Physopt 32-710] Processed net soc_base_inst/axi_merge_inst/axi_merge_read_i/slave_i2/GEN2.slave_resp_fifo/ram_i/addrb[1]. Critical path length was reduced through logic transformation on cell soc_base_inst/axi_merge_inst/axi_merge_read_i/slave_i2/GEN2.slave_resp_fifo/ram_i/xpm_memory_sdpram_inst_i_4__40_comp.
INFO: [Physopt 32-735] Processed net soc_base_inst/axi_merge_inst/axi_merge_read_i/slave_i2/slave_cmd_pend_fifo/ram_i/raddr_r_reg_0_sn_1. Optimization improves timing on the net.
INFO: [Physopt 32-619] Estimated Timing Summary | WNS=-1.847 | TNS=-5068.893 |
INFO: [Physopt 32-663] Processed net soc_base_inst/axi_merge_inst/axi_merge_read_i/slave_i2/GEN2.slave_resp_fifo/full_r_i_5__25_n_0.  Re-placed instance soc_base_inst/axi_merge_inst/axi_merge_read_i/slave_i2/GEN2.slave_resp_fifo/full_r_i_5__25
INFO: [Physopt 32-735] Processed net soc_base_inst/axi_merge_inst/axi_merge_read_i/slave_i2/GEN2.slave_resp_fifo/full_r_i_5__25_n_0. Optimization improves timing on the net.
INFO: [Physopt 32-619] Estimated Timing Summary | WNS=-1.846 | TNS=-5068.791 |
INFO: [Physopt 32-702] Processed net soc_base_inst/ztachip_inst/core_i/GEN_CELL[0].cell_i/GEN_REG[3].GEN1.pcore_i/register_bank_i/register_file_i/ram3_i/ram2_i/xpm_memory_sdpram_inst/xpm_memory_base_inst/doutb[120]. Optimizations did not improve timing on the net.
INFO: [Physopt 32-702] Processed net soc_base_inst/ztachip_inst/core_i/GEN_CELL[0].cell_i/GEN_REG[3].GEN1.pcore_i/register_bank_i/register_file_i/ram3_i/ram2_i/xpm_memory_sdpram_inst/xpm_memory_base_inst/gen_wr_a.gen_byte_narrow.for_mem_cols[1].mem_reg_128_255_120_120/DPO. Optimizations did not improve timing on the net.
INFO: [Physopt 32-608] Optimized 1 net.  Swapped 24 pins.
INFO: [Physopt 32-735] Processed net soc_base_inst/ztachip_inst/core_i/GEN_CELL[0].cell_i/GEN_REG[3].GEN1.pcore_i/register_bank_i/register_file_i/ram3_i/ram2_i/xpm_memory_sdpram_inst/xpm_memory_base_inst/gen_rd_b.gen_rd_b_synth_template.gen_nc_narrow_reg.doutb_reg_reg0[120]. Optimization improves timing on the net.
INFO: [Physopt 32-619] Estimated Timing Summary | WNS=-1.828 | TNS=-5068.756 |
INFO: [Physopt 32-702] Processed net soc_base_inst/ztachip_inst/core_i/GEN_CELL[0].cell_i/GEN_REG[2].GEN1.pcore_i/register_bank_i/register_file_i2/ram3_i/ram2_i/xpm_memory_sdpram_inst/xpm_memory_base_inst/gen_wr_a.gen_byte_narrow.for_mem_cols[1].mem_reg_128_255_16_16/DPO1. Optimizations did not improve timing on the net.
INFO: [Physopt 32-81] Processed net soc_base_inst/ztachip_inst/core_i/GEN_CELL[0].cell_i/GEN_REG[2].GEN1.pcore_i/register_bank_i/register_file_i2/ram3_i/ram2_i/xpm_memory_sdpram_inst_i_1__11_n_0. Replicated 2 times.
INFO: [Physopt 32-735] Processed net soc_base_inst/ztachip_inst/core_i/GEN_CELL[0].cell_i/GEN_REG[2].GEN1.pcore_i/register_bank_i/register_file_i2/ram3_i/ram2_i/xpm_memory_sdpram_inst_i_1__11_n_0. Optimization improves timing on the net.
INFO: [Physopt 32-619] Estimated Timing Summary | WNS=-1.825 | TNS=-4523.451 |
INFO: [Physopt 32-663] Processed net soc_base_inst/ztachip_inst/dp_1_i/dp0_i/dp_fetch_1_i/indication_i/waddr_r_reg[3].  Re-placed instance soc_base_inst/ztachip_inst/dp_1_i/dp0_i/dp_fetch_1_i/indication_i/waddr_r_reg[3]
INFO: [Physopt 32-735] Processed net soc_base_inst/ztachip_inst/dp_1_i/dp0_i/dp_fetch_1_i/indication_i/waddr_r_reg[3]. Optimization improves timing on the net.
INFO: [Physopt 32-619] Estimated Timing Summary | WNS=-1.825 | TNS=-4521.959 |
INFO: [Physopt 32-663] Processed net soc_base_inst/ztachip_inst/dp_1_i/dp0_i/dp_fetch_1_i/indication_i/waddr_r_reg[4].  Re-placed instance soc_base_inst/ztachip_inst/dp_1_i/dp0_i/dp_fetch_1_i/indication_i/waddr_r_reg[4]
INFO: [Physopt 32-735] Processed net soc_base_inst/ztachip_inst/dp_1_i/dp0_i/dp_fetch_1_i/indication_i/waddr_r_reg[4]. Optimization improves timing on the net.
INFO: [Physopt 32-619] Estimated Timing Summary | WNS=-1.820 | TNS=-4520.467 |
INFO: [Physopt 32-702] Processed net soc_base_inst/ztachip_inst/core_i/GEN_CELL[0].cell_i/GEN_REG[2].GEN1.pcore_i/register_bank_i/register_file_i2/ram3_i/ram2_i/xpm_memory_sdpram_inst/xpm_memory_base_inst/doutb[107]. Optimizations did not improve timing on the net.
INFO: [Physopt 32-702] Processed net soc_base_inst/ztachip_inst/core_i/GEN_CELL[0].cell_i/GEN_REG[2].GEN1.pcore_i/register_bank_i/register_file_i2/ram3_i/ram2_i/xpm_memory_sdpram_inst/xpm_memory_base_inst/gen_wr_a.gen_byte_narrow.for_mem_cols[1].mem_reg_128_255_107_107/DPO. Optimizations did not improve timing on the net.
INFO: [Physopt 32-608] Optimized 1 net.  Swapped 24 pins.
INFO: [Physopt 32-735] Processed net soc_base_inst/ztachip_inst/core_i/GEN_CELL[0].cell_i/GEN_REG[2].GEN1.pcore_i/register_bank_i/register_file_i2/ram3_i/ram2_i/xpm_memory_sdpram_inst/xpm_memory_base_inst/gen_rd_b.gen_rd_b_synth_template.gen_nc_narrow_reg.doutb_reg_reg0[107]. Optimization improves timing on the net.
INFO: [Physopt 32-619] Estimated Timing Summary | WNS=-1.819 | TNS=-4520.287 |
INFO: [Physopt 32-702] Processed net soc_base_inst/ztachip_inst/dp_1_i/dp0_i/dp_sink1_i/dp_sink_fifo_i2/ram_i/xpm_memory_sdpram_inst/xpm_memory_base_inst/doutb[32]. Optimizations did not improve timing on the net.
INFO: [Physopt 32-663] Processed net soc_base_inst/ztachip_inst/ddr_rx_i/read_record_fifo_i/ram_i/wr_readdata[2][0]_3[16].  Re-placed instance soc_base_inst/ztachip_inst/ddr_rx_i/read_record_fifo_i/ram_i/xpm_memory_sdpram_inst_i_222__4
INFO: [Physopt 32-735] Processed net soc_base_inst/ztachip_inst/ddr_rx_i/read_record_fifo_i/ram_i/wr_readdata[2][0]_3[16]. Optimization improves timing on the net.
INFO: [Physopt 32-619] Estimated Timing Summary | WNS=-1.804 | TNS=-4518.856 |
INFO: [Physopt 32-702] Processed net soc_base_inst/ztachip_inst/core_i/GEN_CELL[0].cell_i/GEN_REG[2].GEN1.pcore_i/register_bank_i/register_file_i2/ram3_i/ram2_i/xpm_memory_sdpram_inst/xpm_memory_base_inst/doutb[101]. Optimizations did not improve timing on the net.
INFO: [Physopt 32-702] Processed net soc_base_inst/ztachip_inst/core_i/GEN_CELL[0].cell_i/GEN_REG[2].GEN1.pcore_i/register_bank_i/register_file_i2/ram3_i/ram2_i/xpm_memory_sdpram_inst/xpm_memory_base_inst/gen_wr_a.gen_byte_narrow.for_mem_cols[1].mem_reg_128_255_101_101/DPO. Optimizations did not improve timing on the net.
INFO: [Physopt 32-702] Processed net soc_base_inst/ztachip_inst/core_i/GEN_CELL[0].cell_i/GEN_REG[2].GEN1.pcore_i/register_bank_i/register_file_i2/ram3_i/ram2_i/xpm_memory_sdpram_inst/xpm_memory_base_inst/gen_rd_b.gen_rd_b_synth_template.gen_nc_narrow_reg.doutb_reg_reg0[101]. Optimizations did not improve timing on the net.
INFO: [Physopt 32-81] Processed net soc_base_inst/ztachip_inst/core_i/GEN_CELL[0].cell_i/GEN_REG[2].GEN1.pcore_i/register_bank_i/register_file_i2/ram3_i/address_b[1]. Replicated 2 times.
INFO: [Physopt 32-735] Processed net soc_base_inst/ztachip_inst/core_i/GEN_CELL[0].cell_i/GEN_REG[2].GEN1.pcore_i/register_bank_i/register_file_i2/ram3_i/address_b[1]. Optimization improves timing on the net.
INFO: [Physopt 32-619] Estimated Timing Summary | WNS=-1.800 | TNS=-4513.465 |
INFO: [Physopt 32-702] Processed net soc_base_inst/axi_merge_inst/axi_merge_read_i/slavew_i/GEN2.slave_resp_fifo/axislave_resp_fifo_full. Optimizations did not improve timing on the net.
INFO: [Physopt 32-702] Processed net soc_base_inst/axi_merge_inst/axi_merge_read_i/slavew_i/GEN2.slave_resp_fifo/full_r0__2. Optimizations did not improve timing on the net.
INFO: [Physopt 32-608] Optimized 1 net.  Swapped 21 pins.
INFO: [Physopt 32-735] Processed net soc_base_inst/axi_merge_inst/axi_merge_read_i/slavew_i/GEN2.slave_resp_fifo/full_r0_carry_i_2__0_n_0. Optimization improves timing on the net.
INFO: [Physopt 32-619] Estimated Timing Summary | WNS=-1.794 | TNS=-4513.432 |
INFO: [Physopt 32-702] Processed net soc_base_inst/ztachip_inst/core_i/GEN_CELL[0].cell_i/GEN_REG[2].GEN1.pcore_i/register_bank_i/register_file_i2/ram3_i/ram2_i/xpm_memory_sdpram_inst/xpm_memory_base_inst/doutb[71]. Optimizations did not improve timing on the net.
INFO: [Physopt 32-702] Processed net soc_base_inst/ztachip_inst/core_i/GEN_CELL[0].cell_i/GEN_REG[2].GEN1.pcore_i/register_bank_i/register_file_i2/ram3_i/ram2_i/xpm_memory_sdpram_inst/xpm_memory_base_inst/gen_wr_a.gen_byte_narrow.for_mem_cols[1].mem_reg_128_255_71_71/DPO. Optimizations did not improve timing on the net.
INFO: [Physopt 32-608] Optimized 1 net.  Swapped 22 pins.
INFO: [Physopt 32-735] Processed net soc_base_inst/ztachip_inst/core_i/GEN_CELL[0].cell_i/GEN_REG[2].GEN1.pcore_i/register_bank_i/register_file_i2/ram3_i/ram2_i/xpm_memory_sdpram_inst/xpm_memory_base_inst/gen_rd_b.gen_rd_b_synth_template.gen_nc_narrow_reg.doutb_reg_reg0[71]. Optimization improves timing on the net.
INFO: [Physopt 32-619] Estimated Timing Summary | WNS=-1.787 | TNS=-4513.174 |
INFO: [Physopt 32-702] Processed net soc_base_inst/cpu_inst/system_cpu/_zz_IBusCachedPlugin_iBusRsp_stages_0_output_m2sPipe_valid. Optimizations did not improve timing on the net.
INFO: [Physopt 32-663] Processed net soc_base_inst/cpu_inst/system_cpu/dataCache_1/CsrPlugin_exceptionPortCtrl_exceptionValidsRegs_execute_reg.  Re-placed instance soc_base_inst/cpu_inst/system_cpu/dataCache_1/IBusCachedPlugin_fetchPc_correctionReg_i_3
INFO: [Physopt 32-735] Processed net soc_base_inst/cpu_inst/system_cpu/dataCache_1/CsrPlugin_exceptionPortCtrl_exceptionValidsRegs_execute_reg. Optimization improves timing on the net.
INFO: [Physopt 32-619] Estimated Timing Summary | WNS=-1.774 | TNS=-4512.529 |
INFO: [Physopt 32-702] Processed net soc_base_inst/ztachip_inst/dp_1_i/dp0_i/dp_fetch_1_i/task_iregister_auto_6[18]. Optimizations did not improve timing on the net.
INFO: [Physopt 32-702] Processed net soc_base_inst/ztachip_inst/dp_1_i/dp0_i/dp_fetch_1_i/fifo_i/task_r_inv_i_3_n_0. Optimizations did not improve timing on the net.
INFO: [Physopt 32-608] Optimized 1 net.  Swapped 21 pins.
INFO: [Physopt 32-735] Processed net soc_base_inst/ztachip_inst/dp_1_i/dp0_i/dp_fetch_1_i/fifo_i/task_r_inv_i_5_n_0. Optimization improves timing on the net.
INFO: [Physopt 32-619] Estimated Timing Summary | WNS=-1.770 | TNS=-4512.211 |
INFO: [Physopt 32-702] Processed net soc_base_inst/axi_merge_inst/axi_merge_read_i/slave_i2/GEN2.slave_resp_fifo/ram_i/xpm_memory_sdpram_inst/xpm_memory_base_inst/doutb[104]. Optimizations did not improve timing on the net.
INFO: [Physopt 32-710] Processed net soc_base_inst/axi_merge_inst/axi_merge_read_i/slave_i2/GEN2.slave_resp_fifo/ram_i/addrb[3]. Critical path length was reduced through logic transformation on cell soc_base_inst/axi_merge_inst/axi_merge_read_i/slave_i2/GEN2.slave_resp_fifo/ram_i/xpm_memory_sdpram_inst_i_2__58_comp.
INFO: [Physopt 32-735] Processed net soc_base_inst/axi_merge_inst/axi_merge_read_i/slave_i2/slave_cmd_pend_fifo/ram_i/raddr_r_reg_0_sn_1. Optimization improves timing on the net.
INFO: [Physopt 32-619] Estimated Timing Summary | WNS=-1.769 | TNS=-4510.686 |
INFO: [Physopt 32-702] Processed net soc_base_inst/ztachip_inst/core_i/GEN_CELL[0].cell_i/GEN_REG[1].GEN1.pcore_i/register_bank_i/register_file_i/ram3_i/ram2_i/xpm_memory_sdpram_inst/xpm_memory_base_inst/doutb[39]. Optimizations did not improve timing on the net.
INFO: [Physopt 32-702] Processed net soc_base_inst/ztachip_inst/core_i/GEN_CELL[0].cell_i/GEN_REG[1].GEN1.pcore_i/register_bank_i/register_file_i/ram3_i/ram2_i/xpm_memory_sdpram_inst/xpm_memory_base_inst/gen_wr_a.gen_byte_narrow.for_mem_cols[1].mem_reg_128_255_39_39/DPO. Optimizations did not improve timing on the net.
INFO: [Physopt 32-608] Optimized 1 net.  Swapped 24 pins.
INFO: [Physopt 32-735] Processed net soc_base_inst/ztachip_inst/core_i/GEN_CELL[0].cell_i/GEN_REG[1].GEN1.pcore_i/register_bank_i/register_file_i/ram3_i/ram2_i/xpm_memory_sdpram_inst/xpm_memory_base_inst/gen_rd_b.gen_rd_b_synth_template.gen_nc_narrow_reg.doutb_reg_reg0[39]. Optimization improves timing on the net.
INFO: [Physopt 32-619] Estimated Timing Summary | WNS=-1.769 | TNS=-4510.482 |
INFO: [Physopt 32-81] Processed net soc_base_inst/ztachip_inst/core_i/GEN_CELL[0].cell_i/GEN_REG[2].GEN1.pcore_i/register_bank_i/register_file_i2/ram3_i/address_b[0]. Replicated 3 times.
INFO: [Physopt 32-735] Processed net soc_base_inst/ztachip_inst/core_i/GEN_CELL[0].cell_i/GEN_REG[2].GEN1.pcore_i/register_bank_i/register_file_i2/ram3_i/address_b[0]. Optimization improves timing on the net.
INFO: [Physopt 32-619] Estimated Timing Summary | WNS=-1.768 | TNS=-4510.340 |
INFO: [Physopt 32-81] Processed net soc_base_inst/ztachip_inst/dp_1_i/dp0_i/dp_fetch_1_i/fifo_i/rdreq1_r_i_10_n_0. Replicated 1 times.
INFO: [Physopt 32-735] Processed net soc_base_inst/ztachip_inst/dp_1_i/dp0_i/dp_fetch_1_i/fifo_i/rdreq1_r_i_10_n_0. Optimization improves timing on the net.
INFO: [Physopt 32-619] Estimated Timing Summary | WNS=-1.767 | TNS=-4506.683 |
INFO: [Physopt 32-702] Processed net soc_base_inst/axi_merge_inst/axi_merge_read_i/slavew_i/GEN2.slave_resp_fifo/full_r01_out. Optimizations did not improve timing on the net.
INFO: [Physopt 32-608] Optimized 1 net.  Swapped 21 pins.
INFO: [Physopt 32-735] Processed net soc_base_inst/axi_merge_inst/axi_merge_read_i/slavew_i/GEN2.slave_resp_fifo/i__carry_i_2__27_n_0. Optimization improves timing on the net.
INFO: [Physopt 32-619] Estimated Timing Summary | WNS=-1.763 | TNS=-4506.561 |
INFO: [Physopt 32-702] Processed net soc_base_inst/ztachip_inst/core_i/GEN_CELL[0].cell_i/GEN_REG[3].GEN1.pcore_i/register_bank_i/register_file_i/ram3_i/ram2_i/xpm_memory_sdpram_inst/xpm_memory_base_inst/doutb[61]. Optimizations did not improve timing on the net.
INFO: [Physopt 32-702] Processed net soc_base_inst/ztachip_inst/core_i/GEN_CELL[0].cell_i/GEN_REG[3].GEN1.pcore_i/register_bank_i/register_file_i/ram3_i/ram2_i/xpm_memory_sdpram_inst/xpm_memory_base_inst/gen_wr_a.gen_byte_narrow.for_mem_cols[1].mem_reg_128_255_61_61/DPO. Optimizations did not improve timing on the net.
INFO: [Physopt 32-608] Optimized 1 net.  Swapped 24 pins.
INFO: [Physopt 32-735] Processed net soc_base_inst/ztachip_inst/core_i/GEN_CELL[0].cell_i/GEN_REG[3].GEN1.pcore_i/register_bank_i/register_file_i/ram3_i/ram2_i/xpm_memory_sdpram_inst/xpm_memory_base_inst/gen_rd_b.gen_rd_b_synth_template.gen_nc_narrow_reg.doutb_reg_reg0[61]. Optimization improves timing on the net.
INFO: [Physopt 32-619] Estimated Timing Summary | WNS=-1.762 | TNS=-4506.422 |
INFO: [Physopt 32-702] Processed net soc_base_inst/ztachip_inst/core_i/GEN_CELL[0].cell_i/GEN_REG[1].GEN1.pcore_i/register_bank_i/register_file_i/ram3_i/ram2_i/xpm_memory_sdpram_inst/xpm_memory_base_inst/doutb[85]. Optimizations did not improve timing on the net.
INFO: [Physopt 32-702] Processed net soc_base_inst/ztachip_inst/core_i/GEN_CELL[0].cell_i/GEN_REG[1].GEN1.pcore_i/register_bank_i/register_file_i/ram3_i/ram2_i/xpm_memory_sdpram_inst/xpm_memory_base_inst/gen_wr_a.gen_byte_narrow.for_mem_cols[1].mem_reg_128_255_85_85/DPO. Optimizations did not improve timing on the net.
INFO: [Physopt 32-608] Optimized 1 net.  Swapped 24 pins.
INFO: [Physopt 32-735] Processed net soc_base_inst/ztachip_inst/core_i/GEN_CELL[0].cell_i/GEN_REG[1].GEN1.pcore_i/register_bank_i/register_file_i/ram3_i/ram2_i/xpm_memory_sdpram_inst/xpm_memory_base_inst/gen_rd_b.gen_rd_b_synth_template.gen_nc_narrow_reg.doutb_reg_reg0[85]. Optimization improves timing on the net.
INFO: [Physopt 32-619] Estimated Timing Summary | WNS=-1.761 | TNS=-4506.178 |
INFO: [Physopt 32-702] Processed net soc_base_inst/ztachip_inst/core_i/GEN_CELL[0].cell_i/GEN_REG[3].GEN1.pcore_i/register_bank_i/register_file_i/ram3_i/ram2_i/xpm_memory_sdpram_inst/xpm_memory_base_inst/doutb[50]. Optimizations did not improve timing on the net.
INFO: [Physopt 32-702] Processed net soc_base_inst/ztachip_inst/core_i/GEN_CELL[0].cell_i/GEN_REG[3].GEN1.pcore_i/register_bank_i/register_file_i/ram3_i/ram2_i/xpm_memory_sdpram_inst/xpm_memory_base_inst/gen_wr_a.gen_byte_narrow.for_mem_cols[1].mem_reg_128_255_50_50/DPO. Optimizations did not improve timing on the net.
INFO: [Physopt 32-608] Optimized 1 net.  Swapped 23 pins.
INFO: [Physopt 32-735] Processed net soc_base_inst/ztachip_inst/core_i/GEN_CELL[0].cell_i/GEN_REG[3].GEN1.pcore_i/register_bank_i/register_file_i/ram3_i/ram2_i/xpm_memory_sdpram_inst/xpm_memory_base_inst/gen_rd_b.gen_rd_b_synth_template.gen_nc_narrow_reg.doutb_reg_reg0[50]. Optimization improves timing on the net.
INFO: [Physopt 32-619] Estimated Timing Summary | WNS=-1.759 | TNS=-4505.984 |
INFO: [Physopt 32-702] Processed net soc_base_inst/ztachip_inst/ddr_rx_i/read_data_fifo_i/read_data_write_full. Optimizations did not improve timing on the net.
INFO: [Physopt 32-702] Processed net soc_base_inst/ztachip_inst/ddr_rx_i/read_data_fifo_i/full_r01_out. Optimizations did not improve timing on the net.
INFO: [Physopt 32-702] Processed net soc_base_inst/ztachip_inst/ddr_rx_i/read_data_fifo_i/i__carry_i_1__26_n_0. Optimizations did not improve timing on the net.
INFO: [Physopt 32-702] Processed net soc_base_inst/ztachip_inst/ddr_rx_i/read_data_fifo_i/i__carry_i_4__11_n_0. Optimizations did not improve timing on the net.
INFO: [Physopt 32-710] Processed net soc_base_inst/ztachip_inst/ddr_rx_i/read_data_fifo_i/i__carry_i_4__11_n_0. Critical path length was reduced through logic transformation on cell soc_base_inst/ztachip_inst/ddr_rx_i/read_data_fifo_i/i__carry_i_4__11_comp.
INFO: [Physopt 32-735] Processed net soc_base_inst/ztachip_inst/ddr_rx_i/read_data_fifo_i/i__carry_i_7__11_n_0. Optimization improves timing on the net.
INFO: [Physopt 32-619] Estimated Timing Summary | WNS=-1.758 | TNS=-4505.608 |
INFO: [Physopt 32-702] Processed net soc_base_inst/ztachip_inst/core_i/GEN_CELL[0].cell_i/GEN_REG[2].GEN1.pcore_i/register_bank_i/register_file_i2/ram3_i/ram2_i/xpm_memory_sdpram_inst/xpm_memory_base_inst/doutb[70]. Optimizations did not improve timing on the net.
INFO: [Physopt 32-702] Processed net soc_base_inst/ztachip_inst/core_i/GEN_CELL[0].cell_i/GEN_REG[2].GEN1.pcore_i/register_bank_i/register_file_i2/ram3_i/ram2_i/xpm_memory_sdpram_inst/xpm_memory_base_inst/gen_wr_a.gen_byte_narrow.for_mem_cols[1].mem_reg_128_255_70_70/DPO. Optimizations did not improve timing on the net.
INFO: [Physopt 32-702] Processed net soc_base_inst/ztachip_inst/core_i/GEN_CELL[0].cell_i/GEN_REG[2].GEN1.pcore_i/register_bank_i/register_file_i2/ram3_i/ram2_i/xpm_memory_sdpram_inst/xpm_memory_base_inst/gen_rd_b.gen_rd_b_synth_template.gen_nc_narrow_reg.doutb_reg_reg0[70]. Optimizations did not improve timing on the net.
INFO: [Physopt 32-81] Processed net soc_base_inst/ztachip_inst/core_i/GEN_CELL[0].cell_i/GEN_REG[2].GEN1.pcore_i/register_bank_i/register_file_i2/ram3_i/address_b[2]. Replicated 6 times.
INFO: [Physopt 32-735] Processed net soc_base_inst/ztachip_inst/core_i/GEN_CELL[0].cell_i/GEN_REG[2].GEN1.pcore_i/register_bank_i/register_file_i2/ram3_i/address_b[2]. Optimization improves timing on the net.
INFO: [Physopt 32-619] Estimated Timing Summary | WNS=-1.758 | TNS=-4500.671 |
INFO: [Physopt 32-710] Processed net soc_base_inst/axi_merge_inst/axi_merge_read_i/slave_i2/slave_cmd_pend_fifo/ram_i/raddr_r_reg[1][0]. Critical path length was reduced through logic transformation on cell soc_base_inst/axi_merge_inst/axi_merge_read_i/slave_i2/slave_cmd_pend_fifo/ram_i/xpm_memory_sdpram_inst_i_5__41_comp.
INFO: [Physopt 32-735] Processed net soc_base_inst/axi_merge_inst/axi_merge_read_i/slave_i2/slave_cmd_pend_fifo/ram_i/raddr_r_reg_0_sn_1. Optimization improves timing on the net.
INFO: [Physopt 32-619] Estimated Timing Summary | WNS=-1.758 | TNS=-4499.124 |
INFO: [Physopt 32-663] Processed net soc_base_inst/ztachip_inst/dp_1_i/dp0_i/dp_gen_core_i/dp_gen_primary_i/s_i0_count_r[0].  Re-placed instance soc_base_inst/ztachip_inst/dp_1_i/dp0_i/dp_gen_core_i/dp_gen_primary_i/s_i0_count_r_reg[0]
INFO: [Physopt 32-735] Processed net soc_base_inst/ztachip_inst/dp_1_i/dp0_i/dp_gen_core_i/dp_gen_primary_i/s_i0_count_r[0]. Optimization improves timing on the net.
INFO: [Physopt 32-619] Estimated Timing Summary | WNS=-1.758 | TNS=-4498.831 |
INFO: [Physopt 32-663] Processed net soc_base_inst/ztachip_inst/dp_1_i/dp0_i/dp_gen_core_i/dp_gen_primary_i/s_i0_count_r[1].  Re-placed instance soc_base_inst/ztachip_inst/dp_1_i/dp0_i/dp_gen_core_i/dp_gen_primary_i/s_i0_count_r_reg[1]
INFO: [Physopt 32-735] Processed net soc_base_inst/ztachip_inst/dp_1_i/dp0_i/dp_gen_core_i/dp_gen_primary_i/s_i0_count_r[1]. Optimization improves timing on the net.
INFO: [Physopt 32-619] Estimated Timing Summary | WNS=-1.758 | TNS=-4498.538 |
INFO: [Physopt 32-663] Processed net soc_base_inst/ztachip_inst/dp_1_i/dp0_i/dp_gen_core_i/dp_gen_primary_i/s_i0_count_r[2].  Re-placed instance soc_base_inst/ztachip_inst/dp_1_i/dp0_i/dp_gen_core_i/dp_gen_primary_i/s_i0_count_r_reg[2]
INFO: [Physopt 32-735] Processed net soc_base_inst/ztachip_inst/dp_1_i/dp0_i/dp_gen_core_i/dp_gen_primary_i/s_i0_count_r[2]. Optimization improves timing on the net.
INFO: [Physopt 32-619] Estimated Timing Summary | WNS=-1.758 | TNS=-4498.245 |
INFO: [Physopt 32-663] Processed net soc_base_inst/ztachip_inst/dp_1_i/dp0_i/dp_gen_core_i/dp_gen_primary_i/s_i0_count_r[3].  Re-placed instance soc_base_inst/ztachip_inst/dp_1_i/dp0_i/dp_gen_core_i/dp_gen_primary_i/s_i0_count_r_reg[3]
INFO: [Physopt 32-735] Processed net soc_base_inst/ztachip_inst/dp_1_i/dp0_i/dp_gen_core_i/dp_gen_primary_i/s_i0_count_r[3]. Optimization improves timing on the net.
INFO: [Physopt 32-619] Estimated Timing Summary | WNS=-1.758 | TNS=-4497.952 |
INFO: [Physopt 32-608] Optimized 1 net.  Swapped 26 pins.
INFO: [Physopt 32-735] Processed net soc_base_inst/axi_merge_inst/axi_merge_read_i/slave_i2/GEN2.slave_resp_fifo/full_r_i_5__25_n_0. Optimization improves timing on the net.
INFO: [Physopt 32-619] Estimated Timing Summary | WNS=-1.758 | TNS=-4497.950 |
INFO: [Physopt 32-608] Optimized 1 net.  Swapped 22 pins.
INFO: [Physopt 32-735] Processed net soc_base_inst/axi_merge_inst/axi_merge_read_i/slave_i2/GEN2.slave_resp_fifo/full_r_i_4__28_n_0. Optimization improves timing on the net.
INFO: [Physopt 32-619] Estimated Timing Summary | WNS=-1.758 | TNS=-4497.811 |
INFO: [Physopt 32-702] Processed net soc_base_inst/ztachip_inst/core_i/GEN_CELL[0].cell_i/GEN_REG[1].GEN1.pcore_i/register_bank_i/register_file_i2/ram3_i/ram2_i/xpm_memory_sdpram_inst/xpm_memory_base_inst/gen_wr_a.gen_byte_narrow.for_mem_cols[1].mem_reg_128_255_82_82/DPO1. Optimizations did not improve timing on the net.
INFO: [Physopt 32-81] Processed net soc_base_inst/ztachip_inst/core_i/GEN_CELL[0].cell_i/GEN_REG[1].GEN1.pcore_i/register_bank_i/register_file_i2/ram3_i/ram2_i/xpm_memory_sdpram_inst_i_1__9_n_0. Replicated 2 times.
INFO: [Physopt 32-735] Processed net soc_base_inst/ztachip_inst/core_i/GEN_CELL[0].cell_i/GEN_REG[1].GEN1.pcore_i/register_bank_i/register_file_i2/ram3_i/ram2_i/xpm_memory_sdpram_inst_i_1__9_n_0. Optimization improves timing on the net.
INFO: [Physopt 32-619] Estimated Timing Summary | WNS=-1.758 | TNS=-4347.823 |
INFO: [Physopt 32-702] Processed net soc_base_inst/ztachip_inst/core_i/GEN_CELL[0].cell_i/GEN_REG[3].GEN1.pcore_i/register_bank_i/register_file_i/ram3_i/ram2_i/xpm_memory_sdpram_inst/xpm_memory_base_inst/doutb[23]. Optimizations did not improve timing on the net.
INFO: [Physopt 32-702] Processed net soc_base_inst/ztachip_inst/core_i/GEN_CELL[0].cell_i/GEN_REG[3].GEN1.pcore_i/register_bank_i/register_file_i/ram3_i/ram2_i/xpm_memory_sdpram_inst/xpm_memory_base_inst/gen_wr_a.gen_byte_narrow.for_mem_cols[1].mem_reg_128_255_23_23/DPO. Optimizations did not improve timing on the net.
INFO: [Physopt 32-608] Optimized 1 net.  Swapped 24 pins.
INFO: [Physopt 32-735] Processed net soc_base_inst/ztachip_inst/core_i/GEN_CELL[0].cell_i/GEN_REG[3].GEN1.pcore_i/register_bank_i/register_file_i/ram3_i/ram2_i/xpm_memory_sdpram_inst/xpm_memory_base_inst/gen_rd_b.gen_rd_b_synth_template.gen_nc_narrow_reg.doutb_reg_reg0[23]. Optimization improves timing on the net.
INFO: [Physopt 32-619] Estimated Timing Summary | WNS=-1.758 | TNS=-4347.593 |
INFO: [Physopt 32-81] Processed net soc_base_inst/ztachip_inst/core_i/GEN_CELL[0].cell_i/GEN_REG[1].GEN1.pcore_i/register_bank_i/register_file_i2/ram3_i/address_b[0]. Replicated 2 times.
INFO: [Physopt 32-735] Processed net soc_base_inst/ztachip_inst/core_i/GEN_CELL[0].cell_i/GEN_REG[1].GEN1.pcore_i/register_bank_i/register_file_i2/ram3_i/address_b[0]. Optimization improves timing on the net.
INFO: [Physopt 32-619] Estimated Timing Summary | WNS=-1.758 | TNS=-4332.813 |
INFO: [Physopt 32-702] Processed net soc_base_inst/ztachip_inst/core_i/GEN_CELL[0].cell_i/GEN_REG[1].GEN1.pcore_i/register_bank_i/register_file_i2/ram3_i/ram2_i/xpm_memory_sdpram_inst/xpm_memory_base_inst/doutb[67]. Optimizations did not improve timing on the net.
INFO: [Physopt 32-702] Processed net soc_base_inst/ztachip_inst/core_i/GEN_CELL[0].cell_i/GEN_REG[1].GEN1.pcore_i/register_bank_i/register_file_i2/ram3_i/ram2_i/xpm_memory_sdpram_inst/xpm_memory_base_inst/gen_wr_a.gen_byte_narrow.for_mem_cols[1].mem_reg_128_255_67_67/DPO. Optimizations did not improve timing on the net.
INFO: [Physopt 32-608] Optimized 1 net.  Swapped 24 pins.
INFO: [Physopt 32-735] Processed net soc_base_inst/ztachip_inst/core_i/GEN_CELL[0].cell_i/GEN_REG[1].GEN1.pcore_i/register_bank_i/register_file_i2/ram3_i/ram2_i/xpm_memory_sdpram_inst/xpm_memory_base_inst/gen_rd_b.gen_rd_b_synth_template.gen_nc_narrow_reg.doutb_reg_reg0[67]. Optimization improves timing on the net.
INFO: [Physopt 32-619] Estimated Timing Summary | WNS=-1.758 | TNS=-4332.529 |
INFO: [Physopt 32-702] Processed net soc_base_inst/ztachip_inst/core_i/GEN_CELL[0].cell_i/GEN_REG[3].GEN1.pcore_i/register_bank_i/register_file_i/ram3_i/ram2_i/xpm_memory_sdpram_inst/xpm_memory_base_inst/doutb[127]. Optimizations did not improve timing on the net.
INFO: [Physopt 32-702] Processed net soc_base_inst/ztachip_inst/core_i/GEN_CELL[0].cell_i/GEN_REG[3].GEN1.pcore_i/register_bank_i/register_file_i/ram3_i/ram2_i/xpm_memory_sdpram_inst/xpm_memory_base_inst/gen_wr_a.gen_byte_narrow.for_mem_cols[1].mem_reg_128_255_127_127/DPO. Optimizations did not improve timing on the net.
INFO: [Physopt 32-702] Processed net soc_base_inst/ztachip_inst/core_i/GEN_CELL[0].cell_i/GEN_REG[3].GEN1.pcore_i/register_bank_i/register_file_i/ram3_i/ram2_i/xpm_memory_sdpram_inst/xpm_memory_base_inst/gen_rd_b.gen_rd_b_synth_template.gen_nc_narrow_reg.doutb_reg_reg0[127]. Optimizations did not improve timing on the net.
INFO: [Physopt 32-81] Processed net soc_base_inst/ztachip_inst/core_i/GEN_CELL[0].cell_i/GEN_REG[3].GEN1.pcore_i/register_bank_i/register_file_i/ram3_i/address_b[5]. Replicated 3 times.
INFO: [Physopt 32-735] Processed net soc_base_inst/ztachip_inst/core_i/GEN_CELL[0].cell_i/GEN_REG[3].GEN1.pcore_i/register_bank_i/register_file_i/ram3_i/address_b[5]. Optimization improves timing on the net.
INFO: [Physopt 32-619] Estimated Timing Summary | WNS=-1.758 | TNS=-4332.528 |
INFO: [Physopt 32-710] Processed net soc_base_inst/ztachip_inst/dp_1_i/dp0_i/dp_fetch_1_i/fifo_i/task_r_inv_i_3_n_0. Critical path length was reduced through logic transformation on cell soc_base_inst/ztachip_inst/dp_1_i/dp0_i/dp_fetch_1_i/fifo_i/task_r_inv_i_3_comp.
INFO: [Physopt 32-735] Processed net soc_base_inst/ztachip_inst/dp_1_i/dp0_i/dp_fetch_1_i/fifo_i/task_r_inv_i_4_n_0. Optimization improves timing on the net.
INFO: [Physopt 32-619] Estimated Timing Summary | WNS=-1.758 | TNS=-4332.368 |
INFO: [Physopt 32-608] Optimized 1 net.  Swapped 17 pins.
INFO: [Physopt 32-735] Processed net soc_base_inst/ztachip_inst/dp_1_i/dp0_i/dp_fetch_1_i/fifo_i/task_r_inv_i_5_n_0. Optimization improves timing on the net.
INFO: [Physopt 32-619] Estimated Timing Summary | WNS=-1.758 | TNS=-4329.295 |
INFO: [Physopt 32-663] Processed net soc_base_inst/ztachip_inst/dp_1_i/dp0_i/dp_gen_core_i/dp_gen_primary_i/s_i0_count_r[10].  Re-placed instance soc_base_inst/ztachip_inst/dp_1_i/dp0_i/dp_gen_core_i/dp_gen_primary_i/s_i0_count_r_reg[10]
INFO: [Physopt 32-735] Processed net soc_base_inst/ztachip_inst/dp_1_i/dp0_i/dp_gen_core_i/dp_gen_primary_i/s_i0_count_r[10]. Optimization improves timing on the net.
INFO: [Physopt 32-619] Estimated Timing Summary | WNS=-1.758 | TNS=-4329.075 |
INFO: [Physopt 32-663] Processed net soc_base_inst/ztachip_inst/dp_1_i/dp0_i/dp_gen_core_i/dp_gen_primary_i/s_i0_count_r[11].  Re-placed instance soc_base_inst/ztachip_inst/dp_1_i/dp0_i/dp_gen_core_i/dp_gen_primary_i/s_i0_count_r_reg[11]
INFO: [Physopt 32-735] Processed net soc_base_inst/ztachip_inst/dp_1_i/dp0_i/dp_gen_core_i/dp_gen_primary_i/s_i0_count_r[11]. Optimization improves timing on the net.
INFO: [Physopt 32-619] Estimated Timing Summary | WNS=-1.758 | TNS=-4328.855 |
INFO: [Physopt 32-663] Processed net soc_base_inst/ztachip_inst/dp_1_i/dp0_i/dp_gen_core_i/dp_gen_primary_i/s_i0_count_r[12].  Re-placed instance soc_base_inst/ztachip_inst/dp_1_i/dp0_i/dp_gen_core_i/dp_gen_primary_i/s_i0_count_r_reg[12]
INFO: [Physopt 32-735] Processed net soc_base_inst/ztachip_inst/dp_1_i/dp0_i/dp_gen_core_i/dp_gen_primary_i/s_i0_count_r[12]. Optimization improves timing on the net.
INFO: [Physopt 32-619] Estimated Timing Summary | WNS=-1.758 | TNS=-4328.635 |
INFO: [Physopt 32-663] Processed net soc_base_inst/ztachip_inst/dp_1_i/dp0_i/dp_gen_core_i/dp_gen_primary_i/s_i0_count_r[13].  Re-placed instance soc_base_inst/ztachip_inst/dp_1_i/dp0_i/dp_gen_core_i/dp_gen_primary_i/s_i0_count_r_reg[13]
INFO: [Physopt 32-735] Processed net soc_base_inst/ztachip_inst/dp_1_i/dp0_i/dp_gen_core_i/dp_gen_primary_i/s_i0_count_r[13]. Optimization improves timing on the net.
INFO: [Physopt 32-619] Estimated Timing Summary | WNS=-1.758 | TNS=-4328.414 |
INFO: [Physopt 32-663] Processed net soc_base_inst/ztachip_inst/dp_1_i/dp0_i/dp_gen_core_i/dp_gen_primary_i/s_i0_count_r[14].  Re-placed instance soc_base_inst/ztachip_inst/dp_1_i/dp0_i/dp_gen_core_i/dp_gen_primary_i/s_i0_count_r_reg[14]
INFO: [Physopt 32-735] Processed net soc_base_inst/ztachip_inst/dp_1_i/dp0_i/dp_gen_core_i/dp_gen_primary_i/s_i0_count_r[14]. Optimization improves timing on the net.
INFO: [Physopt 32-619] Estimated Timing Summary | WNS=-1.758 | TNS=-4328.197 |
INFO: [Physopt 32-663] Processed net soc_base_inst/ztachip_inst/dp_1_i/dp0_i/dp_gen_core_i/dp_gen_primary_i/s_i0_count_r[17].  Re-placed instance soc_base_inst/ztachip_inst/dp_1_i/dp0_i/dp_gen_core_i/dp_gen_primary_i/s_i0_count_r_reg[17]
INFO: [Physopt 32-735] Processed net soc_base_inst/ztachip_inst/dp_1_i/dp0_i/dp_gen_core_i/dp_gen_primary_i/s_i0_count_r[17]. Optimization improves timing on the net.
INFO: [Physopt 32-619] Estimated Timing Summary | WNS=-1.758 | TNS=-4327.979 |
INFO: [Physopt 32-663] Processed net soc_base_inst/ztachip_inst/dp_1_i/dp0_i/dp_gen_core_i/dp_gen_primary_i/s_i0_count_r[8].  Re-placed instance soc_base_inst/ztachip_inst/dp_1_i/dp0_i/dp_gen_core_i/dp_gen_primary_i/s_i0_count_r_reg[8]
INFO: [Physopt 32-735] Processed net soc_base_inst/ztachip_inst/dp_1_i/dp0_i/dp_gen_core_i/dp_gen_primary_i/s_i0_count_r[8]. Optimization improves timing on the net.
INFO: [Physopt 32-619] Estimated Timing Summary | WNS=-1.758 | TNS=-4327.763 |
INFO: [Physopt 32-663] Processed net soc_base_inst/ztachip_inst/dp_1_i/dp0_i/dp_gen_core_i/dp_gen_primary_i/s_i0_count_r[9].  Re-placed instance soc_base_inst/ztachip_inst/dp_1_i/dp0_i/dp_gen_core_i/dp_gen_primary_i/s_i0_count_r_reg[9]
INFO: [Physopt 32-735] Processed net soc_base_inst/ztachip_inst/dp_1_i/dp0_i/dp_gen_core_i/dp_gen_primary_i/s_i0_count_r[9]. Optimization improves timing on the net.
INFO: [Physopt 32-619] Estimated Timing Summary | WNS=-1.758 | TNS=-4327.547 |
INFO: [Physopt 32-702] Processed net soc_base_inst/axi_split_dbus_i/GEN2.axi_split_write_i/pending_resp_fifo/full_r_0. Optimizations did not improve timing on the net.
INFO: [Physopt 32-710] Processed net soc_base_inst/axi_split_dbus_i/GEN2.axi_split_write_i/pending_resp_fifo/ram_i/waddr_r_reg_7_sn_1. Critical path length was reduced through logic transformation on cell soc_base_inst/axi_split_dbus_i/GEN2.axi_split_write_i/pending_resp_fifo/ram_i/full_r_i_1__13_comp.
INFO: [Physopt 32-735] Processed net soc_base_inst/axi_split_dbus_i/GEN2.axi_split_write_i/pending_data_fifo/waddr_r_reg[7]_0. Optimization improves timing on the net.
INFO: [Physopt 32-619] Estimated Timing Summary | WNS=-1.758 | TNS=-4327.250 |
INFO: [Physopt 32-710] Processed net soc_base_inst/axi_merge_inst/axi_merge_read_i/slave_i2/GEN2.slave_resp_fifo/ram_i/addrb[2]. Critical path length was reduced through logic transformation on cell soc_base_inst/axi_merge_inst/axi_merge_read_i/slave_i2/GEN2.slave_resp_fifo/ram_i/xpm_memory_sdpram_inst_i_3__41_comp.
INFO: [Physopt 32-735] Processed net soc_base_inst/axi_merge_inst/axi_merge_read_i/slave_i2/slave_cmd_pend_fifo/ram_i/raddr_r_reg_0_sn_1. Optimization improves timing on the net.
INFO: [Physopt 32-619] Estimated Timing Summary | WNS=-1.758 | TNS=-4325.766 |
INFO: [Physopt 32-663] Processed net soc_base_inst/ztachip_inst/dp_1_i/dp0_i/dp_gen_core_i/dp_gen_primary_i/s_i0_count_r[24].  Re-placed instance soc_base_inst/ztachip_inst/dp_1_i/dp0_i/dp_gen_core_i/dp_gen_primary_i/s_i0_count_r_reg[24]
INFO: [Physopt 32-735] Processed net soc_base_inst/ztachip_inst/dp_1_i/dp0_i/dp_gen_core_i/dp_gen_primary_i/s_i0_count_r[24]. Optimization improves timing on the net.
INFO: [Physopt 32-619] Estimated Timing Summary | WNS=-1.758 | TNS=-4325.575 |
INFO: [Physopt 32-663] Processed net soc_base_inst/ztachip_inst/dp_1_i/dp0_i/dp_gen_core_i/dp_gen_primary_i/s_i0_r_reg_n_0_[21].  Re-placed instance soc_base_inst/ztachip_inst/dp_1_i/dp0_i/dp_gen_core_i/dp_gen_primary_i/s_i0_r_reg[21]
INFO: [Physopt 32-735] Processed net soc_base_inst/ztachip_inst/dp_1_i/dp0_i/dp_gen_core_i/dp_gen_primary_i/s_i0_r_reg_n_0_[21]. Optimization improves timing on the net.
INFO: [Physopt 32-619] Estimated Timing Summary | WNS=-1.758 | TNS=-4325.384 |
INFO: [Physopt 32-663] Processed net soc_base_inst/ztachip_inst/dp_1_i/dp0_i/dp_gen_core_i/dp_gen_primary_i/s_i0_r_reg_n_0_[22].  Re-placed instance soc_base_inst/ztachip_inst/dp_1_i/dp0_i/dp_gen_core_i/dp_gen_primary_i/s_i0_r_reg[22]
INFO: [Physopt 32-735] Processed net soc_base_inst/ztachip_inst/dp_1_i/dp0_i/dp_gen_core_i/dp_gen_primary_i/s_i0_r_reg_n_0_[22]. Optimization improves timing on the net.
INFO: [Physopt 32-619] Estimated Timing Summary | WNS=-1.758 | TNS=-4325.228 |
INFO: [Physopt 32-663] Processed net soc_base_inst/ztachip_inst/dp_1_i/dp0_i/dp_gen_core_i/dp_gen_primary_i/s_i0_r_reg_n_0_[23].  Re-placed instance soc_base_inst/ztachip_inst/dp_1_i/dp0_i/dp_gen_core_i/dp_gen_primary_i/s_i0_r_reg[23]
INFO: [Physopt 32-735] Processed net soc_base_inst/ztachip_inst/dp_1_i/dp0_i/dp_gen_core_i/dp_gen_primary_i/s_i0_r_reg_n_0_[23]. Optimization improves timing on the net.
INFO: [Physopt 32-619] Estimated Timing Summary | WNS=-1.758 | TNS=-4325.074 |
INFO: [Physopt 32-663] Processed net soc_base_inst/ztachip_inst/dp_1_i/dp0_i/dp_gen_core_i/dp_gen_primary_i/s_i0_r_reg_n_0_[24].  Re-placed instance soc_base_inst/ztachip_inst/dp_1_i/dp0_i/dp_gen_core_i/dp_gen_primary_i/s_i0_r_reg[24]
INFO: [Physopt 32-735] Processed net soc_base_inst/ztachip_inst/dp_1_i/dp0_i/dp_gen_core_i/dp_gen_primary_i/s_i0_r_reg_n_0_[24]. Optimization improves timing on the net.
INFO: [Physopt 32-619] Estimated Timing Summary | WNS=-1.758 | TNS=-4324.919 |
INFO: [Physopt 32-663] Processed net soc_base_inst/ztachip_inst/dp_1_i/dp0_i/dp_gen_core_i/dp_gen_primary_i/s_i0_r_reg_n_0_[25].  Re-placed instance soc_base_inst/ztachip_inst/dp_1_i/dp0_i/dp_gen_core_i/dp_gen_primary_i/s_i0_r_reg[25]
INFO: [Physopt 32-735] Processed net soc_base_inst/ztachip_inst/dp_1_i/dp0_i/dp_gen_core_i/dp_gen_primary_i/s_i0_r_reg_n_0_[25]. Optimization improves timing on the net.
INFO: [Physopt 32-619] Estimated Timing Summary | WNS=-1.758 | TNS=-4324.764 |
INFO: [Physopt 32-663] Processed net soc_base_inst/ztachip_inst/dp_1_i/dp0_i/dp_gen_core_i/dp_gen_primary_i/s_i0_start_r_reg_n_0_[25].  Re-placed instance soc_base_inst/ztachip_inst/dp_1_i/dp0_i/dp_gen_core_i/dp_gen_primary_i/s_i0_start_r_reg[25]
INFO: [Physopt 32-735] Processed net soc_base_inst/ztachip_inst/dp_1_i/dp0_i/dp_gen_core_i/dp_gen_primary_i/s_i0_start_r_reg_n_0_[25]. Optimization improves timing on the net.
INFO: [Physopt 32-619] Estimated Timing Summary | WNS=-1.758 | TNS=-4324.726 |
INFO: [Physopt 32-663] Processed net soc_base_inst/ztachip_inst/dp_1_i/dp0_i/dp_gen_core_i/dp_gen_primary_i/s_i0_count_r[15].  Re-placed instance soc_base_inst/ztachip_inst/dp_1_i/dp0_i/dp_gen_core_i/dp_gen_primary_i/s_i0_count_r_reg[15]
INFO: [Physopt 32-735] Processed net soc_base_inst/ztachip_inst/dp_1_i/dp0_i/dp_gen_core_i/dp_gen_primary_i/s_i0_count_r[15]. Optimization improves timing on the net.
INFO: [Physopt 32-619] Estimated Timing Summary | WNS=-1.758 | TNS=-4324.702 |
INFO: [Physopt 32-663] Processed net soc_base_inst/ztachip_inst/dp_1_i/dp0_i/dp_gen_core_i/dp_gen_primary_i/s_i0_count_r[16].  Re-placed instance soc_base_inst/ztachip_inst/dp_1_i/dp0_i/dp_gen_core_i/dp_gen_primary_i/s_i0_count_r_reg[16]
INFO: [Physopt 32-735] Processed net soc_base_inst/ztachip_inst/dp_1_i/dp0_i/dp_gen_core_i/dp_gen_primary_i/s_i0_count_r[16]. Optimization improves timing on the net.
INFO: [Physopt 32-619] Estimated Timing Summary | WNS=-1.758 | TNS=-4324.677 |
INFO: [Physopt 32-663] Processed net soc_base_inst/ztachip_inst/dp_1_i/dp0_i/dp_gen_core_i/dp_gen_primary_i/s_i0_count_r[18].  Re-placed instance soc_base_inst/ztachip_inst/dp_1_i/dp0_i/dp_gen_core_i/dp_gen_primary_i/s_i0_count_r_reg[18]
INFO: [Physopt 32-735] Processed net soc_base_inst/ztachip_inst/dp_1_i/dp0_i/dp_gen_core_i/dp_gen_primary_i/s_i0_count_r[18]. Optimization improves timing on the net.
INFO: [Physopt 32-619] Estimated Timing Summary | WNS=-1.758 | TNS=-4324.652 |
INFO: [Physopt 32-663] Processed net soc_base_inst/ztachip_inst/dp_1_i/dp0_i/dp_gen_core_i/dp_gen_primary_i/s_i0_count_r[21].  Re-placed instance soc_base_inst/ztachip_inst/dp_1_i/dp0_i/dp_gen_core_i/dp_gen_primary_i/s_i0_count_r_reg[21]
INFO: [Physopt 32-735] Processed net soc_base_inst/ztachip_inst/dp_1_i/dp0_i/dp_gen_core_i/dp_gen_primary_i/s_i0_count_r[21]. Optimization improves timing on the net.
INFO: [Physopt 32-619] Estimated Timing Summary | WNS=-1.758 | TNS=-4324.632 |
INFO: [Physopt 32-663] Processed net soc_base_inst/ztachip_inst/dp_1_i/dp0_i/dp_gen_core_i/dp_gen_primary_i/s_i0_count_r[22].  Re-placed instance soc_base_inst/ztachip_inst/dp_1_i/dp0_i/dp_gen_core_i/dp_gen_primary_i/s_i0_count_r_reg[22]
INFO: [Physopt 32-735] Processed net soc_base_inst/ztachip_inst/dp_1_i/dp0_i/dp_gen_core_i/dp_gen_primary_i/s_i0_count_r[22]. Optimization improves timing on the net.
INFO: [Physopt 32-619] Estimated Timing Summary | WNS=-1.758 | TNS=-4324.612 |
INFO: [Physopt 32-663] Processed net soc_base_inst/ztachip_inst/dp_1_i/dp0_i/dp_gen_core_i/dp_gen_primary_i/s_i0_count_r[25].  Re-placed instance soc_base_inst/ztachip_inst/dp_1_i/dp0_i/dp_gen_core_i/dp_gen_primary_i/s_i0_count_r_reg[25]
INFO: [Physopt 32-735] Processed net soc_base_inst/ztachip_inst/dp_1_i/dp0_i/dp_gen_core_i/dp_gen_primary_i/s_i0_count_r[25]. Optimization improves timing on the net.
INFO: [Physopt 32-619] Estimated Timing Summary | WNS=-1.758 | TNS=-4324.592 |
INFO: [Physopt 32-663] Processed net soc_base_inst/ztachip_inst/dp_1_i/dp0_i/dp_gen_core_i/dp_gen_primary_i/s_i0_r_reg_n_0_[11].  Re-placed instance soc_base_inst/ztachip_inst/dp_1_i/dp0_i/dp_gen_core_i/dp_gen_primary_i/s_i0_r_reg[11]
INFO: [Physopt 32-735] Processed net soc_base_inst/ztachip_inst/dp_1_i/dp0_i/dp_gen_core_i/dp_gen_primary_i/s_i0_r_reg_n_0_[11]. Optimization improves timing on the net.
INFO: [Physopt 32-619] Estimated Timing Summary | WNS=-1.758 | TNS=-4324.578 |
INFO: [Physopt 32-702] Processed net soc_base_inst/ztachip_inst/dp_1_i/dp0_i/dp_gen_core_i/dp_gen_primary_i/s_i0_r_reg_n_0_[14]. Optimizations did not improve timing on the net.
INFO: [Physopt 32-81] Processed net soc_base_inst/ztachip_inst/dp_1_i/dp0_i/dp_gen_core_i/dp_gen_primary_i/s_i1_r. Replicated 1 times.
INFO: [Physopt 32-735] Processed net soc_base_inst/ztachip_inst/dp_1_i/dp0_i/dp_gen_core_i/dp_gen_primary_i/s_i1_r. Optimization improves timing on the net.
INFO: [Physopt 32-619] Estimated Timing Summary | WNS=-1.758 | TNS=-4306.688 |
INFO: [Physopt 32-702] Processed net soc_base_inst/cpu_inst/system_cpu/IBusCachedPlugin_predictor_line_target[8]. Optimizations did not improve timing on the net.
INFO: [Physopt 32-663] Processed net soc_base_inst/cpu_inst/system_cpu/dataCache_1/IBusCachedPlugin_predictor_history_reg_i_13_n_0.  Re-placed instance soc_base_inst/cpu_inst/system_cpu/dataCache_1/IBusCachedPlugin_predictor_history_reg_i_13
INFO: [Physopt 32-735] Processed net soc_base_inst/cpu_inst/system_cpu/dataCache_1/IBusCachedPlugin_predictor_history_reg_i_13_n_0. Optimization improves timing on the net.
INFO: [Physopt 32-619] Estimated Timing Summary | WNS=-1.758 | TNS=-4306.743 |
INFO: [Physopt 32-702] Processed net soc_base_inst/ztachip_inst/dp_1_i/dp0_i/dp_fetch_1_i/fifo_i/task_r_inv_i_5_n_0. Optimizations did not improve timing on the net.
INFO: [Physopt 32-702] Processed net soc_base_inst/ztachip_inst/dp_1_i/dp0_i/dp_fetch_1_i/fifo_i/rdreq1_r_i_26_n_0. Optimizations did not improve timing on the net.
INFO: [Physopt 32-702] Processed net soc_base_inst/ztachip_inst/dp_1_i/dp0_i/dp_fetch_1_i/fifo_i/rdreq2_r_i_2_n_0. Optimizations did not improve timing on the net.
INFO: [Physopt 32-608] Optimized 1 net.  Swapped 21 pins.
INFO: [Physopt 32-735] Processed net soc_base_inst/ztachip_inst/dp_1_i/dp0_i/dp_fetch_1_i/fifo_i/rdreq1_r_i_2_n_0. Optimization improves timing on the net.
INFO: [Physopt 32-619] Estimated Timing Summary | WNS=-1.758 | TNS=-4306.009 |
INFO: [Physopt 32-702] Processed net soc_base_inst/ztachip_inst/dp_1_i/dp0_i/dp_fetch_1_i/fifo_i/task_r_inv_i_8_n_0. Optimizations did not improve timing on the net.
INFO: [Physopt 32-710] Processed net soc_base_inst/ztachip_inst/dp_1_i/dp0_i/dp_fetch_1_i/fifo_i/task_r_inv_i_8_n_0. Critical path length was reduced through logic transformation on cell soc_base_inst/ztachip_inst/dp_1_i/dp0_i/dp_fetch_1_i/fifo_i/task_r_inv_i_8_comp.
INFO: [Physopt 32-735] Processed net soc_base_inst/ztachip_inst/dp_1_i/dp0_i/dp_fetch_1_i/fifo_i/rdreq1_r_i_12_n_0. Optimization improves timing on the net.
INFO: [Physopt 32-619] Estimated Timing Summary | WNS=-1.758 | TNS=-4306.579 |
INFO: [Physopt 32-710] Processed net soc_base_inst/ztachip_inst/dp_1_i/dp0_i/dp_fetch_1_i/fifo_i/rdreq2_r_i_2_n_0. Critical path length was reduced through logic transformation on cell soc_base_inst/ztachip_inst/dp_1_i/dp0_i/dp_fetch_1_i/fifo_i/rdreq2_r_i_2_comp.
INFO: [Physopt 32-735] Processed net soc_base_inst/ztachip_inst/dp_1_i/dp0_i/dp_fetch_1_i/fifo_i/rdreq2_r_i_3_n_0. Optimization improves timing on the net.
INFO: [Physopt 32-619] Estimated Timing Summary | WNS=-1.758 | TNS=-4298.483 |
INFO: [Physopt 32-702] Processed net soc_base_inst/axi_merge_inst/axi_merge_read_i/slave_i2/GEN2.slave_resp_fifo/full_r_i_4__28_n_0. Optimizations did not improve timing on the net.
INFO: [Physopt 32-663] Processed net soc_base_inst/axi_merge_inst/axi_merge_read_i/slave_i2/GEN2.slave_resp_fifo/full_r_i_8__15_n_0.  Re-placed instance soc_base_inst/axi_merge_inst/axi_merge_read_i/slave_i2/GEN2.slave_resp_fifo/full_r_i_8__15
INFO: [Physopt 32-735] Processed net soc_base_inst/axi_merge_inst/axi_merge_read_i/slave_i2/GEN2.slave_resp_fifo/full_r_i_8__15_n_0. Optimization improves timing on the net.
INFO: [Physopt 32-619] Estimated Timing Summary | WNS=-1.758 | TNS=-4298.474 |
INFO: [Physopt 32-663] Processed net soc_base_inst/axi_merge_inst/axi_merge_read_i/slave_i2/GEN2.slave_resp_fifo/full_r_i_8__15_n_0.  Re-placed instance soc_base_inst/axi_merge_inst/axi_merge_read_i/slave_i2/GEN2.slave_resp_fifo/full_r_i_8__15
INFO: [Physopt 32-735] Processed net soc_base_inst/axi_merge_inst/axi_merge_read_i/slave_i2/GEN2.slave_resp_fifo/full_r_i_8__15_n_0. Optimization improves timing on the net.
INFO: [Physopt 32-619] Estimated Timing Summary | WNS=-1.758 | TNS=-4298.405 |
INFO: [Physopt 32-702] Processed net soc_base_inst/ztachip_inst/axilite_i/waddr_fifo_i/ram_i/xpm_memory_sdpram_inst/xpm_memory_base_inst/doutb[2]. Optimizations did not improve timing on the net.
INFO: [Physopt 32-663] Processed net soc_base_inst/axi_split_dbus_i/GEN2.axi_split_write_i/write_fifo_i/GEN1.slave_cmd_fifo/ram_i/gen_wr_a.gen_word_narrow.mem_reg[2].  Re-placed instance soc_base_inst/axi_split_dbus_i/GEN2.axi_split_write_i/write_fifo_i/GEN1.slave_cmd_fifo/ram_i/xpm_memory_sdpram_inst_i_4__26
INFO: [Physopt 32-735] Processed net soc_base_inst/axi_split_dbus_i/GEN2.axi_split_write_i/write_fifo_i/GEN1.slave_cmd_fifo/ram_i/gen_wr_a.gen_word_narrow.mem_reg[2]. Optimization improves timing on the net.
INFO: [Physopt 32-619] Estimated Timing Summary | WNS=-1.758 | TNS=-4296.660 |
INFO: [Physopt 32-702] Processed net soc_base_inst/ztachip_inst/dp_1_i/dp0_i/dp_fetch_1_i/fifo_i/rdreq1_r_i_2_n_0. Optimizations did not improve timing on the net.
INFO: [Physopt 32-702] Processed net soc_base_inst/ztachip_inst/dp_1_i/dp0_i/dp_fetch_1_i/fifo_i/rdreq1_r_i_4_n_0. Optimizations did not improve timing on the net.
INFO: [Physopt 32-663] Processed net soc_base_inst/ztachip_inst/dp_1_i/dp0_i/dp_fetch_1_i/fifo_i/rdreq1_r_i_14_n_0.  Re-placed instance soc_base_inst/ztachip_inst/dp_1_i/dp0_i/dp_fetch_1_i/fifo_i/rdreq1_r_i_14
INFO: [Physopt 32-735] Processed net soc_base_inst/ztachip_inst/dp_1_i/dp0_i/dp_fetch_1_i/fifo_i/rdreq1_r_i_14_n_0. Optimization improves timing on the net.
INFO: [Physopt 32-619] Estimated Timing Summary | WNS=-1.758 | TNS=-4293.140 |
INFO: [Physopt 32-702] Processed net soc_base_inst/axi_merge_inst/axi_merge_read_i/slave_i2/GEN2.slave_resp_fifo/full_r_i_5__25_n_0. Optimizations did not improve timing on the net.
INFO: [Physopt 32-710] Processed net soc_base_inst/axi_merge_inst/axi_merge_read_i/slave_i2/GEN2.slave_resp_fifo/full_r_i_5__25_n_0. Critical path length was reduced through logic transformation on cell soc_base_inst/axi_merge_inst/axi_merge_read_i/slave_i2/GEN2.slave_resp_fifo/full_r_i_5__25_comp.
INFO: [Physopt 32-735] Processed net soc_base_inst/axi_merge_inst/axi_merge_read_i/slave_i2/GEN2.slave_resp_fifo/full_r_i_8__15_n_0. Optimization improves timing on the net.
INFO: [Physopt 32-619] Estimated Timing Summary | WNS=-1.758 | TNS=-4293.137 |
INFO: [Physopt 32-710] Processed net soc_base_inst/axi_merge_inst/axi_merge_read_i/slave_i2/GEN2.slave_resp_fifo/full_r_i_4__28_n_0. Critical path length was reduced through logic transformation on cell soc_base_inst/axi_merge_inst/axi_merge_read_i/slave_i2/GEN2.slave_resp_fifo/full_r_i_4__28_comp.
INFO: [Physopt 32-735] Processed net soc_base_inst/axi_merge_inst/axi_merge_read_i/slave_i2/GEN2.slave_resp_fifo/full_r_i_8__15_n_0. Optimization improves timing on the net.
INFO: [Physopt 32-619] Estimated Timing Summary | WNS=-1.758 | TNS=-4292.926 |
INFO: [Physopt 32-702] Processed net soc_base_inst/ztachip_inst/dp_1_i/dp0_i/dp_sink3_i/read_pending_p1_r_reg_n_0_[1]. Optimizations did not improve timing on the net.
INFO: [Physopt 32-608] Optimized 1 net.  Swapped 20 pins.
INFO: [Physopt 32-735] Processed net soc_base_inst/ztachip_inst/dp_1_i/dp0_i/dp_sink3_i/i__carry_i_1__8_n_0. Optimization improves timing on the net.
INFO: [Physopt 32-619] Estimated Timing Summary | WNS=-1.758 | TNS=-4292.429 |
INFO: [Physopt 32-710] Processed net soc_base_inst/ztachip_inst/dp_1_i/dp0_i/dp_gen_core_i/dp_gen_primary_i/s_i0_r. Critical path length was reduced through logic transformation on cell soc_base_inst/ztachip_inst/dp_1_i/dp0_i/dp_gen_core_i/dp_gen_primary_i/s_i0_count_r[25]_i_1_comp.
INFO: [Physopt 32-735] Processed net soc_base_inst/ztachip_inst/dp_1_i/dp0_i/dp_gen_core_i/dp_gen_primary_i/s_i1_r_repN. Optimization improves timing on the net.
INFO: [Physopt 32-619] Estimated Timing Summary | WNS=-1.758 | TNS=-4252.297 |
INFO: [Physopt 32-702] Processed net soc_base_inst/ztachip_inst/dp_1_i/dp0_i/dp_fetch_1_i/fifo_i/rdreq1_r_i_8_n_0. Optimizations did not improve timing on the net.
INFO: [Physopt 32-710] Processed net soc_base_inst/ztachip_inst/dp_1_i/dp0_i/dp_fetch_1_i/fifo_i/rdreq1_r_i_8_n_0. Critical path length was reduced through logic transformation on cell soc_base_inst/ztachip_inst/dp_1_i/dp0_i/dp_fetch_1_i/fifo_i/rdreq1_r_i_8_comp.
INFO: [Physopt 32-735] Processed net soc_base_inst/ztachip_inst/dp_1_i/dp0_i/dp_fetch_1_i/fifo_i/rdreq1_r_i_22_n_0. Optimization improves timing on the net.
INFO: [Physopt 32-619] Estimated Timing Summary | WNS=-1.758 | TNS=-4248.937 |
INFO: [Physopt 32-663] Processed net soc_base_inst/ztachip_inst/dp_1_i/dp0_i/dp_fetch_1_i/fifo_i/rdreq2_r_i_5_n_0.  Re-placed instance soc_base_inst/ztachip_inst/dp_1_i/dp0_i/dp_fetch_1_i/fifo_i/rdreq2_r_i_5
INFO: [Physopt 32-735] Processed net soc_base_inst/ztachip_inst/dp_1_i/dp0_i/dp_fetch_1_i/fifo_i/rdreq2_r_i_5_n_0. Optimization improves timing on the net.
INFO: [Physopt 32-619] Estimated Timing Summary | WNS=-1.758 | TNS=-4245.737 |
INFO: [Physopt 32-702] Processed net soc_base_inst/ztachip_inst/dp_1_i/dp0_i/dp_sink2_i/read_pending_p0_r_reg[2]_0. Optimizations did not improve timing on the net.
INFO: [Physopt 32-608] Optimized 1 net.  Swapped 21 pins.
INFO: [Physopt 32-735] Processed net soc_base_inst/ztachip_inst/dp_1_i/dp0_i/dp_sink2_i/i__carry_i_1__1_n_0. Optimization improves timing on the net.
INFO: [Physopt 32-619] Estimated Timing Summary | WNS=-1.758 | TNS=-4245.647 |
INFO: [Physopt 32-702] Processed net soc_base_inst/ztachip_inst/dp_1_i/dp0_i/dp_sink3_i/read_pending_p0_r_reg[2]_0. Optimizations did not improve timing on the net.
INFO: [Physopt 32-608] Optimized 1 net.  Swapped 20 pins.
INFO: [Physopt 32-735] Processed net soc_base_inst/ztachip_inst/dp_1_i/dp0_i/dp_gen_core_i/dp_gen_primary_i/req_p0_2_r_reg[0]_2[0]. Optimization improves timing on the net.
INFO: [Physopt 32-619] Estimated Timing Summary | WNS=-1.758 | TNS=-4245.644 |
INFO: [Physopt 32-702] Processed net soc_base_inst/ztachip_inst/dp_1_i/dp0_i/dp_sink3_i/i__carry_i_2__9_n_0. Optimizations did not improve timing on the net.
INFO: [Physopt 32-608] Optimized 1 net.  Swapped 24 pins.
INFO: [Physopt 32-735] Processed net soc_base_inst/ztachip_inst/dp_1_i/dp0_i/dp_sink3_i/i__carry_i_4__9_n_0. Optimization improves timing on the net.
INFO: [Physopt 32-619] Estimated Timing Summary | WNS=-1.758 | TNS=-4245.633 |
INFO: [Physopt 32-702] Processed net soc_base_inst/ztachip_inst/dp_1_i/dp0_i/dp_sink3_i/i__carry_i_4__9_n_0. Optimizations did not improve timing on the net.
INFO: [Physopt 32-663] Processed net soc_base_inst/ztachip_inst/dp_1_i/dp0_i/dp_sink3_i/rsp_p0_2_r[7]_i_2__0_n_0.  Re-placed instance soc_base_inst/ztachip_inst/dp_1_i/dp0_i/dp_sink3_i/rsp_p0_2_r[7]_i_2__0
INFO: [Physopt 32-735] Processed net soc_base_inst/ztachip_inst/dp_1_i/dp0_i/dp_sink3_i/rsp_p0_2_r[7]_i_2__0_n_0. Optimization improves timing on the net.
INFO: [Physopt 32-619] Estimated Timing Summary | WNS=-1.758 | TNS=-4244.832 |
INFO: [Physopt 32-608] Optimized 1 net.  Swapped 21 pins.
INFO: [Physopt 32-735] Processed net soc_base_inst/ztachip_inst/dp_1_i/dp0_i/dp_fetch_1_i/fifo_i/rdreq1_r_i_13_n_0. Optimization improves timing on the net.
INFO: [Physopt 32-619] Estimated Timing Summary | WNS=-1.758 | TNS=-4242.672 |
INFO: [Physopt 32-608] Optimized 1 net.  Swapped 21 pins.
INFO: [Physopt 32-735] Processed net soc_base_inst/ztachip_inst/dp_1_i/dp0_i/dp_fetch_1_i/fifo_i/rdreq1_r_i_7_n_0. Optimization improves timing on the net.
INFO: [Physopt 32-619] Estimated Timing Summary | WNS=-1.758 | TNS=-4241.152 |
INFO: [Physopt 32-702] Processed net soc_base_inst/axi_merge_inst/axi_merge_read_i/slave_i0/GEN2.slave_resp_fifo/ram_i/xpm_memory_sdpram_inst/xpm_memory_base_inst/doutb[104]. Optimizations did not improve timing on the net.
INFO: [Physopt 32-710] Processed net soc_base_inst/axi_merge_inst/axi_merge_read_i/slave_i0/GEN2.slave_resp_fifo/ram_i/address_b[5]. Critical path length was reduced through logic transformation on cell soc_base_inst/axi_merge_inst/axi_merge_read_i/slave_i0/GEN2.slave_resp_fifo/ram_i/xpm_memory_sdpram_inst_i_3__47_comp.
INFO: [Physopt 32-735] Processed net soc_base_inst/axi_merge_inst/axi_merge_read_i/slave_i0/GEN2.slave_resp_fifo/ram_i/raddr_r_reg[0]. Optimization improves timing on the net.
INFO: [Physopt 32-619] Estimated Timing Summary | WNS=-1.758 | TNS=-4239.371 |
INFO: [Physopt 32-663] Processed net soc_base_inst/axi_split_dbus_i/GEN2.axi_split_write_i/pending_data_fifo/waddr_r_reg[7]_0.  Re-placed instance soc_base_inst/axi_split_dbus_i/GEN2.axi_split_write_i/pending_data_fifo/full_r_i_2__12_comp_1
INFO: [Physopt 32-735] Processed net soc_base_inst/axi_split_dbus_i/GEN2.axi_split_write_i/pending_data_fifo/waddr_r_reg[7]_0. Optimization improves timing on the net.
INFO: [Physopt 32-619] Estimated Timing Summary | WNS=-1.758 | TNS=-4239.231 |
INFO: [Physopt 32-608] Optimized 1 net.  Swapped 18 pins.
INFO: [Physopt 32-735] Processed net soc_base_inst/ztachip_inst/dp_1_i/dp0_i/dp_fetch_1_i/fifo_i/rdreq1_r_i_14_n_0. Optimization improves timing on the net.
INFO: [Physopt 32-619] Estimated Timing Summary | WNS=-1.758 | TNS=-4237.711 |
INFO: [Physopt 32-601] Processed net soc_base_inst/ztachip_inst/dp_1_i/dp0_i/dp_fetch_1_i/fifo_i/rdreq2_r_i_5_n_0. Net driver soc_base_inst/ztachip_inst/dp_1_i/dp0_i/dp_fetch_1_i/fifo_i/rdreq2_r_i_5 was replaced.
INFO: [Physopt 32-735] Processed net soc_base_inst/ztachip_inst/dp_1_i/dp0_i/dp_fetch_1_i/fifo_i/rdreq2_r_i_5_n_0. Optimization improves timing on the net.
INFO: [Physopt 32-619] Estimated Timing Summary | WNS=-1.758 | TNS=-4233.375 |
INFO: [Physopt 32-702] Processed net soc_base_inst/cpu_inst/system_cpu/IBusCachedPlugin_cache/fetchStage_read_waysValues_0_tag_address[14]. Optimizations did not improve timing on the net.
INFO: [Physopt 32-710] Processed net soc_base_inst/cpu_inst/system_cpu/IBusCachedPlugin_cache/IBusCachedPlugin_iBusRsp_stages_1_output_m2sPipe_ready. Critical path length was reduced through logic transformation on cell soc_base_inst/cpu_inst/system_cpu/IBusCachedPlugin_cache/ways_1_tags_reg_i_1_comp.
INFO: [Physopt 32-735] Processed net soc_base_inst/cpu_inst/system_cpu/dataCache_1/when_CsrPlugin_l1259_1. Optimization improves timing on the net.
INFO: [Physopt 32-619] Estimated Timing Summary | WNS=-1.758 | TNS=-4206.142 |
INFO: [Physopt 32-710] Processed net soc_base_inst/axi_split_dbus_i/GEN2.axi_split_write_i/write_fifo_i/GEN1.slave_cmd_fifo/ram_i/write_in5_out. Critical path length was reduced through logic transformation on cell soc_base_inst/axi_split_dbus_i/GEN2.axi_split_write_i/write_fifo_i/GEN1.slave_cmd_fifo/ram_i/xpm_memory_sdpram_inst_i_1__16_comp.
INFO: [Physopt 32-735] Processed net soc_base_inst/axi_split_dbus_i/GEN2.axi_split_write_i/write_fifo_i/GEN1.slave_cmd_fifo/ram_i/gen_wr_a.gen_word_narrow.mem_reg[2]. Optimization improves timing on the net.
INFO: [Physopt 32-619] Estimated Timing Summary | WNS=-1.758 | TNS=-4204.203 |
INFO: [Physopt 32-608] Optimized 1 net.  Swapped 21 pins.
INFO: [Physopt 32-735] Processed net soc_base_inst/ztachip_inst/dp_1_i/dp0_i/dp_gen_core_i/dp_gen_primary_i/req_p0_2_r_reg[0]_8[0]. Optimization improves timing on the net.
INFO: [Physopt 32-619] Estimated Timing Summary | WNS=-1.758 | TNS=-4204.039 |
INFO: [Common 17-14] Message 'Physopt 32-619' appears 100 times and further instances of the messages will be disabled. Use the Tcl command set_msg_config to change the current settings.
INFO: [Physopt 32-710] Processed net soc_base_inst/axi_merge_inst/axi_merge_read_i/slave_i2/GEN2.slave_resp_fifo/ram_i/addrb[1]. Critical path length was reduced through logic transformation on cell soc_base_inst/axi_merge_inst/axi_merge_read_i/slave_i2/GEN2.slave_resp_fifo/ram_i/xpm_memory_sdpram_inst_i_4__40_comp_1.
INFO: [Physopt 32-735] Processed net soc_base_inst/axi_merge_inst/axi_merge_read_i/slave_i2/slave_cmd_pend_fifo/ram_i/gen_wr_a.gen_word_narrow.mem_reg. Optimization improves timing on the net.
INFO: [Physopt 32-702] Processed net soc_base_inst/axi_merge_inst/axi_merge_read_i/pend_master_fifo_i/full_out. Optimizations did not improve timing on the net.
INFO: [Physopt 32-663] Processed net soc_base_inst/axi_merge_inst/axi_merge_read_i/pend_master_fifo_i/ram_i/full_r_i_4__31_n_0.  Re-placed instance soc_base_inst/axi_merge_inst/axi_merge_read_i/pend_master_fifo_i/ram_i/full_r_i_4__31
INFO: [Physopt 32-735] Processed net soc_base_inst/axi_merge_inst/axi_merge_read_i/pend_master_fifo_i/ram_i/full_r_i_4__31_n_0. Optimization improves timing on the net.
INFO: [Physopt 32-702] Processed net soc_base_inst/cpu_inst/system_cpu/_zz_IBusCachedPlugin_fetchPc_pc[2]. Optimizations did not improve timing on the net.
INFO: [Physopt 32-608] Optimized 1 net.  Swapped 22 pins.
INFO: [Physopt 32-735] Processed net soc_base_inst/cpu_inst/system_cpu/dataCache_1/CsrPlugin_exceptionPortCtrl_exceptionValidsRegs_execute_reg. Optimization improves timing on the net.
INFO: [Common 17-14] Message 'Physopt 32-735' appears 100 times and further instances of the messages will be disabled. Use the Tcl command set_msg_config to change the current settings.
INFO: [Physopt 32-702] Processed net soc_base_inst/cpu_inst/system_cpu/_zz_IBusCachedPlugin_iBusRsp_stages_1_output_m2sPipe_valid_reg_n_0. Optimizations did not improve timing on the net.
INFO: [Physopt 32-663] Processed net soc_base_inst/cpu_inst/system_cpu/IBusCachedPlugin_cache/_zz_IBusCachedPlugin_iBusRsp_stages_1_output_m2sPipe_valid_reg.  Re-placed instance soc_base_inst/cpu_inst/system_cpu/IBusCachedPlugin_cache/execute_arbitration_isValid_i_2
INFO: [Physopt 32-663] Processed net soc_base_inst/axi_merge_inst/axi_merge_read_i/slave_i2/GEN2.slave_resp_fifo/full_r_i_3__46_n_0.  Re-placed instance soc_base_inst/axi_merge_inst/axi_merge_read_i/slave_i2/GEN2.slave_resp_fifo/full_r_i_3__46
INFO: [Physopt 32-710] Processed net soc_base_inst/cpu_inst/system_cpu/dataCache_1/p_41_in. Critical path length was reduced through logic transformation on cell soc_base_inst/cpu_inst/system_cpu/dataCache_1/IBusCachedPlugin_predictor_history_reg_i_1_comp.
INFO: [Physopt 32-702] Processed net soc_base_inst/ztachip_inst/dp_1_i/dp0_i/dp_sink3_i/read_pending_p1_r_reg[2]_0. Optimizations did not improve timing on the net.
INFO: [Physopt 32-608] Optimized 1 net.  Swapped 21 pins.
INFO: [Physopt 32-702] Processed net soc_base_inst/ztachip_inst/dp_1_i/dp0_i/dp_fetch_1_i/fifo_i/rdreq2_r_i_5_n_0. Optimizations did not improve timing on the net.
INFO: [Physopt 32-702] Processed net soc_base_inst/ztachip_inst/dp_1_i/dp0_i/dp_fetch_1_i/fifo_i/rdreq2_r_i_11_n_0. Optimizations did not improve timing on the net.
INFO: [Physopt 32-663] Processed net soc_base_inst/ztachip_inst/dp_1_i/dp0_i/dp_fetch_1_i/fifo_i/rdreq2_r_i_19_n_0.  Re-placed instance soc_base_inst/ztachip_inst/dp_1_i/dp0_i/dp_fetch_1_i/fifo_i/rdreq2_r_i_19
INFO: [Physopt 32-702] Processed net soc_base_inst/ztachip_inst/dp_1_i/dp0_i/dp_fetch_1_i/fifo_i/rdreq1_r_i_7_n_0. Optimizations did not improve timing on the net.
INFO: [Physopt 32-663] Processed net soc_base_inst/ztachip_inst/dp_1_i/dp0_i/dp_fetch_1_i/fifo_i/rdreq1_r_i_21_n_0.  Re-placed instance soc_base_inst/ztachip_inst/dp_1_i/dp0_i/dp_fetch_1_i/fifo_i/rdreq1_r_i_21
INFO: [Physopt 32-608] Optimized 1 net.  Swapped 23 pins.
INFO: [Physopt 32-663] Processed net soc_base_inst/ztachip_inst/dp_1_i/dp0_i/dp_fetch_1_i/fifo_i/rdreq1_r_i_14_n_0.  Re-placed instance soc_base_inst/ztachip_inst/dp_1_i/dp0_i/dp_fetch_1_i/fifo_i/rdreq1_r_i_14
INFO: [Physopt 32-702] Processed net soc_base_inst/axi_merge_inst/axi_merge_read_i/slave_i0/GEN2.slave_resp_fifo/ram_i/raddr_r_reg[0]. Optimizations did not improve timing on the net.
INFO: [Physopt 32-710] Processed net soc_base_inst/axi_merge_inst/axi_merge_read_i/slave_i0/GEN2.slave_resp_fifo/ram_i/raddr_r_reg[0]. Critical path length was reduced through logic transformation on cell soc_base_inst/axi_merge_inst/axi_merge_read_i/slave_i0/GEN2.slave_resp_fifo/ram_i/xpm_memory_sdpram_inst_i_9__41_comp_1.
INFO: [Physopt 32-663] Processed net soc_base_inst/cpu_inst/system_cpu/execute_to_memory_REGFILE_WRITE_DATA[0].  Re-placed instance soc_base_inst/cpu_inst/system_cpu/execute_to_memory_REGFILE_WRITE_DATA_reg[0]
INFO: [Physopt 32-710] Processed net soc_base_inst/axi_merge_inst/axi_merge_read_i/slave_i2/GEN2.slave_resp_fifo/full_r_i_5__25_n_0. Critical path length was reduced through logic transformation on cell soc_base_inst/axi_merge_inst/axi_merge_read_i/slave_i2/GEN2.slave_resp_fifo/full_r_i_5__25_comp_1.
INFO: [Physopt 32-702] Processed net soc_base_inst/ztachip_inst/GEN1.fpu_i/falu_core_i/B_r[21]. Optimizations did not improve timing on the net.
INFO: [Physopt 32-663] Processed net soc_base_inst/ztachip_inst/GEN1.fpu_i/B_fifo_i/ram_i/B_r[21]_i_3_n_0.  Re-placed instance soc_base_inst/ztachip_inst/GEN1.fpu_i/B_fifo_i/ram_i/B_r[21]_i_3
INFO: [Physopt 32-702] Processed net soc_base_inst/axi_merge_inst/axi_merge_read_i/slave_i2/GEN2.slave_resp_fifo/empty_r_reg_0. Optimizations did not improve timing on the net.
INFO: [Physopt 32-663] Processed net soc_base_inst/axi_merge_inst/axi_merge_read_i/slave_i2/GEN2.slave_resp_fifo/empty_r_i_3__26_n_0.  Re-placed instance soc_base_inst/axi_merge_inst/axi_merge_read_i/slave_i2/GEN2.slave_resp_fifo/empty_r_i_3__26
INFO: [Physopt 32-608] Optimized 1 net.  Swapped 22 pins.
INFO: [Physopt 32-710] Processed net soc_base_inst/axi_merge_inst/axi_merge_read_i/slave_i2/GEN2.slave_resp_fifo/ram_i/addrb[3]. Critical path length was reduced through logic transformation on cell soc_base_inst/axi_merge_inst/axi_merge_read_i/slave_i2/GEN2.slave_resp_fifo/ram_i/xpm_memory_sdpram_inst_i_2__58_comp_1.
INFO: [Physopt 32-710] Processed net soc_base_inst/axi_merge_inst/axi_merge_read_i/slave_i2/slave_cmd_pend_fifo/ram_i/raddr_r_reg[1][0]. Critical path length was reduced through logic transformation on cell soc_base_inst/axi_merge_inst/axi_merge_read_i/slave_i2/slave_cmd_pend_fifo/ram_i/xpm_memory_sdpram_inst_i_5__41_comp_1.
INFO: [Physopt 32-663] Processed net soc_base_inst/ztachip_inst/dp_1_i/dp0_i/dp_fetch_1_i/fifo_i/rdreq1_r_i_22_n_0.  Re-placed instance soc_base_inst/ztachip_inst/dp_1_i/dp0_i/dp_fetch_1_i/fifo_i/rdreq1_r_i_22_comp
INFO: [Physopt 32-702] Processed net ethlite_i/ethlite_i/U0/XEMAC_I/EMAC_I/TX/INST_TX_INTRFCE/I_TX_FIFO/gnuram_async_fifo.xpm_fifo_base_inst/gen_sdpram.xpm_memory_base_inst/gen_wr_a.gen_word_narrow.mem_reg_0_15_0_5/DOB1. Optimizations did not improve timing on the net.
INFO: [Physopt 32-702] Processed net ethlite_i/ethlite_i/U0/XEMAC_I/EMAC_I/TX/INST_TX_STATE_MACHINE/STATE12A_2. Optimizations did not improve timing on the net.
INFO: [Physopt 32-663] Processed net ethlite_i/ethlite_i/U0/XEMAC_I/TX_PING/gen_wr_b.gen_word_wide.mem_reg_0[1].  Re-placed instance ethlite_i/ethlite_i/U0/XEMAC_I/TX_PING/ram16x1_1_i_1
INFO: [Physopt 32-608] Optimized 1 net.  Swapped 21 pins.
INFO: [Physopt 32-710] Processed net soc_base_inst/axi_split_dbus_i/GEN2.axi_split_write_i/pending_resp_fifo/ram_i/waddr_r_reg_7_sn_1. Critical path length was reduced through logic transformation on cell soc_base_inst/axi_split_dbus_i/GEN2.axi_split_write_i/pending_resp_fifo/ram_i/full_r_i_1__13_comp_1.
INFO: [Physopt 32-601] Processed net soc_base_inst/ztachip_inst/dp_1_i/dp0_i/dp_fetch_1_i/fifo_i/rdreq2_r_i_7_n_0. Net driver soc_base_inst/ztachip_inst/dp_1_i/dp0_i/dp_fetch_1_i/fifo_i/rdreq2_r_i_7 was replaced.
INFO: [Physopt 32-702] Processed net soc_base_inst/ztachip_inst/dp_1_i/dp0_i/dp_fetch_1_i/fifo_i/rdreq2_r_i_13_n_0. Optimizations did not improve timing on the net.
INFO: [Physopt 32-663] Processed net soc_base_inst/ztachip_inst/dp_1_i/dp0_i/dp_fetch_1_i/fifo_i/rdreq2_r_i_23_n_0.  Re-placed instance soc_base_inst/ztachip_inst/dp_1_i/dp0_i/dp_fetch_1_i/fifo_i/rdreq2_r_i_23
INFO: [Physopt 32-663] Processed net soc_base_inst/axi_split_dbus_i/GEN2.axi_split_write_i/pending_data_fifo/waddr_r_reg[3]_0.  Re-placed instance soc_base_inst/axi_split_dbus_i/GEN2.axi_split_write_i/pending_data_fifo/full_r_i_3__12_comp_1
INFO: [Physopt 32-608] Optimized 1 net.  Swapped 23 pins.
INFO: [Physopt 32-710] Processed net soc_base_inst/axi_merge_inst/axi_merge_read_i/slave_i2/GEN2.slave_resp_fifo/ram_i/addrb[2]. Critical path length was reduced through logic transformation on cell soc_base_inst/axi_merge_inst/axi_merge_read_i/slave_i2/GEN2.slave_resp_fifo/ram_i/xpm_memory_sdpram_inst_i_3__41_comp_1.
INFO: [Physopt 32-702] Processed net soc_base_inst/ztachip_inst/dp_1_i/dp0_i/dp_sink2_i/i__carry_i_2__1_n_0. Optimizations did not improve timing on the net.
INFO: [Physopt 32-702] Processed net soc_base_inst/ztachip_inst/dp_1_i/dp0_i/dp_sink2_i/i__carry_i_4__1_n_0. Optimizations did not improve timing on the net.
INFO: [Physopt 32-663] Processed net soc_base_inst/ztachip_inst/dp_1_i/dp0_i/dp_sink2_i/rsp_p0_2_r[7]_i_2__1_n_0.  Re-placed instance soc_base_inst/ztachip_inst/dp_1_i/dp0_i/dp_sink2_i/rsp_p0_2_r[7]_i_2__1
INFO: [Physopt 32-663] Processed net soc_base_inst/ztachip_inst/dp_1_i/dp0_i/dp_fetch_1_i/fifo_i/source_bus_id_r[1][1]_i_12_n_0.  Re-placed instance soc_base_inst/ztachip_inst/dp_1_i/dp0_i/dp_fetch_1_i/fifo_i/source_bus_id_r[1][1]_i_12
INFO: [Physopt 32-702] Processed net soc_base_inst/axi_split_dbus_i/GEN2.axi_split_write_i/pending_data_fifo/waddr_r_reg[7]_0. Optimizations did not improve timing on the net.
INFO: [Physopt 32-710] Processed net soc_base_inst/axi_split_dbus_i/GEN2.axi_split_write_i/pending_data_fifo/waddr_r_reg[7]_0. Critical path length was reduced through logic transformation on cell soc_base_inst/axi_split_dbus_i/GEN2.axi_split_write_i/pending_data_fifo/full_r_i_2__12_comp_2.
INFO: [Physopt 32-81] Processed net soc_base_inst/ztachip_inst/dp_1_i/dp0_i/dp_fetch_1_i/fifo_i/source_bus_id_r[1][1]_i_12_n_0. Replicated 1 times.
INFO: [Physopt 32-710] Processed net ethlite_i/ethlite_i/U0/XEMAC_I/EMAC_I/TX/INST_TX_STATE_MACHINE/STATE12A_2. Critical path length was reduced through logic transformation on cell ethlite_i/ethlite_i/U0/XEMAC_I/EMAC_I/TX/INST_TX_STATE_MACHINE/GEN.DATA_WIDTH_GEN[2].NUM_BUSES_GEN[0].MUXCY_GEN.MUXCY_I_i_1_comp.
INFO: [Physopt 32-702] Processed net soc_base_inst/cpu_inst/system_cpu/RegFilePlugin_regFile_reg_r1_0_31_24_29/DOC0. Optimizations did not improve timing on the net.
INFO: [Physopt 32-663] Processed net soc_base_inst/cpu_inst/system_cpu/dataCache_1/HazardSimplePlugin_writeBackWrites_payload_data[28].  Re-placed instance soc_base_inst/cpu_inst/system_cpu/dataCache_1/HazardSimplePlugin_writeBackBuffer_payload_data[28]_i_1
INFO: [Physopt 32-710] Processed net soc_base_inst/axi_merge_inst/axi_merge_read_i/slave_i2/GEN2.slave_resp_fifo/ram_i/addrb[0]. Critical path length was reduced through logic transformation on cell soc_base_inst/axi_merge_inst/axi_merge_read_i/slave_i2/GEN2.slave_resp_fifo/ram_i/xpm_memory_sdpram_inst_i_6__53_comp.
INFO: [Physopt 32-663] Processed net soc_base_inst/ztachip_inst/dp_1_i/dp0_i/dp_fetch_1_i/fifo_i/rdreq2_r_i_22_n_0.  Re-placed instance soc_base_inst/ztachip_inst/dp_1_i/dp0_i/dp_fetch_1_i/fifo_i/rdreq2_r_i_22
INFO: [Physopt 32-702] Processed net soc_base_inst/ztachip_inst/GEN1.fpu_i/falu_core_i/X_r[20]. Optimizations did not improve timing on the net.
INFO: [Physopt 32-710] Processed net soc_base_inst/ztachip_inst/GEN1.fpu_i/X_fifo_i/ram_i/fpu_instruction_r_reg[X_by_value]_15. Critical path length was reduced through logic transformation on cell soc_base_inst/ztachip_inst/GEN1.fpu_i/X_fifo_i/ram_i/X_r[20]_i_1_comp.
INFO: [Physopt 32-702] Processed net soc_base_inst/ztachip_inst/dp_1_i/dp0_i/dp_fetch_1_i/fifo_i/rdreq2_r_i_22_n_0. Optimizations did not improve timing on the net.
INFO: [Physopt 32-663] Processed net soc_base_inst/ztachip_inst/dp_1_i/dp0_i/dp_fetch_1_i/fifo_i/task_iregister_auto[18].  Re-placed instance soc_base_inst/ztachip_inst/dp_1_i/dp0_i/dp_fetch_1_i/fifo_i/task_iregister_auto_r[18]_i_1
INFO: [Physopt 32-663] Processed net soc_base_inst/axi_split_dbus_i/GEN2.axi_split_write_i/pending_data_fifo/waddr_r_reg[7]_0_repN.  Re-placed instance soc_base_inst/axi_split_dbus_i/GEN2.axi_split_write_i/pending_data_fifo/full_r_i_2__12_comp
INFO: [Physopt 32-702] Processed net soc_base_inst/ztachip_inst/dp_1_i/dp0_i/dp_gen_core_i/dp_gen_primary_i/req_p0_2_r_reg[0]_2[0]. Optimizations did not improve timing on the net.
INFO: [Physopt 32-663] Processed net soc_base_inst/ztachip_inst/dp_1_i/dp0_i/dp_sink3_i/req_p0_2_r_reg[1]_0.  Re-placed instance soc_base_inst/ztachip_inst/dp_1_i/dp0_i/dp_sink3_i/i__carry_i_5__9
INFO: [Physopt 32-702] Processed net soc_base_inst/axi_merge_inst/axi_merge_write_i/pend_data_fifo_i/empty_r_reg_n_0. Optimizations did not improve timing on the net.
INFO: [Physopt 32-710] Processed net soc_base_inst/axi_merge_inst/axi_merge_write_i/pend_data_fifo_i/ram_i/empty_r0. Critical path length was reduced through logic transformation on cell soc_base_inst/axi_merge_inst/axi_merge_write_i/pend_data_fifo_i/ram_i/empty_r_i_1__28_comp.
INFO: [Physopt 32-663] Processed net soc_base_inst/ztachip_inst/dp_1_i/dp0_i/dp_fetch_1_i/task_iregister_auto_6[3].  Re-placed instance soc_base_inst/ztachip_inst/dp_1_i/dp0_i/dp_fetch_1_i/task_iregister_auto_r_reg[3]
INFO: [Physopt 32-663] Processed net soc_base_inst/ztachip_inst/dp_1_i/dp0_i/dp_fetch_1_i/task_iregister_auto_6[20].  Re-placed instance soc_base_inst/ztachip_inst/dp_1_i/dp0_i/dp_fetch_1_i/task_iregister_auto_r_reg[20]
INFO: [Physopt 32-608] Optimized 1 net.  Swapped 20 pins.
INFO: [Physopt 32-710] Processed net soc_base_inst/cpu_inst/system_cpu/IBusCachedPlugin_cache/_zz_IBusCachedPlugin_iBusRsp_stages_0_output_m2sPipe_valid_reg_0. Critical path length was reduced through logic transformation on cell soc_base_inst/cpu_inst/system_cpu/IBusCachedPlugin_cache/_zz_IBusCachedPlugin_iBusRsp_stages_1_output_m2sPipe_valid_i_1_comp.
INFO: [Physopt 32-710] Processed net soc_base_inst/axi_merge_inst/axi_merge_read_i/slave_i2/GEN2.slave_resp_fifo/empty_r_i_1__30_n_0. Critical path length was reduced through logic transformation on cell soc_base_inst/axi_merge_inst/axi_merge_read_i/slave_i2/GEN2.slave_resp_fifo/empty_r_i_1__30_comp.
INFO: [Physopt 32-702] Processed net soc_base_inst/ztachip_inst/GEN1.fpu_i/falu_core_i/B_r[27]. Optimizations did not improve timing on the net.
INFO: [Physopt 32-663] Processed net soc_base_inst/ztachip_inst/GEN1.fpu_i/B_fifo_i/ram_i/B_r[27]_i_3_n_0.  Re-placed instance soc_base_inst/ztachip_inst/GEN1.fpu_i/B_fifo_i/ram_i/B_r[27]_i_3
INFO: [Physopt 32-702] Processed net soc_base_inst/axi_split_dbus_i/GEN2.axi_split_write_i/pending_data_fifo/waddr_r_reg[7]_0_repN. Optimizations did not improve timing on the net.
INFO: [Physopt 32-710] Processed net soc_base_inst/axi_split_dbus_i/GEN2.axi_split_write_i/pending_data_fifo/waddr_r_reg[7]_0_repN. Critical path length was reduced through logic transformation on cell soc_base_inst/axi_split_dbus_i/GEN2.axi_split_write_i/pending_data_fifo/full_r_i_2__12_comp_3.
INFO: [Physopt 32-702] Processed net soc_base_inst/axi_split_ibus_i/GEN1.axi_split_read_i/pending_fifo/empty_r_reg_0. Optimizations did not improve timing on the net.
INFO: [Physopt 32-663] Processed net soc_base_inst/axi_split_ibus_i/GEN1.axi_split_read_i/pending_fifo/ram_i/empty_r_i_3__12_n_0.  Re-placed instance soc_base_inst/axi_split_ibus_i/GEN1.axi_split_read_i/pending_fifo/ram_i/empty_r_i_3__12
INFO: [Physopt 32-601] Processed net soc_base_inst/ztachip_inst/dp_1_i/dp0_i/dp_sink2_i/rsp_p0_2_r[4]_i_1__1_n_0. Net driver soc_base_inst/ztachip_inst/dp_1_i/dp0_i/dp_sink2_i/rsp_p0_2_r[4]_i_1__1 was replaced.
INFO: [Physopt 32-663] Processed net soc_base_inst/ztachip_inst/dp_1_i/dp0_i/dp_sink3_i/rsp_p0_2_r[4]_i_1__0_n_0.  Re-placed instance soc_base_inst/ztachip_inst/dp_1_i/dp0_i/dp_sink3_i/rsp_p0_2_r[4]_i_1__0
INFO: [Physopt 32-702] Processed net ethlite_i/ethlite_i/U0/XEMAC_I/EMAC_I/TX/INST_TX_INTRFCE/I_TX_FIFO/gnuram_async_fifo.xpm_fifo_base_inst/gen_sdpram.xpm_memory_base_inst/gen_wr_a.gen_word_narrow.mem_reg_0_15_0_5/DOC1. Optimizations did not improve timing on the net.
INFO: [Physopt 32-702] Processed net ethlite_i/ethlite_i/U0/XEMAC_I/EMAC_I/TX/INST_TX_STATE_MACHINE/STATE12A_1. Optimizations did not improve timing on the net.
INFO: [Physopt 32-663] Processed net ethlite_i/ethlite_i/U0/XEMAC_I/TX_PING/STATE0A.  Re-placed instance ethlite_i/ethlite_i/U0/XEMAC_I/TX_PING/GEN.DATA_WIDTH_GEN[0].NUM_BUSES_GEN[0].MUXCY_GEN.MUXCY_I_i_3
INFO: [Physopt 32-242] Processed net soc_base_inst/axi_merge_inst/axi_merge_read_i/slave_i2/slave_cmd_pend_fifo/ram_i/gen_wr_a.gen_word_narrow.mem_reg_repN_4. Rewired (signal push) soc_base_inst/axi_merge_inst/axi_merge_read_i/slave_i2/slave_cmd_pend_fifo/ram_i/step_r0 to 1 loads. Replicated 0 times.
INFO: [Physopt 32-702] Processed net soc_base_inst/cpu_inst/system_cpu/dataCache_1/CsrPlugin_exceptionPortCtrl_exceptionValidsRegs_execute_reg. Optimizations did not improve timing on the net.
INFO: [Physopt 32-710] Processed net soc_base_inst/cpu_inst/system_cpu/dataCache_1/CsrPlugin_exceptionPortCtrl_exceptionValidsRegs_execute_reg. Critical path length was reduced through logic transformation on cell soc_base_inst/cpu_inst/system_cpu/dataCache_1/IBusCachedPlugin_fetchPc_correctionReg_i_3_comp.
INFO: [Physopt 32-663] Processed net soc_base_inst/axi_merge_inst/read_i/GEN2_CCD.slave_resp_fifo/GEN2.afifo_i/ram_i/xpm_memory_sdpram_inst/xpm_memory_base_inst/doutb[112].  Re-placed instance soc_base_inst/axi_merge_inst/read_i/GEN2_CCD.slave_resp_fifo/GEN2.afifo_i/ram_i/xpm_memory_sdpram_inst/xpm_memory_base_inst/gen_rd_b.gen_rd_b_synth_template.gen_rf_narrow_reg.doutb_reg_reg[112]
INFO: [Physopt 32-608] Optimized 1 net.  Swapped 21 pins.
INFO: [Physopt 32-702] Processed net soc_base_inst/ztachip_inst/GEN1.fpu_i/falu_core_i/X_r[17]. Optimizations did not improve timing on the net.
INFO: [Physopt 32-710] Processed net soc_base_inst/ztachip_inst/GEN1.fpu_i/X_fifo_i/ram_i/X_in[1]. Critical path length was reduced through logic transformation on cell soc_base_inst/ztachip_inst/GEN1.fpu_i/X_fifo_i/ram_i/X_r[17]_i_1_comp.
INFO: [Physopt 32-134] Processed net soc_base_inst/axi_merge_inst/axi_merge_read_i/slave_i2/slave_cmd_pend_fifo/ram_i/gen_wr_a.gen_word_narrow.mem_reg_repN_1. Rewiring did not optimize the net.
INFO: [Physopt 32-702] Processed net soc_base_inst/axi_merge_inst/axi_merge_read_i/slave_i2/slave_cmd_pend_fifo/ram_i/gen_wr_a.gen_word_narrow.mem_reg_repN_1. Optimizations did not improve timing on the net.
INFO: [Physopt 32-710] Processed net soc_base_inst/axi_merge_inst/axi_merge_read_i/slave_i2/slave_cmd_pend_fifo/ram_i/gen_wr_a.gen_word_narrow.mem_reg_repN_1. Critical path length was reduced through logic transformation on cell soc_base_inst/axi_merge_inst/axi_merge_read_i/slave_i2/slave_cmd_pend_fifo/ram_i/xpm_memory_sdpram_inst_i_8__31_comp_7.
INFO: [Physopt 32-663] Processed net soc_base_inst/ztachip_inst/GEN1.fpu_i/B_fifo_i/ram_i/B_r[21]_i_3_n_0.  Re-placed instance soc_base_inst/ztachip_inst/GEN1.fpu_i/B_fifo_i/ram_i/B_r[21]_i_3
INFO: [Physopt 32-702] Processed net soc_base_inst/ztachip_inst/dp_1_i/dp0_i/dp_sink3_i/i__carry_i_1__8_n_0. Optimizations did not improve timing on the net.
INFO: [Physopt 32-663] Processed net soc_base_inst/ztachip_inst/dp_1_i/dp0_i/dp_sink3_i/req_p1_1_r[6]_i_1__1_n_0.  Re-placed instance soc_base_inst/ztachip_inst/dp_1_i/dp0_i/dp_sink3_i/req_p1_1_r[6]_i_1__1
INFO: [Physopt 32-710] Processed net soc_base_inst/ztachip_inst/dp_1_i/dp0_i/dp_sink2_i/i__carry_i_4__1_n_0. Critical path length was reduced through logic transformation on cell soc_base_inst/ztachip_inst/dp_1_i/dp0_i/dp_sink2_i/i__carry_i_4__1_comp.
INFO: [Physopt 32-702] Processed net soc_base_inst/ztachip_inst/dp_1_i/dp0_i/dp_gen_core_i/dp_gen_primary_i/req_p1_2_r_reg[0]_2[0]. Optimizations did not improve timing on the net.
INFO: [Physopt 32-663] Processed net soc_base_inst/ztachip_inst/dp_1_i/dp0_i/dp_sink3_i/req_p1_2_r_reg[1]_0.  Re-placed instance soc_base_inst/ztachip_inst/dp_1_i/dp0_i/dp_sink3_i/i__carry_i_5__10
INFO: [Physopt 32-702] Processed net soc_base_inst/axi_split_ibus_i/GEN1.axi_split_read_i/pending_fifo/full_r_reg_0. Optimizations did not improve timing on the net.
INFO: [Physopt 32-608] Optimized 1 net.  Swapped 21 pins.
INFO: [Physopt 32-608] Optimized 1 net.  Swapped 23 pins.
INFO: [Physopt 32-702] Processed net soc_base_inst/cpu_inst/system_cpu/IBusCachedPlugin_cache/CsrPlugin_exceptionPortCtrl_exceptionValidsRegs_decode_reg_repN. Optimizations did not improve timing on the net.
INFO: [Physopt 32-710] Processed net soc_base_inst/cpu_inst/system_cpu/IBusCachedPlugin_cache/CsrPlugin_exceptionPortCtrl_exceptionValidsRegs_decode_reg_repN. Critical path length was reduced through logic transformation on cell soc_base_inst/cpu_inst/system_cpu/IBusCachedPlugin_cache/CsrPlugin_exceptionPortCtrl_exceptionValidsRegs_decode_i_2_comp_1.
INFO: [Physopt 32-663] Processed net soc_base_inst/ztachip_inst/dp_1_i/dp0_i/dp_gen_core_i/dp_gen_primary_i/s_i1_count_r[25]_i_3_n_0.  Re-placed instance soc_base_inst/ztachip_inst/dp_1_i/dp0_i/dp_gen_core_i/dp_gen_primary_i/s_i1_count_r[25]_i_3
INFO: [Physopt 32-702] Processed net soc_base_inst/ztachip_inst/dp_1_i/dp0_i/dp_sink3_i/read_pending_p0_r_reg_n_0_[0]. Optimizations did not improve timing on the net.
INFO: [Physopt 32-608] Optimized 1 net.  Swapped 21 pins.
INFO: [Physopt 32-663] Processed net soc_base_inst/ztachip_inst/dp_1_i/dp0_i/dp_fetch_1_i/task_iregister_auto_6[17].  Re-placed instance soc_base_inst/ztachip_inst/dp_1_i/dp0_i/dp_fetch_1_i/task_iregister_auto_r_reg[17]
INFO: [Physopt 32-710] Processed net soc_base_inst/axi_split_dbus_i/GEN2.axi_split_write_i/write_fifo_i/GEN1.slave_cmd_fifo/ram_i/write_in5_out. Critical path length was reduced through logic transformation on cell soc_base_inst/axi_split_dbus_i/GEN2.axi_split_write_i/write_fifo_i/GEN1.slave_cmd_fifo/ram_i/xpm_memory_sdpram_inst_i_1__16_comp_1.
INFO: [Physopt 32-702] Processed net ethlite_i/ethlite_i/U0/XEMAC_I/EMAC_I/TX/INST_TX_INTRFCE/I_TX_FIFO/gnuram_async_fifo.xpm_fifo_base_inst/gen_sdpram.xpm_memory_base_inst/gen_wr_a.gen_word_narrow.mem_reg_0_15_0_5/DOC0. Optimizations did not improve timing on the net.
INFO: [Physopt 32-702] Processed net ethlite_i/ethlite_i/U0/XEMAC_I/EMAC_I/TX/INST_TX_STATE_MACHINE/STATE8A_0. Optimizations did not improve timing on the net.
INFO: [Physopt 32-663] Processed net ethlite_i/ethlite_i/U0/XEMAC_I/TX_PING/STATE0A_0.  Re-placed instance ethlite_i/ethlite_i/U0/XEMAC_I/TX_PING/GEN.DATA_WIDTH_GEN[1].NUM_BUSES_GEN[0].MUXCY_GEN.MUXCY_I_i_2
INFO: [Physopt 32-663] Processed net soc_base_inst/axi_merge_inst/read_i/GEN2_CCD.slave_resp_fifo/GEN2.afifo_i/ram_i/xpm_memory_sdpram_inst/xpm_memory_base_inst/doutb[12].  Re-placed instance soc_base_inst/axi_merge_inst/read_i/GEN2_CCD.slave_resp_fifo/GEN2.afifo_i/ram_i/xpm_memory_sdpram_inst/xpm_memory_base_inst/gen_rd_b.gen_rd_b_synth_template.gen_rf_narrow_reg.doutb_reg_reg[12]
INFO: [Physopt 32-608] Optimized 1 net.  Swapped 20 pins.
INFO: [Physopt 32-601] Processed net soc_base_inst/ztachip_inst/dp_1_i/dp0_i/dp_sink3_i/req_p1_1_r[7]_i_1__1_n_0. Net driver soc_base_inst/ztachip_inst/dp_1_i/dp0_i/dp_sink3_i/req_p1_1_r[7]_i_1__1 was replaced.
INFO: [Physopt 32-702] Processed net soc_base_inst/axi_split_dbus_i/GEN2.axi_split_write_i/pending_data_fifo/waddr_r_reg[3]_0. Optimizations did not improve timing on the net.
INFO: [Physopt 32-663] Processed net soc_base_inst/axi_split_dbus_i/GEN2.axi_split_write_i/pending_resp_fifo/ram_i/waddr_r_reg_1_sn_1.  Re-placed instance soc_base_inst/axi_split_dbus_i/GEN2.axi_split_write_i/pending_resp_fifo/ram_i/full_r_i_9__6
INFO: [Physopt 32-710] Processed net soc_base_inst/ztachip_inst/GEN1.fpu_i/B_fifo_i/ram_i/B_in[7]. Critical path length was reduced through logic transformation on cell soc_base_inst/ztachip_inst/GEN1.fpu_i/B_fifo_i/ram_i/B_r[21]_i_1_comp.
INFO: [Physopt 32-81] Processed net soc_base_inst/axi_split_dbus_i/GEN1.axi_split_read_i/pending_fifo/ram_i/empty_r_reg_2. Replicated 1 times.
INFO: [Physopt 32-702] Processed net soc_base_inst/ztachip_inst/core_i/GEN_CELL[0].cell_i/GEN_REG[1].GEN1.pcore_i/register_bank_i/register_file_i2/ram3_i/ram2_i/xpm_memory_sdpram_inst/xpm_memory_base_inst/doutb[47]. Optimizations did not improve timing on the net.
INFO: [Physopt 32-702] Processed net clk_wiz_inst/inst/clk_out5_clk_wiz_0. Optimizations did not improve timing on the net.
INFO: [Physopt 32-702] Processed net soc_base_inst/ztachip_inst/core_i/GEN_CELL[0].cell_i/GEN_REG[1].GEN1.pcore_i/register_bank_i/register_file_i2/ram3_i/ram2_i/xpm_memory_sdpram_inst/xpm_memory_base_inst/gen_wr_a.gen_byte_narrow.for_mem_cols[1].mem_reg_128_255_47_47/DPO. Optimizations did not improve timing on the net.
INFO: [Physopt 32-608] Optimized 1 net.  Swapped 24 pins.
INFO: [Physopt 32-702] Processed net soc_base_inst/ztachip_inst/core_i/GEN_CELL[0].cell_i/GEN_REG[3].GEN1.pcore_i/register_bank_i/register_file_i/ram3_i/ram2_i/xpm_memory_sdpram_inst/xpm_memory_base_inst/doutb[119]. Optimizations did not improve timing on the net.
INFO: [Physopt 32-702] Processed net soc_base_inst/ztachip_inst/core_i/GEN_CELL[0].cell_i/GEN_REG[3].GEN1.pcore_i/register_bank_i/register_file_i/ram3_i/ram2_i/xpm_memory_sdpram_inst/xpm_memory_base_inst/gen_wr_a.gen_byte_narrow.for_mem_cols[1].mem_reg_128_255_119_119/DPO. Optimizations did not improve timing on the net.
INFO: [Physopt 32-608] Optimized 1 net.  Swapped 19 pins.
INFO: [Physopt 32-702] Processed net soc_base_inst/ztachip_inst/core_i/GEN_CELL[0].cell_i/GEN_REG[3].GEN1.pcore_i/register_bank_i/register_file_i/ram3_i/ram2_i/xpm_memory_sdpram_inst/xpm_memory_base_inst/doutb[71]. Optimizations did not improve timing on the net.
INFO: [Physopt 32-702] Processed net soc_base_inst/ztachip_inst/core_i/GEN_CELL[0].cell_i/GEN_REG[3].GEN1.pcore_i/register_bank_i/register_file_i/ram3_i/ram2_i/xpm_memory_sdpram_inst/xpm_memory_base_inst/gen_wr_a.gen_byte_narrow.for_mem_cols[1].mem_reg_128_255_71_71/DPO. Optimizations did not improve timing on the net.
INFO: [Physopt 32-608] Optimized 1 net.  Swapped 28 pins.
INFO: [Physopt 32-702] Processed net soc_base_inst/ztachip_inst/core_i/GEN_CELL[0].cell_i/GEN_REG[3].GEN1.pcore_i/register_bank_i/register_file_i/ram3_i/ram2_i/xpm_memory_sdpram_inst/xpm_memory_base_inst/doutb[48]. Optimizations did not improve timing on the net.
INFO: [Physopt 32-702] Processed net soc_base_inst/ztachip_inst/core_i/GEN_CELL[0].cell_i/GEN_REG[3].GEN1.pcore_i/register_bank_i/register_file_i/ram3_i/ram2_i/xpm_memory_sdpram_inst/xpm_memory_base_inst/gen_wr_a.gen_byte_narrow.for_mem_cols[1].mem_reg_128_255_48_48/DPO. Optimizations did not improve timing on the net.
INFO: [Physopt 32-608] Optimized 1 net.  Swapped 17 pins.
INFO: [Physopt 32-702] Processed net soc_base_inst/ztachip_inst/core_i/GEN_CELL[0].cell_i/GEN_REG[2].GEN1.pcore_i/register_bank_i/register_file_i2/ram3_i/ram2_i/xpm_memory_sdpram_inst/xpm_memory_base_inst/doutb[99]. Optimizations did not improve timing on the net.
INFO: [Physopt 32-702] Processed net soc_base_inst/ztachip_inst/core_i/GEN_CELL[0].cell_i/GEN_REG[2].GEN1.pcore_i/register_bank_i/register_file_i2/ram3_i/ram2_i/xpm_memory_sdpram_inst/xpm_memory_base_inst/gen_wr_a.gen_byte_narrow.for_mem_cols[1].mem_reg_128_255_99_99/DPO. Optimizations did not improve timing on the net.
INFO: [Physopt 32-702] Processed net soc_base_inst/ztachip_inst/core_i/GEN_CELL[0].cell_i/GEN_REG[2].GEN1.pcore_i/register_bank_i/register_file_i2/ram3_i/address_b[6]. Optimizations did not improve timing on the net.
INFO: [Physopt 32-608] Optimized 1 net.  Swapped 24 pins.
INFO: [Physopt 32-702] Processed net soc_base_inst/ztachip_inst/core_i/GEN_CELL[0].cell_i/GEN_REG[1].GEN1.pcore_i/register_bank_i/register_file_i/ram3_i/ram2_i/xpm_memory_sdpram_inst/xpm_memory_base_inst/doutb[79]. Optimizations did not improve timing on the net.
INFO: [Physopt 32-702] Processed net soc_base_inst/ztachip_inst/core_i/GEN_CELL[0].cell_i/GEN_REG[1].GEN1.pcore_i/register_bank_i/register_file_i/ram3_i/ram2_i/xpm_memory_sdpram_inst/xpm_memory_base_inst/gen_wr_a.gen_byte_narrow.for_mem_cols[1].mem_reg_128_255_79_79/DPO. Optimizations did not improve timing on the net.
INFO: [Physopt 32-702] Processed net soc_base_inst/ztachip_inst/core_i/GEN_CELL[0].cell_i/GEN_REG[1].GEN1.pcore_i/register_bank_i/register_file_i/ram3_i/ram2_i/xpm_memory_sdpram_inst/xpm_memory_base_inst/gen_rd_b.gen_rd_b_synth_template.gen_nc_narrow_reg.doutb_reg_reg0[79]. Optimizations did not improve timing on the net.
INFO: [Physopt 32-702] Processed net soc_base_inst/ztachip_inst/core_i/GEN_CELL[0].cell_i/GEN_REG[1].GEN1.pcore_i/register_bank_i/register_file_i/ram3_i/address_b[0]. Optimizations did not improve timing on the net.
INFO: [Physopt 32-702] Processed net soc_base_inst/ztachip_inst/core_i/GEN_CELL[0].cell_i/GEN_REG[1].GEN1.pcore_i/register_bank_i/register_file_i/ram3_i/ram2_i/xpm_memory_sdpram_inst/xpm_memory_base_inst/gen_wr_a.gen_byte_narrow.for_mem_cols[1].mem_reg_128_255_79_79/DPO1. Optimizations did not improve timing on the net.
INFO: [Physopt 32-702] Processed net soc_base_inst/ztachip_inst/core_i/GEN_CELL[0].cell_i/GEN_REG[1].GEN1.pcore_i/register_bank_i/register_file_i/ram3_i/address2_r[0]. Optimizations did not improve timing on the net.
INFO: [Physopt 32-702] Processed net soc_base_inst/ztachip_inst/core_i/GEN_CELL[0].cell_i/GEN_REG[3].GEN1.pcore_i/register_bank_i/register_file_i/ram3_i/ram2_i/xpm_memory_sdpram_inst/xpm_memory_base_inst/doutb[121]. Optimizations did not improve timing on the net.
INFO: [Physopt 32-702] Processed net soc_base_inst/ztachip_inst/core_i/GEN_CELL[0].cell_i/GEN_REG[3].GEN1.pcore_i/register_bank_i/register_file_i/ram3_i/ram2_i/xpm_memory_sdpram_inst/xpm_memory_base_inst/gen_wr_a.gen_byte_narrow.for_mem_cols[1].mem_reg_128_255_121_121/DPO. Optimizations did not improve timing on the net.
INFO: [Physopt 32-608] Optimized 1 net.  Swapped 24 pins.
INFO: [Physopt 32-702] Processed net soc_base_inst/ztachip_inst/core_i/GEN_CELL[0].cell_i/GEN_REG[3].GEN1.pcore_i/register_bank_i/register_file_i/ram3_i/ram2_i/xpm_memory_sdpram_inst/xpm_memory_base_inst/doutb[120]. Optimizations did not improve timing on the net.
INFO: [Physopt 32-702] Processed net soc_base_inst/ztachip_inst/core_i/GEN_CELL[0].cell_i/GEN_REG[3].GEN1.pcore_i/register_bank_i/register_file_i/ram3_i/ram2_i/xpm_memory_sdpram_inst/xpm_memory_base_inst/gen_wr_a.gen_byte_narrow.for_mem_cols[1].mem_reg_128_255_120_120/DPO. Optimizations did not improve timing on the net.
INFO: [Physopt 32-608] Optimized 1 net.  Swapped 24 pins.
INFO: [Physopt 32-702] Processed net soc_base_inst/ztachip_inst/core_i/GEN_CELL[0].cell_i/GEN_REG[1].GEN1.pcore_i/register_bank_i/register_file_i2/ram3_i/ram2_i/xpm_memory_sdpram_inst/xpm_memory_base_inst/doutb[82]. Optimizations did not improve timing on the net.
INFO: [Physopt 32-702] Processed net soc_base_inst/ztachip_inst/core_i/GEN_CELL[0].cell_i/GEN_REG[1].GEN1.pcore_i/register_bank_i/register_file_i2/ram3_i/ram2_i/xpm_memory_sdpram_inst/xpm_memory_base_inst/gen_wr_a.gen_byte_narrow.for_mem_cols[1].mem_reg_0_127_82_82/DPO. Optimizations did not improve timing on the net.
INFO: [Physopt 32-702] Processed net soc_base_inst/ztachip_inst/core_i/GEN_CELL[0].cell_i/GEN_REG[1].GEN1.pcore_i/register_bank_i/register_file_i2/ram3_i/ram2_i/xpm_memory_sdpram_inst/xpm_memory_base_inst/gen_rd_b.gen_rd_b_synth_template.gen_nc_narrow_reg.doutb_reg_reg0[82]. Optimizations did not improve timing on the net.
INFO: [Physopt 32-663] Processed net soc_base_inst/ztachip_inst/core_i/GEN_CELL[0].cell_i/GEN_REG[1].GEN1.pcore_i/register_bank_i/register_file_i2/ram3_i/address_b[1]_repN.  Re-placed instance soc_base_inst/ztachip_inst/core_i/GEN_CELL[0].cell_i/GEN_REG[1].GEN1.pcore_i/register_bank_i/register_file_i2/ram3_i/xpm_memory_sdpram_inst_i_8_replica
INFO: [Physopt 32-702] Processed net soc_base_inst/ztachip_inst/core_i/GEN_CELL[0].cell_i/GEN_REG[2].GEN1.pcore_i/register_bank_i/register_file_i/ram3_i/ram2_i/xpm_memory_sdpram_inst/xpm_memory_base_inst/doutb[33]. Optimizations did not improve timing on the net.
INFO: [Physopt 32-702] Processed net soc_base_inst/ztachip_inst/core_i/GEN_CELL[0].cell_i/GEN_REG[2].GEN1.pcore_i/register_bank_i/register_file_i/ram3_i/ram2_i/xpm_memory_sdpram_inst/xpm_memory_base_inst/gen_wr_a.gen_byte_narrow.for_mem_cols[1].mem_reg_0_127_33_33/DPO. Optimizations did not improve timing on the net.
INFO: [Physopt 32-608] Optimized 1 net.  Swapped 24 pins.
INFO: [Physopt 32-702] Processed net soc_base_inst/ztachip_inst/core_i/GEN_CELL[0].cell_i/GEN_REG[2].GEN1.pcore_i/register_bank_i/register_file_i/ram3_i/ram2_i/xpm_memory_sdpram_inst/xpm_memory_base_inst/doutb[99]. Optimizations did not improve timing on the net.
INFO: [Physopt 32-702] Processed net soc_base_inst/ztachip_inst/core_i/GEN_CELL[0].cell_i/GEN_REG[2].GEN1.pcore_i/register_bank_i/register_file_i/ram3_i/ram2_i/xpm_memory_sdpram_inst/xpm_memory_base_inst/gen_wr_a.gen_byte_narrow.for_mem_cols[1].mem_reg_128_255_99_99/DPO. Optimizations did not improve timing on the net.
INFO: [Physopt 32-608] Optimized 1 net.  Swapped 24 pins.
INFO: [Physopt 32-702] Processed net soc_base_inst/ztachip_inst/core_i/GEN_CELL[0].cell_i/GEN_REG[2].GEN1.pcore_i/register_bank_i/register_file_i/ram3_i/ram2_i/xpm_memory_sdpram_inst/xpm_memory_base_inst/doutb[98]. Optimizations did not improve timing on the net.
INFO: [Physopt 32-702] Processed net soc_base_inst/ztachip_inst/core_i/GEN_CELL[0].cell_i/GEN_REG[2].GEN1.pcore_i/register_bank_i/register_file_i/ram3_i/ram2_i/xpm_memory_sdpram_inst/xpm_memory_base_inst/gen_wr_a.gen_byte_narrow.for_mem_cols[1].mem_reg_128_255_98_98/DPO. Optimizations did not improve timing on the net.
INFO: [Physopt 32-608] Optimized 1 net.  Swapped 24 pins.
INFO: [Physopt 32-608] Optimized 1 net.  Swapped 24 pins.
INFO: [Physopt 32-608] Optimized 1 net.  Swapped 24 pins.
INFO: [Physopt 32-608] Optimized 1 net.  Swapped 24 pins.
INFO: [Physopt 32-608] Optimized 1 net.  Swapped 24 pins.
INFO: [Physopt 32-702] Processed net soc_base_inst/axi_merge_inst/axi_merge_read_i/slavew_i/GEN2.slave_resp_fifo/axislave_resp_fifo_full. Optimizations did not improve timing on the net.
INFO: [Physopt 32-702] Processed net soc_base_inst/axi_merge_inst/axi_merge_read_i/slavew_i/GEN2.slave_resp_fifo/full_r0__2. Optimizations did not improve timing on the net.
INFO: [Physopt 32-608] Optimized 1 net.  Swapped 21 pins.
INFO: [Physopt 32-702] Processed net soc_base_inst/axi_merge_inst/axi_merge_read_i/slavew_i/GEN2.slave_resp_fifo/full_r0_carry_i_2__0_n_0. Optimizations did not improve timing on the net.
INFO: [Physopt 32-663] Processed net soc_base_inst/axi_merge_inst/axi_merge_read_i/slavew_i/GEN2.slave_resp_fifo/ram_i/addrb[4].  Re-placed instance soc_base_inst/axi_merge_inst/axi_merge_read_i/slavew_i/GEN2.slave_resp_fifo/ram_i/xpm_memory_sdpram_inst_i_6__45
INFO: [Physopt 32-702] Processed net soc_base_inst/axi_merge_inst/axi_merge_read_i/slavew_i/GEN2.slave_resp_fifo/full_r0_carry_i_1__0_n_0. Optimizations did not improve timing on the net.
INFO: [Physopt 32-702] Processed net soc_base_inst/axi_merge_inst/axi_merge_read_i/slavew_i/GEN2.slave_resp_fifo/ram_i/addrb[6]. Optimizations did not improve timing on the net.
INFO: [Physopt 32-702] Processed net soc_base_inst/axi_merge_inst/axi_merge_read_i/slavew_i/GEN2.slave_resp_fifo/ram_i/xpm_memory_sdpram_inst_i_12__33_n_0. Optimizations did not improve timing on the net.
INFO: [Physopt 32-702] Processed net soc_base_inst/axi_merge_inst/axi_merge_read_i/slavew_i/GEN2.slave_resp_fifo/ram_i/full_r_reg. Optimizations did not improve timing on the net.
INFO: [Physopt 32-663] Processed net soc_base_inst/axi_merge_inst/axi_merge_read_i/slavew_i/slave_cmd_pend_fifo/ram_i/step_r_reg_7_sn_1.  Re-placed instance soc_base_inst/axi_merge_inst/axi_merge_read_i/slavew_i/slave_cmd_pend_fifo/ram_i/xpm_memory_sdpram_inst_i_14__27
INFO: [Physopt 32-702] Processed net soc_base_inst/ztachip_inst/GEN1.fpu_i/falu_core_i/B_r[16]. Optimizations did not improve timing on the net.
INFO: [Physopt 32-663] Processed net soc_base_inst/ztachip_inst/GEN1.fpu_i/B_fifo_i/ram_i/B_r[16]_i_5_n_0.  Re-placed instance soc_base_inst/ztachip_inst/GEN1.fpu_i/B_fifo_i/ram_i/B_r[16]_i_5
INFO: [Physopt 32-702] Processed net soc_base_inst/ztachip_inst/dp_1_i/dp0_i/dp_sink1_i/dp_sink_fifo_i2/ram_i/xpm_memory_sdpram_inst/xpm_memory_base_inst/doutb[32]. Optimizations did not improve timing on the net.
INFO: [Physopt 32-663] Processed net soc_base_inst/ztachip_inst/ddr_rx_i/read_record_fifo_i/ram_i/wr_readdata[2][0]_3[18].  Re-placed instance soc_base_inst/ztachip_inst/ddr_rx_i/read_record_fifo_i/ram_i/xpm_memory_sdpram_inst_i_216__4
INFO: [Physopt 32-702] Processed net soc_base_inst/axi_merge_inst/axi_merge_read_i/slavew_i/slave_cmd_pend_fifo/ram_i/step_r_reg_7_sn_1. Optimizations did not improve timing on the net.
INFO: [Physopt 32-702] Processed net soc_base_inst/axi_merge_inst/axi_merge_read_i/slavew_i/slave_cmd_pend_fifo/ram_i/xpm_memory_sdpram_inst_i_16__22_n_0. Optimizations did not improve timing on the net.
INFO: [Physopt 32-608] Optimized 1 net.  Swapped 22 pins.
INFO: [Physopt 32-702] Processed net soc_base_inst/ztachip_inst/GEN1.fpu_i/falu_core_i/B_r[18]. Optimizations did not improve timing on the net.
INFO: [Physopt 32-663] Processed net soc_base_inst/ztachip_inst/GEN1.fpu_i/B_fifo_i/ram_i/B_r[18]_i_5_n_0.  Re-placed instance soc_base_inst/ztachip_inst/GEN1.fpu_i/B_fifo_i/ram_i/B_r[18]_i_5
INFO: [Physopt 32-702] Processed net soc_base_inst/ztachip_inst/core_i/GEN_CELL[0].cell_i/GEN_REG[0].GEN1.pcore_i/register_bank_i/register_file_i/ram3_i/sync_latch_i/Q[54]. Optimizations did not improve timing on the net.
INFO: [Physopt 32-702] Processed net clk_wiz_inst/inst/clk_out6_clk_wiz_0. Optimizations did not improve timing on the net.
INFO: [Physopt 32-702] Processed net soc_base_inst/ztachip_inst/core_i/GEN_CELL[0].cell_i/GEN_REG[0].GEN1.pcore_i/register_bank_i/register_file_i/ram3_i/ram2_i/xpm_memory_sdpram_inst/xpm_memory_base_inst/doutb[54]. Optimizations did not improve timing on the net.
INFO: [Physopt 32-702] Processed net soc_base_inst/axi_merge_inst/axi_merge_read_i/slave_i2/GEN2.slave_resp_fifo/ram_i/xpm_memory_sdpram_inst/xpm_memory_base_inst/doutb[68]. Optimizations did not improve timing on the net.
INFO: [Physopt 32-608] Optimized 1 net.  Swapped 21 pins.
INFO: [Physopt 32-702] Processed net soc_base_inst/ztachip_inst/dp_1_i/dp0_i/dp_sink3_i/read_pending_p0_r_reg[2]_0. Optimizations did not improve timing on the net.
INFO: [Physopt 32-608] Optimized 1 net.  Swapped 20 pins.
INFO: [Physopt 32-702] Processed net soc_base_inst/axi_split_ibus_i/GEN1.axi_split_read_i/pending_fifo/full_r_reg_0. Optimizations did not improve timing on the net.
INFO: [Physopt 32-608] Optimized 1 net.  Swapped 20 pins.
INFO: [Physopt 32-702] Processed net soc_base_inst/cpu_inst/system_cpu/_zz_IBusCachedPlugin_fetchPc_pc[2]. Optimizations did not improve timing on the net.
INFO: [Physopt 32-608] Optimized 1 net.  Swapped 22 pins.
INFO: [Physopt 32-702] Processed net soc_base_inst/axi_merge_inst/axi_merge_write_i/slave_i2/GEN2.slave_data_fifo/ram_i/xpm_memory_sdpram_inst/xpm_memory_base_inst/doutb[32]. Optimizations did not improve timing on the net.
INFO: [Physopt 32-608] Optimized 1 net.  Swapped 29 pins.
INFO: [Physopt 32-702] Processed net soc_base_inst/cpu_inst/system_cpu/IBusCachedPlugin_cache/fetchStage_read_waysValues_0_tag_address[14]. Optimizations did not improve timing on the net.
INFO: [Physopt 32-702] Processed net soc_base_inst/cpu_inst/system_cpu/dataCache_1/memory_DivPlugin_div_counter_willClear. Optimizations did not improve timing on the net.
INFO: [Physopt 32-702] Processed net soc_base_inst/cpu_inst/system_cpu/dataCache_1/when_CsrPlugin_l1259_3. Optimizations did not improve timing on the net.
INFO: [Physopt 32-702] Processed net soc_base_inst/cpu_inst/system_cpu/dataCache_1/ways_0_tags_reg_i_26_n_0. Optimizations did not improve timing on the net.
INFO: [Physopt 32-702] Processed net soc_base_inst/cpu_inst/system_cpu/dataCache_1/dataCache_1_io_cpu_writeBack_accessError. Optimizations did not improve timing on the net.
INFO: [Physopt 32-702] Processed net soc_base_inst/axi_split_dbus_i/GEN1.axi_split_read_i/read_ifc_i/GEN2.slave_resp_fifo/ram_i/system_cpu_dBus_rsp_payload_error. Optimizations did not improve timing on the net.
INFO: [Physopt 32-663] Processed net soc_base_inst/cpu_inst/system_cpu/IBusCachedPlugin_cache/IBusCachedPlugin_iBusRsp_stages_1_output_m2sPipe_ready.  Re-placed instance soc_base_inst/cpu_inst/system_cpu/IBusCachedPlugin_cache/ways_1_tags_reg_i_1_comp
INFO: [Physopt 32-702] Processed net soc_base_inst/axi_merge_inst/axi_merge_read_i/slave_i2/GEN2.slave_resp_fifo/axislave_resp_fifo_full. Optimizations did not improve timing on the net.
INFO: [Physopt 32-702] Processed net soc_base_inst/axi_merge_inst/axi_merge_read_i/slave_i2/GEN2.slave_resp_fifo/full_r_i_3__46_n_0. Optimizations did not improve timing on the net.
INFO: [Physopt 32-702] Processed net soc_base_inst/axi_merge_inst/axi_merge_read_i/slave_i2/slave_cmd_pend_fifo/ram_i/raddr_r_reg_0_sn_1. Optimizations did not improve timing on the net.
INFO: [Physopt 32-702] Processed net soc_base_inst/axi_merge_inst/axi_merge_read_i/slave_i2/slave_cmd_pend_fifo/ram_i/gen_wr_a.gen_word_narrow.mem_reg. Optimizations did not improve timing on the net.
INFO: [Physopt 32-702] Processed net soc_base_inst/axi_split_dbus_i/GEN1.axi_split_read_i/pending_fifo/ram_i/empty_r_reg_2. Optimizations did not improve timing on the net.
INFO: [Physopt 32-702] Processed net soc_base_inst/axi_merge_inst/axi_merge_read_i/slave_i2/slave_cmd_pend_fifo/ram_i/step_r_reg_7_sn_1. Optimizations did not improve timing on the net.
INFO: [Physopt 32-608] Optimized 1 net.  Swapped 9 pins.
INFO: [Physopt 32-663] Processed net soc_base_inst/ztachip_inst/dp_1_i/dp0_i/dp_gen_core_i/dp_gen_primary_i/Q[11].  Re-placed instance soc_base_inst/ztachip_inst/dp_1_i/dp0_i/dp_gen_core_i/dp_gen_primary_i/burst_min_v_reg[11]
INFO: [Physopt 32-663] Processed net soc_base_inst/ztachip_inst/dp_1_i/dp0_i/dp_gen_core_i/dp_gen_primary_i/Q[1].  Re-placed instance soc_base_inst/ztachip_inst/dp_1_i/dp0_i/dp_gen_core_i/dp_gen_primary_i/burst_min_v_reg[1]
INFO: [Physopt 32-663] Processed net soc_base_inst/ztachip_inst/dp_1_i/dp0_i/dp_gen_core_i/dp_gen_primary_i/Q[2].  Re-placed instance soc_base_inst/ztachip_inst/dp_1_i/dp0_i/dp_gen_core_i/dp_gen_primary_i/burst_min_v_reg[2]
INFO: [Physopt 32-663] Processed net soc_base_inst/ztachip_inst/dp_1_i/dp0_i/dp_gen_core_i/dp_gen_primary_i/Q[3].  Re-placed instance soc_base_inst/ztachip_inst/dp_1_i/dp0_i/dp_gen_core_i/dp_gen_primary_i/burst_min_v_reg[3]
Netlist sorting complete. Time (s): cpu = 00:00:00.09 ; elapsed = 00:00:00.09 . Memory (MB): peak = 4088.227 ; gain = 0.000 ; free physical = 32015 ; free virtual = 48565
Phase 3 Critical Path Optimization | Checksum: 108a30e6d

Time (s): cpu = 00:02:32 ; elapsed = 00:00:45 . Memory (MB): peak = 4088.227 ; gain = 0.000 ; free physical = 32015 ; free virtual = 48565

Phase 4 Critical Path Optimization
INFO: [Physopt 32-702] Processed net soc_base_inst/ztachip_inst/core_i/GEN_CELL[0].cell_i/GEN_REG[1].GEN1.pcore_i/register_bank_i/register_file_i/ram3_i/ram2_i/xpm_memory_sdpram_inst/xpm_memory_base_inst/doutb[79]. Optimizations did not improve timing on the net.
INFO: [Physopt 32-702] Processed net clk_wiz_inst/inst/clk_out5_clk_wiz_0. Optimizations did not improve timing on the net.
INFO: [Physopt 32-702] Processed net soc_base_inst/ztachip_inst/core_i/GEN_CELL[0].cell_i/GEN_REG[1].GEN1.pcore_i/register_bank_i/register_file_i/ram3_i/ram2_i/xpm_memory_sdpram_inst/xpm_memory_base_inst/gen_wr_a.gen_byte_narrow.for_mem_cols[1].mem_reg_128_255_79_79/DPO. Optimizations did not improve timing on the net.
INFO: [Physopt 32-702] Processed net soc_base_inst/ztachip_inst/core_i/GEN_CELL[0].cell_i/GEN_REG[1].GEN1.pcore_i/register_bank_i/register_file_i/ram3_i/ram2_i/xpm_memory_sdpram_inst/xpm_memory_base_inst/gen_rd_b.gen_rd_b_synth_template.gen_nc_narrow_reg.doutb_reg_reg0[79]. Optimizations did not improve timing on the net.
INFO: [Physopt 32-81] Processed net soc_base_inst/ztachip_inst/core_i/GEN_CELL[0].cell_i/GEN_REG[1].GEN1.pcore_i/register_bank_i/register_file_i/ram3_i/address_b[0]. Replicated 5 times.
INFO: [Physopt 32-702] Processed net soc_base_inst/ztachip_inst/core_i/GEN_CELL[0].cell_i/GEN_REG[1].GEN1.pcore_i/register_bank_i/register_file_i/ram3_i/ram2_i/xpm_memory_sdpram_inst/xpm_memory_base_inst/doutb[17]. Optimizations did not improve timing on the net.
INFO: [Physopt 32-702] Processed net soc_base_inst/ztachip_inst/core_i/GEN_CELL[0].cell_i/GEN_REG[1].GEN1.pcore_i/register_bank_i/register_file_i/ram3_i/ram2_i/xpm_memory_sdpram_inst/xpm_memory_base_inst/gen_wr_a.gen_byte_narrow.for_mem_cols[1].mem_reg_128_255_17_17/DPO. Optimizations did not improve timing on the net.
INFO: [Physopt 32-608] Optimized 1 net.  Swapped 22 pins.
INFO: [Physopt 32-702] Processed net soc_base_inst/ztachip_inst/core_i/GEN_CELL[0].cell_i/GEN_REG[2].GEN1.pcore_i/register_bank_i/register_file_i/ram3_i/ram2_i/xpm_memory_sdpram_inst/xpm_memory_base_inst/doutb[99]. Optimizations did not improve timing on the net.
INFO: [Physopt 32-702] Processed net soc_base_inst/ztachip_inst/core_i/GEN_CELL[0].cell_i/GEN_REG[2].GEN1.pcore_i/register_bank_i/register_file_i/ram3_i/ram2_i/xpm_memory_sdpram_inst/xpm_memory_base_inst/gen_wr_a.gen_byte_narrow.for_mem_cols[1].mem_reg_128_255_99_99/DPO. Optimizations did not improve timing on the net.
INFO: [Physopt 32-702] Processed net soc_base_inst/ztachip_inst/core_i/GEN_CELL[0].cell_i/GEN_REG[2].GEN1.pcore_i/register_bank_i/register_file_i/ram3_i/ram2_i/xpm_memory_sdpram_inst/xpm_memory_base_inst/gen_rd_b.gen_rd_b_synth_template.gen_nc_narrow_reg.doutb_reg_reg0[99]. Optimizations did not improve timing on the net.
INFO: [Physopt 32-81] Processed net soc_base_inst/ztachip_inst/core_i/GEN_CELL[0].cell_i/GEN_REG[2].GEN1.pcore_i/register_bank_i/register_file_i/ram3_i/address_b[3]. Replicated 2 times.
INFO: [Physopt 32-702] Processed net soc_base_inst/ztachip_inst/core_i/GEN_CELL[0].cell_i/GEN_REG[3].GEN1.pcore_i/register_bank_i/register_file_i/ram3_i/ram2_i/xpm_memory_sdpram_inst/xpm_memory_base_inst/doutb[101]. Optimizations did not improve timing on the net.
INFO: [Physopt 32-702] Processed net soc_base_inst/ztachip_inst/core_i/GEN_CELL[0].cell_i/GEN_REG[3].GEN1.pcore_i/register_bank_i/register_file_i/ram3_i/ram2_i/xpm_memory_sdpram_inst/xpm_memory_base_inst/gen_wr_a.gen_byte_narrow.for_mem_cols[1].mem_reg_128_255_101_101/DPO. Optimizations did not improve timing on the net.
INFO: [Physopt 32-608] Optimized 1 net.  Swapped 17 pins.
INFO: [Physopt 32-702] Processed net soc_base_inst/ztachip_inst/core_i/GEN_CELL[0].cell_i/GEN_REG[2].GEN1.pcore_i/register_bank_i/register_file_i2/ram3_i/ram2_i/xpm_memory_sdpram_inst/xpm_memory_base_inst/doutb[5]. Optimizations did not improve timing on the net.
INFO: [Physopt 32-702] Processed net soc_base_inst/ztachip_inst/core_i/GEN_CELL[0].cell_i/GEN_REG[2].GEN1.pcore_i/register_bank_i/register_file_i2/ram3_i/ram2_i/xpm_memory_sdpram_inst/xpm_memory_base_inst/gen_wr_a.gen_byte_narrow.for_mem_cols[1].mem_reg_128_255_5_5/DPO. Optimizations did not improve timing on the net.
INFO: [Physopt 32-702] Processed net soc_base_inst/ztachip_inst/core_i/GEN_CELL[0].cell_i/GEN_REG[2].GEN1.pcore_i/register_bank_i/register_file_i2/ram3_i/ram2_i/xpm_memory_sdpram_inst/xpm_memory_base_inst/gen_rd_b.gen_rd_b_synth_template.gen_nc_narrow_reg.doutb_reg_reg0[5]. Optimizations did not improve timing on the net.
INFO: [Physopt 32-663] Processed net soc_base_inst/ztachip_inst/core_i/GEN_CELL[0].cell_i/GEN_REG[2].GEN1.pcore_i/register_bank_i/register_file_i2/ram3_i/address_b[1].  Re-placed instance soc_base_inst/ztachip_inst/core_i/GEN_CELL[0].cell_i/GEN_REG[2].GEN1.pcore_i/register_bank_i/register_file_i2/ram3_i/xpm_memory_sdpram_inst_i_8__0
INFO: [Physopt 32-702] Processed net soc_base_inst/ztachip_inst/core_i/GEN_CELL[0].cell_i/GEN_REG[2].GEN1.pcore_i/register_bank_i/register_file_i/ram3_i/ram2_i/xpm_memory_sdpram_inst/xpm_memory_base_inst/doutb[77]. Optimizations did not improve timing on the net.
INFO: [Physopt 32-702] Processed net soc_base_inst/ztachip_inst/core_i/GEN_CELL[0].cell_i/GEN_REG[2].GEN1.pcore_i/register_bank_i/register_file_i/ram3_i/ram2_i/xpm_memory_sdpram_inst/xpm_memory_base_inst/gen_wr_a.gen_byte_narrow.for_mem_cols[1].mem_reg_128_255_77_77/DPO. Optimizations did not improve timing on the net.
INFO: [Physopt 32-608] Optimized 1 net.  Swapped 28 pins.
INFO: [Physopt 32-702] Processed net soc_base_inst/ztachip_inst/core_i/GEN_CELL[0].cell_i/GEN_REG[3].GEN1.pcore_i/register_bank_i/register_file_i/ram3_i/ram2_i/xpm_memory_sdpram_inst/xpm_memory_base_inst/doutb[103]. Optimizations did not improve timing on the net.
INFO: [Physopt 32-702] Processed net soc_base_inst/ztachip_inst/core_i/GEN_CELL[0].cell_i/GEN_REG[3].GEN1.pcore_i/register_bank_i/register_file_i/ram3_i/ram2_i/xpm_memory_sdpram_inst/xpm_memory_base_inst/gen_wr_a.gen_byte_narrow.for_mem_cols[1].mem_reg_128_255_103_103/DPO. Optimizations did not improve timing on the net.
INFO: [Physopt 32-608] Optimized 1 net.  Swapped 14 pins.
INFO: [Physopt 32-702] Processed net soc_base_inst/ztachip_inst/core_i/GEN_CELL[0].cell_i/GEN_REG[1].GEN1.pcore_i/register_bank_i/register_file_i2/ram3_i/ram2_i/xpm_memory_sdpram_inst/xpm_memory_base_inst/doutb[82]. Optimizations did not improve timing on the net.
INFO: [Physopt 32-702] Processed net soc_base_inst/ztachip_inst/core_i/GEN_CELL[0].cell_i/GEN_REG[1].GEN1.pcore_i/register_bank_i/register_file_i2/ram3_i/ram2_i/xpm_memory_sdpram_inst/xpm_memory_base_inst/gen_wr_a.gen_byte_narrow.for_mem_cols[1].mem_reg_0_127_82_82/DPO. Optimizations did not improve timing on the net.
INFO: [Physopt 32-702] Processed net soc_base_inst/ztachip_inst/core_i/GEN_CELL[0].cell_i/GEN_REG[1].GEN1.pcore_i/register_bank_i/register_file_i2/ram3_i/ram2_i/xpm_memory_sdpram_inst/xpm_memory_base_inst/gen_rd_b.gen_rd_b_synth_template.gen_nc_narrow_reg.doutb_reg_reg0[82]. Optimizations did not improve timing on the net.
INFO: [Physopt 32-702] Processed net soc_base_inst/ztachip_inst/core_i/GEN_CELL[0].cell_i/GEN_REG[1].GEN1.pcore_i/register_bank_i/register_file_i2/ram3_i/address_b[1]_repN. Optimizations did not improve timing on the net.
INFO: [Physopt 32-702] Processed net soc_base_inst/ztachip_inst/core_i/GEN_CELL[0].cell_i/GEN_REG[1].GEN1.pcore_i/register_bank_i/register_file_i2/ram3_i/ram2_i/xpm_memory_sdpram_inst/xpm_memory_base_inst/gen_wr_a.gen_byte_narrow.for_mem_cols[1].mem_reg_0_127_82_82/DPO1. Optimizations did not improve timing on the net.
INFO: [Physopt 32-663] Processed net soc_base_inst/ztachip_inst/core_i/GEN_CELL[0].cell_i/GEN_REG[1].GEN1.pcore_i/register_bank_i/register_file_i2/ram3_i/address2_r_reg_n_0_[1].  Re-placed instance soc_base_inst/ztachip_inst/core_i/GEN_CELL[0].cell_i/GEN_REG[1].GEN1.pcore_i/register_bank_i/register_file_i2/ram3_i/address2_r_reg[1]
INFO: [Physopt 32-702] Processed net soc_base_inst/ztachip_inst/core_i/GEN_CELL[0].cell_i/GEN_REG[3].GEN1.pcore_i/register_bank_i/register_file_i/ram3_i/ram2_i/xpm_memory_sdpram_inst/xpm_memory_base_inst/doutb[49]. Optimizations did not improve timing on the net.
INFO: [Physopt 32-702] Processed net soc_base_inst/ztachip_inst/core_i/GEN_CELL[0].cell_i/GEN_REG[3].GEN1.pcore_i/register_bank_i/register_file_i/ram3_i/ram2_i/xpm_memory_sdpram_inst/xpm_memory_base_inst/gen_wr_a.gen_byte_narrow.for_mem_cols[1].mem_reg_128_255_49_49/DPO. Optimizations did not improve timing on the net.
INFO: [Physopt 32-702] Processed net soc_base_inst/ztachip_inst/core_i/GEN_CELL[0].cell_i/GEN_REG[3].GEN1.pcore_i/register_bank_i/register_file_i/ram3_i/ram2_i/xpm_memory_sdpram_inst/xpm_memory_base_inst/gen_rd_b.gen_rd_b_synth_template.gen_nc_narrow_reg.doutb_reg_reg0[49]. Optimizations did not improve timing on the net.
INFO: [Physopt 32-81] Processed net soc_base_inst/ztachip_inst/core_i/GEN_CELL[0].cell_i/GEN_REG[3].GEN1.pcore_i/register_bank_i/register_file_i/ram3_i/address_b[2]. Replicated 1 times.
INFO: [Physopt 32-702] Processed net soc_base_inst/ztachip_inst/core_i/GEN_CELL[0].cell_i/GEN_REG[3].GEN1.pcore_i/register_bank_i/register_file_i/ram3_i/ram2_i/xpm_memory_sdpram_inst/xpm_memory_base_inst/doutb[30]. Optimizations did not improve timing on the net.
INFO: [Physopt 32-702] Processed net soc_base_inst/ztachip_inst/core_i/GEN_CELL[0].cell_i/GEN_REG[3].GEN1.pcore_i/register_bank_i/register_file_i/ram3_i/ram2_i/xpm_memory_sdpram_inst/xpm_memory_base_inst/gen_wr_a.gen_byte_narrow.for_mem_cols[1].mem_reg_128_255_30_30/DPO. Optimizations did not improve timing on the net.
INFO: [Physopt 32-702] Processed net soc_base_inst/ztachip_inst/core_i/GEN_CELL[0].cell_i/GEN_REG[3].GEN1.pcore_i/register_bank_i/register_file_i/ram3_i/ram2_i/xpm_memory_sdpram_inst/xpm_memory_base_inst/gen_rd_b.gen_rd_b_synth_template.gen_nc_narrow_reg.doutb_reg_reg0[30]. Optimizations did not improve timing on the net.
INFO: [Physopt 32-663] Processed net soc_base_inst/ztachip_inst/core_i/GEN_CELL[0].cell_i/GEN_REG[3].GEN1.pcore_i/register_bank_i/register_file_i/ram3_i/address_b[4].  Re-placed instance soc_base_inst/ztachip_inst/core_i/GEN_CELL[0].cell_i/GEN_REG[3].GEN1.pcore_i/register_bank_i/register_file_i/ram3_i/xpm_memory_sdpram_inst_i_5__1
INFO: [Physopt 32-702] Processed net soc_base_inst/ztachip_inst/core_i/GEN_CELL[0].cell_i/GEN_REG[2].GEN1.pcore_i/register_bank_i/register_file_i/ram3_i/ram2_i/xpm_memory_sdpram_inst/xpm_memory_base_inst/doutb[76]. Optimizations did not improve timing on the net.
INFO: [Physopt 32-702] Processed net soc_base_inst/ztachip_inst/core_i/GEN_CELL[0].cell_i/GEN_REG[2].GEN1.pcore_i/register_bank_i/register_file_i/ram3_i/ram2_i/xpm_memory_sdpram_inst/xpm_memory_base_inst/gen_wr_a.gen_byte_narrow.for_mem_cols[1].mem_reg_0_127_76_76/DPO. Optimizations did not improve timing on the net.
INFO: [Physopt 32-702] Processed net soc_base_inst/ztachip_inst/core_i/GEN_CELL[0].cell_i/GEN_REG[2].GEN1.pcore_i/register_bank_i/register_file_i/ram3_i/ram2_i/xpm_memory_sdpram_inst/xpm_memory_base_inst/gen_rd_b.gen_rd_b_synth_template.gen_nc_narrow_reg.doutb_reg_reg0[76]. Optimizations did not improve timing on the net.
INFO: [Physopt 32-81] Processed net soc_base_inst/ztachip_inst/core_i/GEN_CELL[0].cell_i/GEN_REG[2].GEN1.pcore_i/register_bank_i/register_file_i/ram3_i/address_b[2]. Replicated 2 times.
INFO: [Physopt 32-702] Processed net soc_base_inst/ztachip_inst/core_i/GEN_CELL[0].cell_i/GEN_REG[2].GEN1.pcore_i/register_bank_i/register_file_i/ram3_i/ram2_i/xpm_memory_sdpram_inst/xpm_memory_base_inst/doutb[13]. Optimizations did not improve timing on the net.
INFO: [Physopt 32-702] Processed net soc_base_inst/ztachip_inst/core_i/GEN_CELL[0].cell_i/GEN_REG[2].GEN1.pcore_i/register_bank_i/register_file_i/ram3_i/ram2_i/xpm_memory_sdpram_inst/xpm_memory_base_inst/gen_wr_a.gen_byte_narrow.for_mem_cols[1].mem_reg_0_127_13_13/DPO. Optimizations did not improve timing on the net.
INFO: [Physopt 32-608] Optimized 1 net.  Swapped 24 pins.
INFO: [Physopt 32-702] Processed net soc_base_inst/ztachip_inst/core_i/GEN_CELL[0].cell_i/GEN_REG[2].GEN1.pcore_i/register_bank_i/register_file_i/ram3_i/ram2_i/xpm_memory_sdpram_inst/xpm_memory_base_inst/doutb[19]. Optimizations did not improve timing on the net.
INFO: [Physopt 32-702] Processed net soc_base_inst/ztachip_inst/core_i/GEN_CELL[0].cell_i/GEN_REG[2].GEN1.pcore_i/register_bank_i/register_file_i/ram3_i/ram2_i/xpm_memory_sdpram_inst/xpm_memory_base_inst/gen_wr_a.gen_byte_narrow.for_mem_cols[1].mem_reg_128_255_19_19/DPO. Optimizations did not improve timing on the net.
INFO: [Physopt 32-81] Processed net soc_base_inst/ztachip_inst/core_i/GEN_CELL[0].cell_i/GEN_REG[2].GEN1.pcore_i/register_bank_i/register_file_i/ram3_i/address_b[6]. Replicated 6 times.
INFO: [Physopt 32-702] Processed net soc_base_inst/ztachip_inst/core_i/GEN_CELL[0].cell_i/GEN_REG[3].GEN1.pcore_i/register_bank_i/register_file_i/ram3_i/ram2_i/xpm_memory_sdpram_inst/xpm_memory_base_inst/doutb[51]. Optimizations did not improve timing on the net.
INFO: [Physopt 32-702] Processed net soc_base_inst/ztachip_inst/core_i/GEN_CELL[0].cell_i/GEN_REG[3].GEN1.pcore_i/register_bank_i/register_file_i/ram3_i/ram2_i/xpm_memory_sdpram_inst/xpm_memory_base_inst/gen_wr_a.gen_byte_narrow.for_mem_cols[1].mem_reg_128_255_51_51/DPO. Optimizations did not improve timing on the net.
INFO: [Physopt 32-702] Processed net soc_base_inst/ztachip_inst/core_i/GEN_CELL[0].cell_i/GEN_REG[3].GEN1.pcore_i/register_bank_i/register_file_i/ram3_i/ram2_i/xpm_memory_sdpram_inst/xpm_memory_base_inst/gen_rd_b.gen_rd_b_synth_template.gen_nc_narrow_reg.doutb_reg_reg0[51]. Optimizations did not improve timing on the net.
INFO: [Physopt 32-702] Processed net soc_base_inst/ztachip_inst/core_i/GEN_CELL[0].cell_i/GEN_REG[3].GEN1.pcore_i/register_bank_i/register_file_i/ram3_i/address_b[3]. Optimizations did not improve timing on the net.
INFO: [Physopt 32-702] Processed net soc_base_inst/ztachip_inst/core_i/GEN_CELL[0].cell_i/GEN_REG[3].GEN1.pcore_i/register_bank_i/register_file_i/ram3_i/ram2_i/xpm_memory_sdpram_inst/xpm_memory_base_inst/gen_wr_a.gen_byte_narrow.for_mem_cols[1].mem_reg_128_255_51_51/DPO1. Optimizations did not improve timing on the net.
INFO: [Physopt 32-663] Processed net soc_base_inst/ztachip_inst/core_i/GEN_CELL[0].cell_i/GEN_REG[3].GEN1.pcore_i/instr_decoder2_i/x1_addr1[6].  Re-placed instance soc_base_inst/ztachip_inst/core_i/GEN_CELL[0].cell_i/GEN_REG[3].GEN1.pcore_i/instr_decoder2_i/mu_x1_addr1_r_reg[6]
INFO: [Physopt 32-702] Processed net soc_base_inst/ztachip_inst/core_i/GEN_CELL[0].cell_i/GEN_REG[2].GEN1.pcore_i/register_bank_i/register_file_i2/ram3_i/ram2_i/xpm_memory_sdpram_inst/xpm_memory_base_inst/doutb[57]. Optimizations did not improve timing on the net.
INFO: [Physopt 32-702] Processed net soc_base_inst/ztachip_inst/core_i/GEN_CELL[0].cell_i/GEN_REG[2].GEN1.pcore_i/register_bank_i/register_file_i2/ram3_i/ram2_i/xpm_memory_sdpram_inst/xpm_memory_base_inst/gen_wr_a.gen_byte_narrow.for_mem_cols[1].mem_reg_128_255_57_57/DPO. Optimizations did not improve timing on the net.
INFO: [Physopt 32-81] Processed net soc_base_inst/ztachip_inst/core_i/GEN_CELL[0].cell_i/GEN_REG[2].GEN1.pcore_i/register_bank_i/register_file_i2/ram3_i/address_b[6]. Replicated 2 times.
INFO: [Physopt 32-702] Processed net soc_base_inst/ztachip_inst/core_i/GEN_CELL[0].cell_i/GEN_REG[2].GEN1.pcore_i/register_bank_i/register_file_i/ram3_i/ram2_i/xpm_memory_sdpram_inst/xpm_memory_base_inst/doutb[12]. Optimizations did not improve timing on the net.
INFO: [Physopt 32-702] Processed net soc_base_inst/ztachip_inst/core_i/GEN_CELL[0].cell_i/GEN_REG[2].GEN1.pcore_i/register_bank_i/register_file_i/ram3_i/ram2_i/xpm_memory_sdpram_inst/xpm_memory_base_inst/gen_wr_a.gen_byte_narrow.for_mem_cols[1].mem_reg_0_127_12_12/DPO. Optimizations did not improve timing on the net.
INFO: [Physopt 32-608] Optimized 1 net.  Swapped 24 pins.
INFO: [Physopt 32-702] Processed net soc_base_inst/ztachip_inst/core_i/GEN_CELL[0].cell_i/GEN_REG[2].GEN1.pcore_i/register_bank_i/register_file_i/ram3_i/ram2_i/xpm_memory_sdpram_inst/xpm_memory_base_inst/doutb[32]. Optimizations did not improve timing on the net.
INFO: [Physopt 32-702] Processed net soc_base_inst/ztachip_inst/core_i/GEN_CELL[0].cell_i/GEN_REG[2].GEN1.pcore_i/register_bank_i/register_file_i/ram3_i/ram2_i/xpm_memory_sdpram_inst/xpm_memory_base_inst/gen_wr_a.gen_byte_narrow.for_mem_cols[1].mem_reg_0_127_32_32/DPO. Optimizations did not improve timing on the net.
INFO: [Physopt 32-608] Optimized 1 net.  Swapped 24 pins.
INFO: [Physopt 32-702] Processed net soc_base_inst/ztachip_inst/core_i/GEN_CELL[0].cell_i/GEN_REG[2].GEN1.pcore_i/register_bank_i/register_file_i/ram3_i/ram2_i/xpm_memory_sdpram_inst/xpm_memory_base_inst/doutb[9]. Optimizations did not improve timing on the net.
INFO: [Physopt 32-702] Processed net soc_base_inst/ztachip_inst/core_i/GEN_CELL[0].cell_i/GEN_REG[2].GEN1.pcore_i/register_bank_i/register_file_i/ram3_i/ram2_i/xpm_memory_sdpram_inst/xpm_memory_base_inst/gen_wr_a.gen_byte_narrow.for_mem_cols[1].mem_reg_128_255_9_9/DPO. Optimizations did not improve timing on the net.
INFO: [Physopt 32-608] Optimized 1 net.  Swapped 20 pins.
INFO: [Physopt 32-702] Processed net soc_base_inst/ztachip_inst/core_i/GEN_CELL[0].cell_i/GEN_REG[2].GEN1.pcore_i/register_bank_i/register_file_i/ram3_i/ram2_i/xpm_memory_sdpram_inst/xpm_memory_base_inst/doutb[7]. Optimizations did not improve timing on the net.
INFO: [Physopt 32-702] Processed net soc_base_inst/ztachip_inst/core_i/GEN_CELL[0].cell_i/GEN_REG[2].GEN1.pcore_i/register_bank_i/register_file_i/ram3_i/ram2_i/xpm_memory_sdpram_inst/xpm_memory_base_inst/gen_wr_a.gen_byte_narrow.for_mem_cols[1].mem_reg_0_127_7_7/DPO. Optimizations did not improve timing on the net.
INFO: [Physopt 32-608] Optimized 1 net.  Swapped 23 pins.
INFO: [Physopt 32-702] Processed net soc_base_inst/ztachip_inst/core_i/GEN_CELL[0].cell_i/GEN_REG[2].GEN1.pcore_i/register_bank_i/register_file_i2/ram3_i/ram2_i/xpm_memory_sdpram_inst/xpm_memory_base_inst/doutb[23]. Optimizations did not improve timing on the net.
INFO: [Physopt 32-702] Processed net soc_base_inst/ztachip_inst/core_i/GEN_CELL[0].cell_i/GEN_REG[2].GEN1.pcore_i/register_bank_i/register_file_i2/ram3_i/ram2_i/xpm_memory_sdpram_inst/xpm_memory_base_inst/gen_wr_a.gen_byte_narrow.for_mem_cols[1].mem_reg_128_255_23_23/DPO. Optimizations did not improve timing on the net.
INFO: [Physopt 32-608] Optimized 1 net.  Swapped 24 pins.
INFO: [Physopt 32-702] Processed net soc_base_inst/ztachip_inst/core_i/GEN_CELL[0].cell_i/GEN_REG[2].GEN1.pcore_i/register_bank_i/register_file_i/ram3_i/ram2_i/xpm_memory_sdpram_inst/xpm_memory_base_inst/doutb[55]. Optimizations did not improve timing on the net.
INFO: [Physopt 32-702] Processed net soc_base_inst/ztachip_inst/core_i/GEN_CELL[0].cell_i/GEN_REG[2].GEN1.pcore_i/register_bank_i/register_file_i/ram3_i/ram2_i/xpm_memory_sdpram_inst/xpm_memory_base_inst/gen_wr_a.gen_byte_narrow.for_mem_cols[1].mem_reg_128_255_55_55/DPO. Optimizations did not improve timing on the net.
INFO: [Physopt 32-608] Optimized 1 net.  Swapped 21 pins.
INFO: [Physopt 32-702] Processed net soc_base_inst/ztachip_inst/core_i/GEN_CELL[0].cell_i/GEN_REG[2].GEN1.pcore_i/register_bank_i/register_file_i/ram3_i/ram2_i/xpm_memory_sdpram_inst/xpm_memory_base_inst/doutb[59]. Optimizations did not improve timing on the net.
INFO: [Physopt 32-702] Processed net soc_base_inst/ztachip_inst/core_i/GEN_CELL[0].cell_i/GEN_REG[2].GEN1.pcore_i/register_bank_i/register_file_i/ram3_i/ram2_i/xpm_memory_sdpram_inst/xpm_memory_base_inst/gen_wr_a.gen_byte_narrow.for_mem_cols[1].mem_reg_0_127_59_59/DPO. Optimizations did not improve timing on the net.
INFO: [Physopt 32-608] Optimized 1 net.  Swapped 23 pins.
INFO: [Physopt 32-702] Processed net soc_base_inst/ztachip_inst/core_i/GEN_CELL[0].cell_i/GEN_REG[2].GEN1.pcore_i/register_bank_i/register_file_i/ram3_i/ram2_i/xpm_memory_sdpram_inst/xpm_memory_base_inst/doutb[58]. Optimizations did not improve timing on the net.
INFO: [Physopt 32-702] Processed net soc_base_inst/ztachip_inst/core_i/GEN_CELL[0].cell_i/GEN_REG[2].GEN1.pcore_i/register_bank_i/register_file_i/ram3_i/ram2_i/xpm_memory_sdpram_inst/xpm_memory_base_inst/gen_wr_a.gen_byte_narrow.for_mem_cols[1].mem_reg_128_255_58_58/DPO. Optimizations did not improve timing on the net.
INFO: [Physopt 32-608] Optimized 1 net.  Swapped 23 pins.
INFO: [Physopt 32-702] Processed net soc_base_inst/ztachip_inst/core_i/GEN_CELL[0].cell_i/GEN_REG[2].GEN1.pcore_i/register_bank_i/register_file_i2/ram3_i/ram2_i/xpm_memory_sdpram_inst/xpm_memory_base_inst/doutb[70]. Optimizations did not improve timing on the net.
INFO: [Physopt 32-702] Processed net soc_base_inst/ztachip_inst/core_i/GEN_CELL[0].cell_i/GEN_REG[2].GEN1.pcore_i/register_bank_i/register_file_i2/ram3_i/ram2_i/xpm_memory_sdpram_inst/xpm_memory_base_inst/gen_wr_a.gen_byte_narrow.for_mem_cols[1].mem_reg_128_255_70_70/DPO. Optimizations did not improve timing on the net.
INFO: [Physopt 32-608] Optimized 1 net.  Swapped 22 pins.
INFO: [Physopt 32-702] Processed net soc_base_inst/ztachip_inst/core_i/GEN_CELL[0].cell_i/GEN_REG[2].GEN1.pcore_i/register_bank_i/register_file_i2/ram3_i/ram2_i/xpm_memory_sdpram_inst/xpm_memory_base_inst/doutb[71]. Optimizations did not improve timing on the net.
INFO: [Physopt 32-702] Processed net soc_base_inst/ztachip_inst/core_i/GEN_CELL[0].cell_i/GEN_REG[2].GEN1.pcore_i/register_bank_i/register_file_i2/ram3_i/ram2_i/xpm_memory_sdpram_inst/xpm_memory_base_inst/gen_wr_a.gen_byte_narrow.for_mem_cols[1].mem_reg_128_255_71_71/DPO. Optimizations did not improve timing on the net.
INFO: [Physopt 32-702] Processed net soc_base_inst/ztachip_inst/core_i/GEN_CELL[0].cell_i/GEN_REG[2].GEN1.pcore_i/register_bank_i/register_file_i2/ram3_i/ram2_i/xpm_memory_sdpram_inst/xpm_memory_base_inst/gen_rd_b.gen_rd_b_synth_template.gen_nc_narrow_reg.doutb_reg_reg0[71]. Optimizations did not improve timing on the net.
INFO: [Physopt 32-81] Processed net soc_base_inst/ztachip_inst/core_i/GEN_CELL[0].cell_i/GEN_REG[2].GEN1.pcore_i/register_bank_i/register_file_i2/ram3_i/address_b[3]. Replicated 2 times.
INFO: [Physopt 32-702] Processed net soc_base_inst/ztachip_inst/core_i/GEN_CELL[0].cell_i/GEN_REG[1].GEN1.pcore_i/register_bank_i/register_file_i/ram3_i/ram2_i/xpm_memory_sdpram_inst/xpm_memory_base_inst/doutb[41]. Optimizations did not improve timing on the net.
INFO: [Physopt 32-702] Processed net soc_base_inst/ztachip_inst/core_i/GEN_CELL[0].cell_i/GEN_REG[1].GEN1.pcore_i/register_bank_i/register_file_i/ram3_i/ram2_i/xpm_memory_sdpram_inst/xpm_memory_base_inst/gen_wr_a.gen_byte_narrow.for_mem_cols[1].mem_reg_128_255_41_41/DPO. Optimizations did not improve timing on the net.
INFO: [Physopt 32-608] Optimized 1 net.  Swapped 24 pins.
INFO: [Physopt 32-702] Processed net soc_base_inst/ztachip_inst/core_i/GEN_CELL[0].cell_i/GEN_REG[1].GEN1.pcore_i/register_bank_i/register_file_i/ram3_i/ram2_i/xpm_memory_sdpram_inst/xpm_memory_base_inst/doutb[101]. Optimizations did not improve timing on the net.
INFO: [Physopt 32-702] Processed net soc_base_inst/ztachip_inst/core_i/GEN_CELL[0].cell_i/GEN_REG[1].GEN1.pcore_i/register_bank_i/register_file_i/ram3_i/ram2_i/xpm_memory_sdpram_inst/xpm_memory_base_inst/gen_wr_a.gen_byte_narrow.for_mem_cols[1].mem_reg_0_127_101_101/DPO. Optimizations did not improve timing on the net.
INFO: [Physopt 32-702] Processed net soc_base_inst/ztachip_inst/core_i/GEN_CELL[0].cell_i/GEN_REG[1].GEN1.pcore_i/register_bank_i/register_file_i/ram3_i/ram2_i/xpm_memory_sdpram_inst/xpm_memory_base_inst/gen_rd_b.gen_rd_b_synth_template.gen_nc_narrow_reg.doutb_reg_reg0[101]. Optimizations did not improve timing on the net.
INFO: [Physopt 32-81] Processed net soc_base_inst/ztachip_inst/core_i/GEN_CELL[0].cell_i/GEN_REG[1].GEN1.pcore_i/register_bank_i/register_file_i/ram3_i/address_b[3]. Replicated 4 times.
INFO: [Physopt 32-702] Processed net soc_base_inst/ztachip_inst/core_i/GEN_CELL[0].cell_i/GEN_REG[1].GEN1.pcore_i/register_bank_i/register_file_i/ram3_i/ram2_i/xpm_memory_sdpram_inst/xpm_memory_base_inst/doutb[67]. Optimizations did not improve timing on the net.
INFO: [Physopt 32-702] Processed net soc_base_inst/ztachip_inst/core_i/GEN_CELL[0].cell_i/GEN_REG[1].GEN1.pcore_i/register_bank_i/register_file_i/ram3_i/ram2_i/xpm_memory_sdpram_inst/xpm_memory_base_inst/gen_wr_a.gen_byte_narrow.for_mem_cols[1].mem_reg_0_127_67_67/DPO. Optimizations did not improve timing on the net.
INFO: [Physopt 32-608] Optimized 1 net.  Swapped 12 pins.
INFO: [Physopt 32-702] Processed net soc_base_inst/ztachip_inst/core_i/GEN_CELL[0].cell_i/GEN_REG[2].GEN1.pcore_i/register_bank_i/register_file_i/ram3_i/ram2_i/xpm_memory_sdpram_inst/xpm_memory_base_inst/doutb[51]. Optimizations did not improve timing on the net.
INFO: [Physopt 32-702] Processed net soc_base_inst/ztachip_inst/core_i/GEN_CELL[0].cell_i/GEN_REG[2].GEN1.pcore_i/register_bank_i/register_file_i/ram3_i/ram2_i/xpm_memory_sdpram_inst/xpm_memory_base_inst/gen_wr_a.gen_byte_narrow.for_mem_cols[1].mem_reg_128_255_51_51/DPO. Optimizations did not improve timing on the net.
INFO: [Physopt 32-608] Optimized 1 net.  Swapped 26 pins.
INFO: [Physopt 32-702] Processed net soc_base_inst/ztachip_inst/core_i/GEN_CELL[0].cell_i/GEN_REG[1].GEN1.pcore_i/register_bank_i/register_file_i/ram3_i/ram2_i/xpm_memory_sdpram_inst/xpm_memory_base_inst/doutb[35]. Optimizations did not improve timing on the net.
INFO: [Physopt 32-702] Processed net soc_base_inst/ztachip_inst/core_i/GEN_CELL[0].cell_i/GEN_REG[1].GEN1.pcore_i/register_bank_i/register_file_i/ram3_i/ram2_i/xpm_memory_sdpram_inst/xpm_memory_base_inst/gen_wr_a.gen_byte_narrow.for_mem_cols[1].mem_reg_0_127_35_35/DPO. Optimizations did not improve timing on the net.
INFO: [Physopt 32-702] Processed net soc_base_inst/ztachip_inst/core_i/GEN_CELL[0].cell_i/GEN_REG[1].GEN1.pcore_i/register_bank_i/register_file_i/ram3_i/ram2_i/xpm_memory_sdpram_inst/xpm_memory_base_inst/gen_rd_b.gen_rd_b_synth_template.gen_nc_narrow_reg.doutb_reg_reg0[35]. Optimizations did not improve timing on the net.
INFO: [Physopt 32-81] Processed net soc_base_inst/ztachip_inst/core_i/GEN_CELL[0].cell_i/GEN_REG[1].GEN1.pcore_i/register_bank_i/register_file_i/ram3_i/address_b[1]. Replicated 2 times.
INFO: [Physopt 32-702] Processed net soc_base_inst/ztachip_inst/core_i/GEN_CELL[0].cell_i/GEN_REG[3].GEN1.pcore_i/register_bank_i/register_file_i/ram3_i/ram2_i/xpm_memory_sdpram_inst/xpm_memory_base_inst/doutb[60]. Optimizations did not improve timing on the net.
INFO: [Physopt 32-702] Processed net soc_base_inst/ztachip_inst/core_i/GEN_CELL[0].cell_i/GEN_REG[3].GEN1.pcore_i/register_bank_i/register_file_i/ram3_i/ram2_i/xpm_memory_sdpram_inst/xpm_memory_base_inst/gen_wr_a.gen_byte_narrow.for_mem_cols[1].mem_reg_128_255_60_60/DPO. Optimizations did not improve timing on the net.
INFO: [Physopt 32-702] Processed net soc_base_inst/ztachip_inst/core_i/GEN_CELL[0].cell_i/GEN_REG[3].GEN1.pcore_i/register_bank_i/register_file_i/ram3_i/ram2_i/xpm_memory_sdpram_inst/xpm_memory_base_inst/gen_rd_b.gen_rd_b_synth_template.gen_nc_narrow_reg.doutb_reg_reg0[60]. Optimizations did not improve timing on the net.
INFO: [Physopt 32-81] Processed net soc_base_inst/ztachip_inst/core_i/GEN_CELL[0].cell_i/GEN_REG[3].GEN1.pcore_i/register_bank_i/register_file_i/ram3_i/address_b[0]. Replicated 1 times.
INFO: [Physopt 32-81] Processed net soc_base_inst/ztachip_inst/core_i/GEN_CELL[0].cell_i/GEN_REG[3].GEN1.pcore_i/register_bank_i/register_file_i/ram3_i/address_b[1]. Replicated 2 times.
INFO: [Physopt 32-702] Processed net soc_base_inst/ztachip_inst/core_i/GEN_CELL[0].cell_i/GEN_REG[3].GEN1.pcore_i/register_bank_i/register_file_i/ram3_i/ram2_i/xpm_memory_sdpram_inst/xpm_memory_base_inst/doutb[50]. Optimizations did not improve timing on the net.
INFO: [Physopt 32-702] Processed net soc_base_inst/ztachip_inst/core_i/GEN_CELL[0].cell_i/GEN_REG[3].GEN1.pcore_i/register_bank_i/register_file_i/ram3_i/ram2_i/xpm_memory_sdpram_inst/xpm_memory_base_inst/gen_wr_a.gen_byte_narrow.for_mem_cols[1].mem_reg_128_255_50_50/DPO. Optimizations did not improve timing on the net.
INFO: [Physopt 32-81] Processed net soc_base_inst/ztachip_inst/core_i/GEN_CELL[0].cell_i/GEN_REG[3].GEN1.pcore_i/register_bank_i/register_file_i/ram3_i/address_b[6]. Replicated 1 times.
INFO: [Physopt 32-702] Processed net soc_base_inst/ztachip_inst/core_i/GEN_CELL[0].cell_i/GEN_REG[2].GEN1.pcore_i/register_bank_i/register_file_i/ram3_i/ram2_i/xpm_memory_sdpram_inst/xpm_memory_base_inst/doutb[127]. Optimizations did not improve timing on the net.
INFO: [Physopt 32-702] Processed net soc_base_inst/ztachip_inst/core_i/GEN_CELL[0].cell_i/GEN_REG[2].GEN1.pcore_i/register_bank_i/register_file_i/ram3_i/ram2_i/xpm_memory_sdpram_inst/xpm_memory_base_inst/gen_wr_a.gen_byte_narrow.for_mem_cols[1].mem_reg_0_127_127_127/DPO. Optimizations did not improve timing on the net.
INFO: [Physopt 32-608] Optimized 1 net.  Swapped 24 pins.
INFO: [Physopt 32-81] Processed net soc_base_inst/ztachip_inst/core_i/GEN_CELL[0].cell_i/GEN_REG[1].GEN1.pcore_i/register_bank_i/register_file_i/ram3_i/address_b[2]. Replicated 5 times.
INFO: [Physopt 32-702] Processed net soc_base_inst/ztachip_inst/core_i/GEN_CELL[0].cell_i/GEN_REG[2].GEN1.pcore_i/register_bank_i/register_file_i/ram3_i/ram2_i/xpm_memory_sdpram_inst/xpm_memory_base_inst/doutb[25]. Optimizations did not improve timing on the net.
INFO: [Physopt 32-702] Processed net soc_base_inst/ztachip_inst/core_i/GEN_CELL[0].cell_i/GEN_REG[2].GEN1.pcore_i/register_bank_i/register_file_i/ram3_i/ram2_i/xpm_memory_sdpram_inst/xpm_memory_base_inst/gen_wr_a.gen_byte_narrow.for_mem_cols[1].mem_reg_128_255_25_25/DPO. Optimizations did not improve timing on the net.
INFO: [Physopt 32-608] Optimized 1 net.  Swapped 24 pins.
INFO: [Physopt 32-81] Processed net soc_base_inst/ztachip_inst/core_i/GEN_CELL[0].cell_i/GEN_REG[1].GEN1.pcore_i/register_bank_i/register_file_i/ram3_i/address_b[5]. Replicated 4 times.
INFO: [Physopt 32-81] Processed net soc_base_inst/ztachip_inst/core_i/GEN_CELL[0].cell_i/GEN_REG[1].GEN1.pcore_i/register_bank_i/register_file_i/ram3_i/address_b[4]. Replicated 4 times.
INFO: [Physopt 32-81] Processed net soc_base_inst/ztachip_inst/core_i/GEN_CELL[0].cell_i/GEN_REG[1].GEN1.pcore_i/register_bank_i/register_file_i/ram3_i/address_b[0]_repN. Replicated 1 times.
INFO: [Physopt 32-702] Processed net soc_base_inst/ztachip_inst/core_i/GEN_CELL[0].cell_i/GEN_REG[3].GEN1.pcore_i/register_bank_i/register_file_i/ram3_i/ram2_i/xpm_memory_sdpram_inst/xpm_memory_base_inst/gen_wr_a.gen_byte_narrow.for_mem_cols[1].mem_reg_0_127_49_49/DPO. Optimizations did not improve timing on the net.
INFO: [Physopt 32-702] Processed net soc_base_inst/ztachip_inst/core_i/GEN_CELL[0].cell_i/GEN_REG[3].GEN1.pcore_i/register_bank_i/register_file_i/ram3_i/address_b[4]. Optimizations did not improve timing on the net.
INFO: [Physopt 32-702] Processed net soc_base_inst/ztachip_inst/core_i/GEN_CELL[0].cell_i/GEN_REG[3].GEN1.pcore_i/register_bank_i/register_file_i/ram3_i/ram2_i/xpm_memory_sdpram_inst/xpm_memory_base_inst/gen_wr_a.gen_byte_narrow.for_mem_cols[1].mem_reg_0_127_49_49/DPO0. Optimizations did not improve timing on the net.
INFO: [Physopt 32-663] Processed net soc_base_inst/ztachip_inst/core_i/GEN_CELL[0].cell_i/GEN_REG[3].GEN1.pcore_i/instr_decoder2_i/x1_addr1[7].  Re-placed instance soc_base_inst/ztachip_inst/core_i/GEN_CELL[0].cell_i/GEN_REG[3].GEN1.pcore_i/instr_decoder2_i/mu_x1_addr1_r_reg[7]
INFO: [Physopt 32-702] Processed net soc_base_inst/ztachip_inst/core_i/GEN_CELL[0].cell_i/GEN_REG[1].GEN1.pcore_i/register_bank_i/register_file_i/ram3_i/ram2_i/xpm_memory_sdpram_inst/xpm_memory_base_inst/doutb[93]. Optimizations did not improve timing on the net.
INFO: [Physopt 32-702] Processed net soc_base_inst/ztachip_inst/core_i/GEN_CELL[0].cell_i/GEN_REG[1].GEN1.pcore_i/register_bank_i/register_file_i/ram3_i/ram2_i/xpm_memory_sdpram_inst/xpm_memory_base_inst/gen_wr_a.gen_byte_narrow.for_mem_cols[1].mem_reg_128_255_93_93/DPO. Optimizations did not improve timing on the net.
INFO: [Physopt 32-81] Processed net soc_base_inst/ztachip_inst/core_i/GEN_CELL[0].cell_i/GEN_REG[1].GEN1.pcore_i/register_bank_i/register_file_i/ram3_i/address_b[6]. Replicated 2 times.
INFO: [Physopt 32-81] Processed net soc_base_inst/ztachip_inst/core_i/GEN_CELL[0].cell_i/GEN_REG[3].GEN1.pcore_i/instr_decoder2_i/x1_addr1[7]. Replicated 1 times.
INFO: [Physopt 32-702] Processed net soc_base_inst/ztachip_inst/core_i/GEN_CELL[0].cell_i/GEN_REG[2].GEN1.pcore_i/register_bank_i/register_file_i/ram3_i/ram2_i/xpm_memory_sdpram_inst/xpm_memory_base_inst/doutb[50]. Optimizations did not improve timing on the net.
INFO: [Physopt 32-702] Processed net soc_base_inst/ztachip_inst/core_i/GEN_CELL[0].cell_i/GEN_REG[2].GEN1.pcore_i/register_bank_i/register_file_i/ram3_i/ram2_i/xpm_memory_sdpram_inst/xpm_memory_base_inst/gen_wr_a.gen_byte_narrow.for_mem_cols[1].mem_reg_0_127_50_50/DPO. Optimizations did not improve timing on the net.
INFO: [Physopt 32-702] Processed net soc_base_inst/ztachip_inst/core_i/GEN_CELL[0].cell_i/GEN_REG[2].GEN1.pcore_i/register_bank_i/register_file_i/ram3_i/ram2_i/xpm_memory_sdpram_inst/xpm_memory_base_inst/gen_rd_b.gen_rd_b_synth_template.gen_nc_narrow_reg.doutb_reg_reg0[50]. Optimizations did not improve timing on the net.
INFO: [Physopt 32-81] Processed net soc_base_inst/ztachip_inst/core_i/GEN_CELL[0].cell_i/GEN_REG[2].GEN1.pcore_i/register_bank_i/register_file_i/ram3_i/address_b[1]. Replicated 1 times.
INFO: [Physopt 32-702] Processed net soc_base_inst/ztachip_inst/core_i/GEN_CELL[0].cell_i/GEN_REG[1].GEN1.pcore_i/register_bank_i/register_file_i2/ram3_i/ram2_i/xpm_memory_sdpram_inst/xpm_memory_base_inst/doutb[47]. Optimizations did not improve timing on the net.
INFO: [Physopt 32-702] Processed net soc_base_inst/ztachip_inst/core_i/GEN_CELL[0].cell_i/GEN_REG[1].GEN1.pcore_i/register_bank_i/register_file_i2/ram3_i/ram2_i/xpm_memory_sdpram_inst/xpm_memory_base_inst/gen_wr_a.gen_byte_narrow.for_mem_cols[1].mem_reg_128_255_47_47/DPO. Optimizations did not improve timing on the net.
INFO: [Physopt 32-702] Processed net soc_base_inst/ztachip_inst/core_i/GEN_CELL[0].cell_i/GEN_REG[1].GEN1.pcore_i/register_bank_i/register_file_i2/ram3_i/ram2_i/xpm_memory_sdpram_inst/xpm_memory_base_inst/gen_rd_b.gen_rd_b_synth_template.gen_nc_narrow_reg.doutb_reg_reg0[47]. Optimizations did not improve timing on the net.
INFO: [Physopt 32-81] Processed net soc_base_inst/ztachip_inst/core_i/GEN_CELL[0].cell_i/GEN_REG[1].GEN1.pcore_i/register_bank_i/register_file_i2/ram3_i/address_b[4]. Replicated 1 times.
INFO: [Physopt 32-702] Processed net soc_base_inst/ztachip_inst/core_i/GEN_CELL[0].cell_i/GEN_REG[0].GEN1.pcore_i/xregister_file_i/GEN2.altsyncram_i/ram_i/xpm_memory_sdpram_inst/xpm_memory_base_inst/doutb[96]. Optimizations did not improve timing on the net.
INFO: [Physopt 32-663] Processed net soc_base_inst/ztachip_inst/core_i/GEN_CELL[0].cell_i/GEN_REG[0].GEN1.pcore_i/instr_dispatch2_i1/dina[3].  Re-placed instance soc_base_inst/ztachip_inst/core_i/GEN_CELL[0].cell_i/GEN_REG[0].GEN1.pcore_i/instr_dispatch2_i1/GEN2.altsyncram_i/xpm_memory_sdpram_inst_i_23__2
INFO: [Physopt 32-702] Processed net soc_base_inst/ztachip_inst/core_i/GEN_CELL[0].cell_i/GEN_REG[0].GEN1.pcore_i/register_bank_i/register_file_i/ram3_i/sync_latch_i/Q[54]. Optimizations did not improve timing on the net.
INFO: [Physopt 32-702] Processed net clk_wiz_inst/inst/clk_out6_clk_wiz_0. Optimizations did not improve timing on the net.
INFO: [Physopt 32-702] Processed net soc_base_inst/ztachip_inst/core_i/GEN_CELL[0].cell_i/GEN_REG[0].GEN1.pcore_i/register_bank_i/register_file_i/ram3_i/ram2_i/xpm_memory_sdpram_inst/xpm_memory_base_inst/doutb[54]. Optimizations did not improve timing on the net.
INFO: [Physopt 32-663] Processed net soc_base_inst/ztachip_inst/core_i/GEN_CELL[0].cell_i/GEN_REG[3].GEN1.pcore_i/register_bank_i/register_file_i/ram3_i/address2_r[3].  Re-placed instance soc_base_inst/ztachip_inst/core_i/GEN_CELL[0].cell_i/GEN_REG[3].GEN1.pcore_i/register_bank_i/register_file_i/ram3_i/address2_r_reg[3]
INFO: [Physopt 32-702] Processed net soc_base_inst/ztachip_inst/core_i/GEN_CELL[0].cell_i/GEN_REG[2].GEN1.pcore_i/register_bank_i/register_file_i/ram3_i/ram2_i/xpm_memory_sdpram_inst/xpm_memory_base_inst/doutb[119]. Optimizations did not improve timing on the net.
INFO: [Physopt 32-702] Processed net soc_base_inst/ztachip_inst/core_i/GEN_CELL[0].cell_i/GEN_REG[2].GEN1.pcore_i/register_bank_i/register_file_i/ram3_i/ram2_i/xpm_memory_sdpram_inst/xpm_memory_base_inst/gen_wr_a.gen_byte_narrow.for_mem_cols[1].mem_reg_128_255_119_119/DPO. Optimizations did not improve timing on the net.
INFO: [Physopt 32-608] Optimized 1 net.  Swapped 24 pins.
INFO: [Physopt 32-663] Processed net soc_base_inst/ztachip_inst/core_i/GEN_CELL[0].cell_i/GEN_REG[3].GEN1.pcore_i/register_bank_i/register_file_i/ram3_i/address2_r[4].  Re-placed instance soc_base_inst/ztachip_inst/core_i/GEN_CELL[0].cell_i/GEN_REG[3].GEN1.pcore_i/register_bank_i/register_file_i/ram3_i/address2_r_reg[4]
INFO: [Physopt 32-702] Processed net soc_base_inst/ztachip_inst/core_i/GEN_CELL[0].cell_i/GEN_REG[1].GEN1.pcore_i/register_bank_i/register_file_i2/ram3_i/ram2_i/xpm_memory_sdpram_inst/xpm_memory_base_inst/doutb[43]. Optimizations did not improve timing on the net.
INFO: [Physopt 32-702] Processed net soc_base_inst/ztachip_inst/core_i/GEN_CELL[0].cell_i/GEN_REG[1].GEN1.pcore_i/register_bank_i/register_file_i2/ram3_i/ram2_i/xpm_memory_sdpram_inst/xpm_memory_base_inst/gen_wr_a.gen_byte_narrow.for_mem_cols[1].mem_reg_128_255_43_43/DPO. Optimizations did not improve timing on the net.
INFO: [Physopt 32-608] Optimized 1 net.  Swapped 24 pins.
INFO: [Physopt 32-702] Processed net soc_base_inst/ztachip_inst/core_i/GEN_CELL[0].cell_i/GEN_REG[2].GEN1.pcore_i/register_bank_i/register_file_i/ram3_i/ram2_i/xpm_memory_sdpram_inst/xpm_memory_base_inst/doutb[35]. Optimizations did not improve timing on the net.
INFO: [Physopt 32-702] Processed net soc_base_inst/ztachip_inst/core_i/GEN_CELL[0].cell_i/GEN_REG[2].GEN1.pcore_i/register_bank_i/register_file_i/ram3_i/ram2_i/xpm_memory_sdpram_inst/xpm_memory_base_inst/gen_wr_a.gen_byte_narrow.for_mem_cols[1].mem_reg_128_255_35_35/DPO. Optimizations did not improve timing on the net.
INFO: [Physopt 32-608] Optimized 1 net.  Swapped 20 pins.
INFO: [Physopt 32-702] Processed net soc_base_inst/ztachip_inst/core_i/GEN_CELL[0].cell_i/GEN_REG[3].GEN1.pcore_i/register_bank_i/register_file_i/ram3_i/ram2_i/xpm_memory_sdpram_inst/xpm_memory_base_inst/doutb[102]. Optimizations did not improve timing on the net.
INFO: [Physopt 32-702] Processed net soc_base_inst/ztachip_inst/core_i/GEN_CELL[0].cell_i/GEN_REG[3].GEN1.pcore_i/register_bank_i/register_file_i/ram3_i/ram2_i/xpm_memory_sdpram_inst/xpm_memory_base_inst/gen_wr_a.gen_byte_narrow.for_mem_cols[1].mem_reg_128_255_102_102/DPO. Optimizations did not improve timing on the net.
INFO: [Physopt 32-608] Optimized 1 net.  Swapped 17 pins.
INFO: [Physopt 32-702] Processed net soc_base_inst/ztachip_inst/core_i/GEN_CELL[0].cell_i/GEN_REG[2].GEN1.pcore_i/register_bank_i/register_file_i2/ram3_i/ram2_i/xpm_memory_sdpram_inst/xpm_memory_base_inst/doutb[32]. Optimizations did not improve timing on the net.
INFO: [Physopt 32-702] Processed net soc_base_inst/ztachip_inst/core_i/GEN_CELL[0].cell_i/GEN_REG[2].GEN1.pcore_i/register_bank_i/register_file_i2/ram3_i/ram2_i/xpm_memory_sdpram_inst/xpm_memory_base_inst/gen_wr_a.gen_byte_narrow.for_mem_cols[1].mem_reg_0_127_32_32/DPO. Optimizations did not improve timing on the net.
INFO: [Physopt 32-702] Processed net soc_base_inst/ztachip_inst/core_i/GEN_CELL[0].cell_i/GEN_REG[2].GEN1.pcore_i/register_bank_i/register_file_i2/ram3_i/ram2_i/xpm_memory_sdpram_inst/xpm_memory_base_inst/gen_rd_b.gen_rd_b_synth_template.gen_nc_narrow_reg.doutb_reg_reg0[32]. Optimizations did not improve timing on the net.
INFO: [Physopt 32-81] Processed net soc_base_inst/ztachip_inst/core_i/GEN_CELL[0].cell_i/GEN_REG[2].GEN1.pcore_i/register_bank_i/register_file_i2/ram3_i/address_b[3]. Replicated 4 times.
INFO: [Physopt 32-702] Processed net soc_base_inst/ztachip_inst/core_i/GEN_CELL[0].cell_i/GEN_REG[2].GEN1.pcore_i/register_bank_i/register_file_i/ram3_i/ram2_i/xpm_memory_sdpram_inst/xpm_memory_base_inst/doutb[41]. Optimizations did not improve timing on the net.
INFO: [Physopt 32-702] Processed net soc_base_inst/ztachip_inst/core_i/GEN_CELL[0].cell_i/GEN_REG[2].GEN1.pcore_i/register_bank_i/register_file_i/ram3_i/ram2_i/xpm_memory_sdpram_inst/xpm_memory_base_inst/gen_wr_a.gen_byte_narrow.for_mem_cols[1].mem_reg_0_127_41_41/DPO. Optimizations did not improve timing on the net.
INFO: [Physopt 32-608] Optimized 1 net.  Swapped 16 pins.
INFO: [Physopt 32-702] Processed net soc_base_inst/ztachip_inst/core_i/GEN_CELL[0].cell_i/GEN_REG[2].GEN1.pcore_i/register_bank_i/register_file_i2/ram3_i/ram2_i/xpm_memory_sdpram_inst/xpm_memory_base_inst/doutb[105]. Optimizations did not improve timing on the net.
INFO: [Physopt 32-702] Processed net soc_base_inst/ztachip_inst/core_i/GEN_CELL[0].cell_i/GEN_REG[2].GEN1.pcore_i/register_bank_i/register_file_i2/ram3_i/ram2_i/xpm_memory_sdpram_inst/xpm_memory_base_inst/gen_wr_a.gen_byte_narrow.for_mem_cols[1].mem_reg_128_255_105_105/DPO. Optimizations did not improve timing on the net.
INFO: [Physopt 32-608] Optimized 1 net.  Swapped 24 pins.
INFO: [Physopt 32-702] Processed net soc_base_inst/ztachip_inst/core_i/GEN_CELL[0].cell_i/GEN_REG[2].GEN1.pcore_i/register_bank_i/register_file_i2/ram3_i/ram2_i/xpm_memory_sdpram_inst/xpm_memory_base_inst/doutb[104]. Optimizations did not improve timing on the net.
INFO: [Physopt 32-702] Processed net soc_base_inst/ztachip_inst/core_i/GEN_CELL[0].cell_i/GEN_REG[2].GEN1.pcore_i/register_bank_i/register_file_i2/ram3_i/ram2_i/xpm_memory_sdpram_inst/xpm_memory_base_inst/gen_wr_a.gen_byte_narrow.for_mem_cols[1].mem_reg_128_255_104_104/DPO. Optimizations did not improve timing on the net.
INFO: [Physopt 32-608] Optimized 1 net.  Swapped 24 pins.
INFO: [Physopt 32-608] Optimized 1 net.  Swapped 24 pins.
INFO: [Physopt 32-702] Processed net soc_base_inst/ztachip_inst/core_i/GEN_CELL[0].cell_i/GEN_REG[2].GEN1.pcore_i/register_bank_i/register_file_i/ram3_i/ram2_i/xpm_memory_sdpram_inst/xpm_memory_base_inst/doutb[34]. Optimizations did not improve timing on the net.
INFO: [Physopt 32-702] Processed net soc_base_inst/ztachip_inst/core_i/GEN_CELL[0].cell_i/GEN_REG[2].GEN1.pcore_i/register_bank_i/register_file_i/ram3_i/ram2_i/xpm_memory_sdpram_inst/xpm_memory_base_inst/gen_wr_a.gen_byte_narrow.for_mem_cols[1].mem_reg_0_127_34_34/DPO. Optimizations did not improve timing on the net.
INFO: [Physopt 32-608] Optimized 1 net.  Swapped 20 pins.
INFO: [Physopt 32-702] Processed net soc_base_inst/ztachip_inst/core_i/GEN_CELL[0].cell_i/GEN_REG[3].GEN1.pcore_i/instr_decoder2_i/x1_addr1[9]. Optimizations did not improve timing on the net.
INFO: [Physopt 32-710] Processed net soc_base_inst/ztachip_inst/core_i/GEN_CELL[0].cell_i/GEN_REG[1].GEN1.pcore_i/instr_decoder2_i/encode_mu_parm_3[6]. Critical path length was reduced through logic transformation on cell soc_base_inst/ztachip_inst/core_i/GEN_CELL[0].cell_i/GEN_REG[1].GEN1.pcore_i/instr_decoder2_i/mu_x1_addr1_r[9]_i_1__1_comp.
INFO: [Physopt 32-702] Processed net soc_base_inst/ztachip_inst/core_i/GEN_CELL[0].cell_i/GEN_REG[3].GEN1.pcore_i/instr_decoder2_i/x1_addr1[6]. Optimizations did not improve timing on the net.
INFO: [Physopt 32-710] Processed net soc_base_inst/ztachip_inst/core_i/GEN_CELL[0].cell_i/GEN_REG[1].GEN1.pcore_i/instr_decoder2_i/encode_mu_parm_3[3]. Critical path length was reduced through logic transformation on cell soc_base_inst/ztachip_inst/core_i/GEN_CELL[0].cell_i/GEN_REG[1].GEN1.pcore_i/instr_decoder2_i/mu_x1_addr1_r[6]_i_1__1_comp.
INFO: [Physopt 32-663] Processed net soc_base_inst/ztachip_inst/core_i/GEN_CELL[0].cell_i/GEN_REG[1].GEN1.pcore_i/instr_decoder2_i/GEN_REG[3].GEN1.pcore_i/instr_decoder2_i/sum_v9_in[9].  Re-placed instance soc_base_inst/ztachip_inst/core_i/GEN_CELL[0].cell_i/GEN_REG[1].GEN1.pcore_i/instr_decoder2_i/mu_x1_addr1_r[9]_i_2__1
INFO: [Physopt 32-702] Processed net soc_base_inst/ztachip_inst/core_i/GEN_CELL[0].cell_i/GEN_REG[3].GEN1.pcore_i/instr_decoder2_i/addr_v111_out[9]. Optimizations did not improve timing on the net.
INFO: [Physopt 32-702] Processed net soc_base_inst/ztachip_inst/core_i/GEN_CELL[0].cell_i/GEN_REG[3].GEN1.pcore_i/instr_decoder2_i/i___254_i_2__0_n_0. Optimizations did not improve timing on the net.
INFO: [Physopt 32-702] Processed net soc_base_inst/ztachip_inst/core_i/GEN_CELL[0].cell_i/GEN_REG[1].GEN1.pcore_i/instr_decoder2_i/instruction_mu_r_reg[50]_5[3]. Optimizations did not improve timing on the net.
INFO: [Physopt 32-702] Processed net soc_base_inst/ztachip_inst/core_i/GEN_CELL[0].cell_i/GEN_REG[1].GEN1.pcore_i/instr_decoder2_i/GEN_REG[3].GEN1.pcore_i/instr_decoder2_i/sum_v014_out[7]. Optimizations did not improve timing on the net.
INFO: [Physopt 32-663] Processed net soc_base_inst/ztachip_inst/core_i/GEN_CELL[0].cell_i/GEN_REG[1].GEN1.pcore_i/instr_decoder2_i/GEN_REG[3].GEN1.pcore_i/instr_decoder2_i/i0_in13_in[6].  Re-placed instance soc_base_inst/ztachip_inst/core_i/GEN_CELL[0].cell_i/GEN_REG[1].GEN1.pcore_i/instr_decoder2_i/i___254_i_14__0
INFO: [Physopt 32-663] Processed net soc_base_inst/ztachip_inst/dp_1_i/dp0_i/dp_gen_core_i/dp_gen_primary_i/Q[4].  Re-placed instance soc_base_inst/ztachip_inst/dp_1_i/dp0_i/dp_gen_core_i/dp_gen_primary_i/burst_min_v_reg[4]
INFO: [Physopt 32-663] Processed net soc_base_inst/ztachip_inst/dp_1_i/dp0_i/dp_gen_core_i/dp_gen_primary_i/Q[5].  Re-placed instance soc_base_inst/ztachip_inst/dp_1_i/dp0_i/dp_gen_core_i/dp_gen_primary_i/burst_min_v_reg[5]
INFO: [Physopt 32-663] Processed net soc_base_inst/ztachip_inst/dp_1_i/dp0_i/dp_gen_core_i/dp_gen_primary_i/Q[9].  Re-placed instance soc_base_inst/ztachip_inst/dp_1_i/dp0_i/dp_gen_core_i/dp_gen_primary_i/burst_min_v_reg[9]
INFO: [Common 17-14] Message 'Physopt 32-663' appears 100 times and further instances of the messages will be disabled. Use the Tcl command set_msg_config to change the current settings.
INFO: [Physopt 32-702] Processed net soc_base_inst/ztachip_inst/dp_1_i/dp0_i/dp_sink3_i/read_pending_p0_r_reg[2]_0. Optimizations did not improve timing on the net.
INFO: [Physopt 32-702] Processed net soc_base_inst/ztachip_inst/dp_1_i/dp0_i/dp_gen_core_i/dp_gen_primary_i/req_p0_2_r_reg[0]_2[0]. Optimizations did not improve timing on the net.
INFO: [Physopt 32-710] Processed net soc_base_inst/ztachip_inst/dp_1_i/dp0_i/dp_gen_core_i/dp_gen_primary_i/req_p0_2_r_reg[0]_2[0]. Critical path length was reduced through logic transformation on cell soc_base_inst/ztachip_inst/dp_1_i/dp0_i/dp_gen_core_i/dp_gen_primary_i/i__carry_i_3__25_comp.
INFO: [Physopt 32-702] Processed net soc_base_inst/ztachip_inst/dp_1_i/dp0_i/dp_sink2_i/read_pending_p0_r_reg[2]_0. Optimizations did not improve timing on the net.
INFO: [Physopt 32-702] Processed net soc_base_inst/ztachip_inst/dp_1_i/dp0_i/dp_gen_core_i/dp_gen_primary_i/req_p0_2_r_reg[0]_8[0]. Optimizations did not improve timing on the net.
INFO: [Physopt 32-702] Processed net soc_base_inst/axi_split_dbus_i/GEN2.axi_split_write_i/pending_resp_fifo/full_r_0. Optimizations did not improve timing on the net.
INFO: [Physopt 32-702] Processed net soc_base_inst/axi_split_dbus_i/GEN2.axi_split_write_i/pending_data_fifo/waddr_r_reg[3]_0. Optimizations did not improve timing on the net.
INFO: [Physopt 32-702] Processed net soc_base_inst/axi_split_dbus_i/GEN2.axi_split_write_i/pending_data_fifo/full_r_i_7__11_n_0. Optimizations did not improve timing on the net.
INFO: [Physopt 32-81] Processed net soc_base_inst/axi_split_dbus_i/GEN2.axi_split_write_i/pending_resp_fifo/ram_i/addrb[3]. Replicated 2 times.
INFO: [Physopt 32-702] Processed net soc_base_inst/axi_split_dbus_i/GEN2.axi_split_write_i/pending_resp_fifo/ram_i/xpm_memory_sdpram_inst/xpm_memory_base_inst/doutb[0]. Optimizations did not improve timing on the net.
INFO: [Physopt 32-702] Processed net soc_base_inst/cpu_inst/system_cpu/dataCache_1/stageB_dataReadRsp_0[16]. Optimizations did not improve timing on the net.
INFO: [Physopt 32-710] Processed net soc_base_inst/cpu_inst/system_cpu/dataCache_1/ways_0_tags_reg_i_1__0_n_0. Critical path length was reduced through logic transformation on cell soc_base_inst/cpu_inst/system_cpu/dataCache_1/ways_0_tags_reg_i_1__0_comp.
INFO: [Physopt 32-702] Processed net soc_base_inst/axi_split_dbus_i/GEN2.axi_split_write_i/pending_data_fifo/waddr_r_reg[7]_0. Optimizations did not improve timing on the net.
INFO: [Physopt 32-608] Optimized 1 net.  Swapped 18 pins.
INFO: [Physopt 32-702] Processed net soc_base_inst/axi_merge_inst/axi_merge_read_i/pend_master_fifo_i/full_out. Optimizations did not improve timing on the net.
INFO: [Physopt 32-608] Optimized 1 net.  Swapped 22 pins.
INFO: [Physopt 32-702] Processed net soc_base_inst/ztachip_inst/core_i/GEN_CELL[0].cell_i/GEN_REG[2].GEN1.pcore_i/register_bank_i/register_file_i/ram3_i/ram2_i/xpm_memory_sdpram_inst/xpm_memory_base_inst/doutb[97]. Optimizations did not improve timing on the net.
INFO: [Physopt 32-702] Processed net clk_wiz_inst/inst/clk_out5_clk_wiz_0. Optimizations did not improve timing on the net.
INFO: [Physopt 32-702] Processed net soc_base_inst/ztachip_inst/core_i/GEN_CELL[0].cell_i/GEN_REG[2].GEN1.pcore_i/register_bank_i/register_file_i/ram3_i/ram2_i/xpm_memory_sdpram_inst/xpm_memory_base_inst/gen_wr_a.gen_byte_narrow.for_mem_cols[1].mem_reg_128_255_97_97/DPO. Optimizations did not improve timing on the net.
INFO: [Physopt 32-702] Processed net soc_base_inst/ztachip_inst/core_i/GEN_CELL[0].cell_i/GEN_REG[2].GEN1.pcore_i/register_bank_i/register_file_i/ram3_i/ram2_i/xpm_memory_sdpram_inst/xpm_memory_base_inst/gen_rd_b.gen_rd_b_synth_template.gen_nc_narrow_reg.doutb_reg_reg0[97]. Optimizations did not improve timing on the net.
INFO: [Physopt 32-702] Processed net soc_base_inst/ztachip_inst/core_i/GEN_CELL[0].cell_i/GEN_REG[2].GEN1.pcore_i/register_bank_i/register_file_i/ram3_i/address_b[0]. Optimizations did not improve timing on the net.
INFO: [Physopt 32-702] Processed net soc_base_inst/ztachip_inst/core_i/GEN_CELL[0].cell_i/GEN_REG[2].GEN1.pcore_i/register_bank_i/register_file_i/ram3_i/ram2_i/xpm_memory_sdpram_inst/xpm_memory_base_inst/gen_wr_a.gen_byte_narrow.for_mem_cols[1].mem_reg_128_255_97_97/DPO1. Optimizations did not improve timing on the net.
INFO: [Physopt 32-702] Processed net soc_base_inst/ztachip_inst/core_i/GEN_CELL[0].cell_i/GEN_REG[0].GEN1.pcore_i/register_bank_i/register_file_i/ram3_i/sync_latch_i/Q[54]. Optimizations did not improve timing on the net.
INFO: [Physopt 32-702] Processed net clk_wiz_inst/inst/clk_out6_clk_wiz_0. Optimizations did not improve timing on the net.
INFO: [Physopt 32-702] Processed net soc_base_inst/ztachip_inst/core_i/GEN_CELL[0].cell_i/GEN_REG[0].GEN1.pcore_i/register_bank_i/register_file_i/ram3_i/ram2_i/xpm_memory_sdpram_inst/xpm_memory_base_inst/doutb[54]. Optimizations did not improve timing on the net.
INFO: [Physopt 32-702] Processed net soc_base_inst/ztachip_inst/core_i/GEN_CELL[0].cell_i/GEN_REG[2].GEN1.pcore_i/register_bank_i/register_file_i/ram3_i/ram2_i/xpm_memory_sdpram_inst/xpm_memory_base_inst/doutb[19]. Optimizations did not improve timing on the net.
INFO: [Physopt 32-702] Processed net soc_base_inst/ztachip_inst/core_i/GEN_CELL[0].cell_i/GEN_REG[2].GEN1.pcore_i/register_bank_i/register_file_i/ram3_i/ram2_i/xpm_memory_sdpram_inst/xpm_memory_base_inst/gen_wr_a.gen_byte_narrow.for_mem_cols[1].mem_reg_128_255_19_19/DPO. Optimizations did not improve timing on the net.
INFO: [Physopt 32-608] Optimized 1 net.  Swapped 6 pins.
INFO: [Physopt 32-702] Processed net soc_base_inst/ztachip_inst/core_i/GEN_CELL[0].cell_i/GEN_REG[2].GEN1.pcore_i/register_bank_i/register_file_i/ram3_i/ram2_i/xpm_memory_sdpram_inst/xpm_memory_base_inst/doutb[18]. Optimizations did not improve timing on the net.
INFO: [Physopt 32-702] Processed net soc_base_inst/ztachip_inst/core_i/GEN_CELL[0].cell_i/GEN_REG[2].GEN1.pcore_i/register_bank_i/register_file_i/ram3_i/ram2_i/xpm_memory_sdpram_inst/xpm_memory_base_inst/gen_wr_a.gen_byte_narrow.for_mem_cols[1].mem_reg_128_255_18_18/DPO. Optimizations did not improve timing on the net.
INFO: [Physopt 32-608] Optimized 1 net.  Swapped 6 pins.
INFO: [Physopt 32-608] Optimized 1 net.  Swapped 6 pins.
INFO: [Physopt 32-608] Optimized 1 net.  Swapped 6 pins.
INFO: [Physopt 32-608] Optimized 1 net.  Swapped 6 pins.
INFO: [Physopt 32-608] Optimized 1 net.  Swapped 6 pins.
INFO: [Physopt 32-608] Optimized 1 net.  Swapped 6 pins.
INFO: [Common 17-14] Message 'Physopt 32-608' appears 100 times and further instances of the messages will be disabled. Use the Tcl command set_msg_config to change the current settings.
INFO: [Physopt 32-702] Processed net soc_base_inst/ztachip_inst/core_i/GEN_CELL[0].cell_i/GEN_REG[1].GEN1.pcore_i/register_bank_i/register_file_i2/ram3_i/ram2_i/xpm_memory_sdpram_inst/xpm_memory_base_inst/doutb[46]. Optimizations did not improve timing on the net.
INFO: [Physopt 32-702] Processed net soc_base_inst/ztachip_inst/core_i/GEN_CELL[0].cell_i/GEN_REG[1].GEN1.pcore_i/register_bank_i/register_file_i2/ram3_i/ram2_i/xpm_memory_sdpram_inst/xpm_memory_base_inst/gen_wr_a.gen_byte_narrow.for_mem_cols[1].mem_reg_0_127_46_46/DPO. Optimizations did not improve timing on the net.
INFO: [Physopt 32-702] Processed net soc_base_inst/ztachip_inst/core_i/GEN_CELL[0].cell_i/GEN_REG[1].GEN1.pcore_i/register_bank_i/register_file_i2/ram3_i/ram2_i/xpm_memory_sdpram_inst/xpm_memory_base_inst/doutb[47]. Optimizations did not improve timing on the net.
INFO: [Physopt 32-702] Processed net soc_base_inst/ztachip_inst/core_i/GEN_CELL[0].cell_i/GEN_REG[1].GEN1.pcore_i/register_bank_i/register_file_i2/ram3_i/ram2_i/xpm_memory_sdpram_inst/xpm_memory_base_inst/gen_wr_a.gen_byte_narrow.for_mem_cols[1].mem_reg_128_255_47_47/DPO. Optimizations did not improve timing on the net.
INFO: [Physopt 32-702] Processed net soc_base_inst/axi_split_ibus_i/GEN1.axi_split_read_i/pending_fifo/full_r_reg_0. Optimizations did not improve timing on the net.
INFO: [Physopt 32-702] Processed net soc_base_inst/cpu_inst/system_cpu/execute_to_memory_REGFILE_WRITE_DATA[21]. Optimizations did not improve timing on the net.
INFO: [Physopt 32-702] Processed net soc_base_inst/ztachip_inst/GEN1.fpu_i/falu_core_i/B_r[27]. Optimizations did not improve timing on the net.
INFO: [Physopt 32-702] Processed net soc_base_inst/axi_split_dbus_i/GEN2.axi_split_write_i/pending_resp_fifo/ram_i/xpm_memory_sdpram_inst/xpm_memory_base_inst/doutb[1]. Optimizations did not improve timing on the net.
INFO: [Physopt 32-702] Processed net soc_base_inst/axi_split_dbus_i/GEN2.axi_split_write_i/pending_resp_fifo/ram_i/xpm_memory_sdpram_inst/xpm_memory_base_inst/doutb[4]. Optimizations did not improve timing on the net.
INFO: [Physopt 32-702] Processed net soc_base_inst/axi_split_dbus_i/GEN2.axi_split_write_i/pending_resp_fifo/ram_i/xpm_memory_sdpram_inst/xpm_memory_base_inst/gen_rd_b.gen_rd_b_synth_template.gen_nc_narrow_reg.doutb_reg_reg0[4]. Optimizations did not improve timing on the net.
INFO: [Physopt 32-702] Processed net soc_base_inst/axi_split_dbus_i/GEN2.axi_split_write_i/pending_resp_fifo/ram_i/addrb[5]. Optimizations did not improve timing on the net.
INFO: [Physopt 32-702] Processed net soc_base_inst/ztachip_inst/dp_1_i/dp0_i/dp_sink3_i/read_pending_p1_r_reg[2]_0. Optimizations did not improve timing on the net.
INFO: [Physopt 32-702] Processed net soc_base_inst/ztachip_inst/dp_1_i/dp0_i/dp_gen_core_i/dp_gen_primary_i/req_p1_2_r_reg[0]_2[0]. Optimizations did not improve timing on the net.
INFO: [Physopt 32-702] Processed net soc_base_inst/axi_merge_inst/axi_merge_read_i/slave_i0/GEN2.slave_resp_fifo/ram_i/xpm_memory_sdpram_inst/xpm_memory_base_inst/doutb[104]. Optimizations did not improve timing on the net.
INFO: [Physopt 32-702] Processed net soc_base_inst/axi_merge_inst/axi_merge_read_i/slave_i0/slave_cmd_pend_fifo/ram_i/full_r_reg. Optimizations did not improve timing on the net.
INFO: [Physopt 32-702] Processed net soc_base_inst/axi_merge_inst/axi_merge_read_i/slave_i0/slave_cmd_pend_fifo/ram_i/step_r_reg_6_sn_1. Optimizations did not improve timing on the net.
INFO: [Physopt 32-702] Processed net soc_base_inst/axi_merge_inst/axi_merge_read_i/slave_i0/slave_cmd_pend_fifo/ram_i/xpm_memory_sdpram_inst_i_11__31_n_0. Optimizations did not improve timing on the net.
Netlist sorting complete. Time (s): cpu = 00:00:00.1 ; elapsed = 00:00:00.11 . Memory (MB): peak = 4088.227 ; gain = 0.000 ; free physical = 32002 ; free virtual = 48546
Phase 4 Critical Path Optimization | Checksum: ac537792

Time (s): cpu = 00:04:52 ; elapsed = 00:01:29 . Memory (MB): peak = 4088.227 ; gain = 0.000 ; free physical = 32006 ; free virtual = 48550
Netlist sorting complete. Time (s): cpu = 00:00:00.01 ; elapsed = 00:00:00.01 . Memory (MB): peak = 4088.227 ; gain = 0.000 ; free physical = 32006 ; free virtual = 48550
INFO: [Physopt 32-603] Post Physical Optimization Timing Summary | WNS=-1.488 | TNS=-4034.845 |

Summary of Physical Synthesis Optimizations
============================================


-------------------------------------------------------------------------------------------------------------------------------------------------------------
|  Optimization   |  WNS Gain (ns)  |  TNS Gain (ns)  |  Added Cells  |  Removed Cells  |  Optimized Cells/Nets  |  Dont Touch  |  Iterations  |  Elapsed   |
-------------------------------------------------------------------------------------------------------------------------------------------------------------
|  DSP Register   |          0.000  |          0.000  |            0  |              0  |                     0  |           0  |           1  |  00:00:00  |
|  Critical Path  |          0.529  |       1062.911  |           80  |              0  |                   311  |           0  |           2  |  00:01:21  |
|  Total          |          0.529  |       1062.911  |           80  |              0  |                   311  |           0  |           3  |  00:01:22  |
-------------------------------------------------------------------------------------------------------------------------------------------------------------


Netlist sorting complete. Time (s): cpu = 00:00:00.01 ; elapsed = 00:00:00.01 . Memory (MB): peak = 4088.227 ; gain = 0.000 ; free physical = 32048 ; free virtual = 48592
Ending Physical Synthesis Task | Checksum: 17a3c4440

Time (s): cpu = 00:04:53 ; elapsed = 00:01:29 . Memory (MB): peak = 4088.227 ; gain = 0.000 ; free physical = 32036 ; free virtual = 48580
INFO: [Common 17-83] Releasing license: Implementation
981 Infos, 35 Warnings, 1 Critical Warnings and 0 Errors encountered.
phys_opt_design completed successfully
phys_opt_design: Time (s): cpu = 00:05:29 ; elapsed = 00:01:36 . Memory (MB): peak = 4088.227 ; gain = 0.000 ; free physical = 32034 ; free virtual = 48578
INFO: [Timing 38-480] Writing timing data to binary archive.
Write ShapeDB Complete: Time (s): cpu = 00:00:00.57 ; elapsed = 00:00:00.12 . Memory (MB): peak = 4088.227 ; gain = 0.000 ; free physical = 31967 ; free virtual = 48533
Wrote PlaceDB: Time (s): cpu = 00:00:07 ; elapsed = 00:00:03 . Memory (MB): peak = 4088.227 ; gain = 0.000 ; free physical = 31663 ; free virtual = 48323
Wrote PulsedLatchDB: Time (s): cpu = 00:00:00 ; elapsed = 00:00:00 . Memory (MB): peak = 4088.227 ; gain = 0.000 ; free physical = 31663 ; free virtual = 48323
Writing XDEF routing.
Writing XDEF routing logical nets.
Writing XDEF routing special nets.
Wrote RouteStorage: Time (s): cpu = 00:00:00.13 ; elapsed = 00:00:00.09 . Memory (MB): peak = 4088.227 ; gain = 0.000 ; free physical = 31660 ; free virtual = 48321
Wrote Netlist Cache: Time (s): cpu = 00:00:00.06 ; elapsed = 00:00:00.07 . Memory (MB): peak = 4088.227 ; gain = 0.000 ; free physical = 31644 ; free virtual = 48314
Wrote Device Cache: Time (s): cpu = 00:00:00 ; elapsed = 00:00:00 . Memory (MB): peak = 4088.227 ; gain = 0.000 ; free physical = 31640 ; free virtual = 48310
Write Physdb Complete: Time (s): cpu = 00:00:07 ; elapsed = 00:00:03 . Memory (MB): peak = 4088.227 ; gain = 0.000 ; free physical = 31640 ; free virtual = 48310
INFO: [Common 17-1381] The checkpoint '/media/tsmc/6a3f28f3-1a75-4d55-baf2-a6aa8be84a59/kwc/100t/ztachip/HW/examples/GHRD/ztachip.runs/impl_1/main_physopt.dcp' has been generated.
Command: route_design
Attempting to get a license for feature 'Implementation' and/or device 'xc7a100t'
INFO: [Common 17-349] Got license for feature 'Implementation' and/or device 'xc7a100t'
INFO: [DRC 23-27] Running DRC with 8 threads
INFO: [Vivado_Tcl 4-198] DRC finished with 0 Errors
INFO: [Vivado_Tcl 4-199] Please refer to the DRC report (report_drc) for more information.


Starting Routing Task
INFO: [Route 35-254] Multithreading enabled for route_design using a maximum of 8 CPUs

Phase 1 Build RT Design
Checksum: PlaceDB: 8a7b8c71 ConstDB: 0 ShapeSum: 2d0ec834 RouteDB: b1d25f96
Post Restoration Checksum: NetGraph: 2bfe6f26 | NumContArr: 6d2d2425 | Constraints: c2a8fa9d | Timing: c2a8fa9d
Phase 1 Build RT Design | Checksum: 21e7d8885

Time (s): cpu = 00:00:34 ; elapsed = 00:00:17 . Memory (MB): peak = 4088.227 ; gain = 0.000 ; free physical = 32143 ; free virtual = 48670

Phase 2 Router Initialization

Phase 2.1 Fix Topology Constraints
Phase 2.1 Fix Topology Constraints | Checksum: 21e7d8885

Time (s): cpu = 00:00:35 ; elapsed = 00:00:17 . Memory (MB): peak = 4088.227 ; gain = 0.000 ; free physical = 32134 ; free virtual = 48661

Phase 2.2 Pre Route Cleanup
Phase 2.2 Pre Route Cleanup | Checksum: 21e7d8885

Time (s): cpu = 00:00:35 ; elapsed = 00:00:17 . Memory (MB): peak = 4088.227 ; gain = 0.000 ; free physical = 32145 ; free virtual = 48672

Phase 2.3 Update Timing
Phase 2.3 Update Timing | Checksum: 1f2dddbb8

Time (s): cpu = 00:01:20 ; elapsed = 00:00:28 . Memory (MB): peak = 4088.227 ; gain = 0.000 ; free physical = 32144 ; free virtual = 48672
INFO: [Route 35-416] Intermediate Timing Summary | WNS=-1.471 | TNS=-2706.269| WHS=-1.351 | THS=-6918.354|


Phase 2.4 Update Timing for Bus Skew

Phase 2.4.1 Update Timing
Phase 2.4.1 Update Timing | Checksum: 1f5cd52c4

Time (s): cpu = 00:02:17 ; elapsed = 00:00:40 . Memory (MB): peak = 4088.227 ; gain = 0.000 ; free physical = 32233 ; free virtual = 48762
INFO: [Route 35-416] Intermediate Timing Summary | WNS=-1.471 | TNS=-3997.294| WHS=-2.176 | THS=-1942.220|

Phase 2.4 Update Timing for Bus Skew | Checksum: 188e49e34

Time (s): cpu = 00:02:17 ; elapsed = 00:00:41 . Memory (MB): peak = 4088.227 ; gain = 0.000 ; free physical = 32235 ; free virtual = 48765

Phase 2.5 Soft Constraint Pins - Fast Budgeting
Phase 2.5 Soft Constraint Pins - Fast Budgeting | Checksum: 188e49e34

Time (s): cpu = 00:02:17 ; elapsed = 00:00:41 . Memory (MB): peak = 4088.227 ; gain = 0.000 ; free physical = 32244 ; free virtual = 48773

Router Utilization Summary
  Global Vertical Routing Utilization    = 0.00322061 %
  Global Horizontal Routing Utilization  = 0.00262859 %
  Routable Net Status*
  *Does not include unroutable nets such as driverless and loadless.
  Run report_route_status for detailed report.
  Number of Failed Nets               = 103783
    (Failed Nets is the sum of unrouted and partially routed nets)
  Number of Unrouted Nets             = 103782
  Number of Partially Routed Nets     = 1
  Number of Node Overlaps             = 32

Phase 2 Router Initialization | Checksum: 105762dec

Time (s): cpu = 00:02:18 ; elapsed = 00:00:41 . Memory (MB): peak = 4088.227 ; gain = 0.000 ; free physical = 32266 ; free virtual = 48795

Phase 3 Global Routing
Phase 3 Global Routing | Checksum: 105762dec

Time (s): cpu = 00:02:19 ; elapsed = 00:00:41 . Memory (MB): peak = 4088.227 ; gain = 0.000 ; free physical = 32261 ; free virtual = 48791

Phase 4 Initial Routing

Phase 4.1 Initial Net Routing Pass
Phase 4.1 Initial Net Routing Pass | Checksum: 141ce381b

Time (s): cpu = 00:03:58 ; elapsed = 00:01:19 . Memory (MB): peak = 6627.230 ; gain = 2539.004 ; free physical = 29519 ; free virtual = 46042
Phase 4 Initial Routing | Checksum: 141ce381b

Time (s): cpu = 00:03:58 ; elapsed = 00:01:19 . Memory (MB): peak = 6627.230 ; gain = 2539.004 ; free physical = 29509 ; free virtual = 46032
INFO: [Route 35-580] Design has 1373 pins with tight setup and hold constraints.

The top 5 pins with tight setup and hold constraints:

+====================+====================+================================================================================================================================================================================================================================================+
| Launch Setup Clock | Launch Hold Clock  | Pin                                                                                                                                                                                                                                            |
+====================+====================+================================================================================================================================================================================================================================================+
| clk_out5_clk_wiz_0 | clk_out5_clk_wiz_0 | soc_base_inst/ztachip_inst/core_i/GEN_CELL[0].cell_i/GEN_REG[1].GEN1.pcore_i/register_bank_i/register_file_i2/ram3_i/ram2_i/xpm_memory_sdpram_inst/xpm_memory_base_inst/gen_rd_b.gen_rd_b_synth_template.gen_nc_narrow_reg.doutb_reg_reg[55]/D |
| clk_out5_clk_wiz_0 | clk_out5_clk_wiz_0 | soc_base_inst/ztachip_inst/core_i/GEN_CELL[0].cell_i/GEN_REG[2].GEN1.pcore_i/register_bank_i/register_file_i2/ram3_i/ram2_i/xpm_memory_sdpram_inst/xpm_memory_base_inst/gen_rd_b.gen_rd_b_synth_template.gen_nc_narrow_reg.doutb_reg_reg[83]/D |
| clk_out5_clk_wiz_0 | clk_out5_clk_wiz_0 | soc_base_inst/ztachip_inst/core_i/GEN_CELL[0].cell_i/GEN_REG[2].GEN1.pcore_i/register_bank_i/register_file_i2/ram3_i/ram2_i/xpm_memory_sdpram_inst/xpm_memory_base_inst/gen_rd_b.gen_rd_b_synth_template.gen_nc_narrow_reg.doutb_reg_reg[81]/D |
| clk_out5_clk_wiz_0 | clk_out5_clk_wiz_0 | soc_base_inst/ztachip_inst/core_i/GEN_CELL[0].cell_i/GEN_REG[2].GEN1.pcore_i/register_bank_i/register_file_i2/ram3_i/ram2_i/xpm_memory_sdpram_inst/xpm_memory_base_inst/gen_rd_b.gen_rd_b_synth_template.gen_nc_narrow_reg.doutb_reg_reg[80]/D |
| clk_out5_clk_wiz_0 | clk_out5_clk_wiz_0 | soc_base_inst/ztachip_inst/core_i/GEN_CELL[0].cell_i/GEN_REG[1].GEN1.pcore_i/register_bank_i/register_file_i2/ram3_i/ram2_i/xpm_memory_sdpram_inst/xpm_memory_base_inst/gen_rd_b.gen_rd_b_synth_template.gen_nc_narrow_reg.doutb_reg_reg[81]/D |
+--------------------+--------------------+------------------------------------------------------------------------------------------------------------------------------------------------------------------------------------------------------------------------------------------------+

File with complete list of pins: tight_setup_hold_pins.txt


Phase 5 Rip-up And Reroute

Phase 5.1 Global Iteration 0
 Number of Nodes with overlaps = 22275
 Number of Nodes with overlaps = 2075
 Number of Nodes with overlaps = 480
 Number of Nodes with overlaps = 131
 Number of Nodes with overlaps = 23
 Number of Nodes with overlaps = 6
 Number of Nodes with overlaps = 0
INFO: [Route 35-416] Intermediate Timing Summary | WNS=-2.533 | TNS=-15633.478| WHS=N/A    | THS=N/A    |

Phase 5.1 Global Iteration 0 | Checksum: 27f5cf20d

Time (s): cpu = 00:09:10 ; elapsed = 00:03:12 . Memory (MB): peak = 6627.230 ; gain = 2539.004 ; free physical = 29455 ; free virtual = 45978

Phase 5.2 Global Iteration 1
 Number of Nodes with overlaps = 686
 Number of Nodes with overlaps = 142
 Number of Nodes with overlaps = 59
 Number of Nodes with overlaps = 21
 Number of Nodes with overlaps = 6
 Number of Nodes with overlaps = 0
INFO: [Route 35-416] Intermediate Timing Summary | WNS=-1.864 | TNS=-15046.135| WHS=N/A    | THS=N/A    |

Phase 5.2 Global Iteration 1 | Checksum: 239e6ca8d

Time (s): cpu = 00:09:46 ; elapsed = 00:03:27 . Memory (MB): peak = 6627.230 ; gain = 2539.004 ; free physical = 29744 ; free virtual = 46269

Phase 5.3 Global Iteration 2
 Number of Nodes with overlaps = 880
 Number of Nodes with overlaps = 188
 Number of Nodes with overlaps = 65
 Number of Nodes with overlaps = 44
 Number of Nodes with overlaps = 10
 Number of Nodes with overlaps = 3
 Number of Nodes with overlaps = 0
INFO: [Route 35-416] Intermediate Timing Summary | WNS=-1.774 | TNS=-14256.447| WHS=N/A    | THS=N/A    |

Phase 5.3 Global Iteration 2 | Checksum: 2194a7acf

Time (s): cpu = 00:10:35 ; elapsed = 00:03:50 . Memory (MB): peak = 6627.230 ; gain = 2539.004 ; free physical = 29134 ; free virtual = 45661

Phase 5.4 Global Iteration 3
 Number of Nodes with overlaps = 637
 Number of Nodes with overlaps = 165
 Number of Nodes with overlaps = 112
 Number of Nodes with overlaps = 42
 Number of Nodes with overlaps = 14
 Number of Nodes with overlaps = 5
 Number of Nodes with overlaps = 2
 Number of Nodes with overlaps = 0
INFO: [Route 35-416] Intermediate Timing Summary | WNS=-1.735 | TNS=-13957.143| WHS=N/A    | THS=N/A    |

Phase 5.4 Global Iteration 3 | Checksum: 1cd47fa55

Time (s): cpu = 00:11:26 ; elapsed = 00:04:14 . Memory (MB): peak = 6627.230 ; gain = 2539.004 ; free physical = 28776 ; free virtual = 45305

Phase 5.5 Global Iteration 4
 Number of Nodes with overlaps = 341
 Number of Nodes with overlaps = 74
 Number of Nodes with overlaps = 35
 Number of Nodes with overlaps = 12
 Number of Nodes with overlaps = 4
 Number of Nodes with overlaps = 2
 Number of Nodes with overlaps = 1
 Number of Nodes with overlaps = 1
 Number of Nodes with overlaps = 0
INFO: [Route 35-416] Intermediate Timing Summary | WNS=-1.690 | TNS=-13515.037| WHS=N/A    | THS=N/A    |

Phase 5.5 Global Iteration 4 | Checksum: 1e728686f

Time (s): cpu = 00:11:56 ; elapsed = 00:04:30 . Memory (MB): peak = 6627.230 ; gain = 2539.004 ; free physical = 29111 ; free virtual = 45641
Phase 5 Rip-up And Reroute | Checksum: 1e728686f

Time (s): cpu = 00:11:56 ; elapsed = 00:04:30 . Memory (MB): peak = 6627.230 ; gain = 2539.004 ; free physical = 29107 ; free virtual = 45638

Phase 6 Delay and Skew Optimization

Phase 6.1 Delay CleanUp

Phase 6.1.1 Update Timing
Phase 6.1.1 Update Timing | Checksum: 1a9008d2e

Time (s): cpu = 00:12:12 ; elapsed = 00:04:33 . Memory (MB): peak = 6627.230 ; gain = 2539.004 ; free physical = 28998 ; free virtual = 45529
INFO: [Route 35-416] Intermediate Timing Summary | WNS=-1.690 | TNS=-13390.743| WHS=N/A    | THS=N/A    |

 Number of Nodes with overlaps = 0
Phase 6.1 Delay CleanUp | Checksum: 2d3fae56f

Time (s): cpu = 00:12:16 ; elapsed = 00:04:34 . Memory (MB): peak = 6627.230 ; gain = 2539.004 ; free physical = 28979 ; free virtual = 45509

Phase 6.2 Clock Skew Optimization
Phase 6.2 Clock Skew Optimization | Checksum: 2d3fae56f

Time (s): cpu = 00:12:16 ; elapsed = 00:04:34 . Memory (MB): peak = 6627.230 ; gain = 2539.004 ; free physical = 29009 ; free virtual = 45540
Phase 6 Delay and Skew Optimization | Checksum: 2d3fae56f

Time (s): cpu = 00:12:17 ; elapsed = 00:04:34 . Memory (MB): peak = 6627.230 ; gain = 2539.004 ; free physical = 29012 ; free virtual = 45543

Phase 7 Post Hold Fix

Phase 7.1 Hold Fix Iter
INFO: [Route 35-416] Intermediate Timing Summary | WNS=-1.690 | TNS=-13359.614| WHS=-0.226 | THS=-14.592|


Phase 7.1.1 Lut RouteThru Assignment for hold
Phase 7.1.1 Lut RouteThru Assignment for hold | Checksum: 21de7f1d2

Time (s): cpu = 00:17:24 ; elapsed = 00:06:54 . Memory (MB): peak = 10123.230 ; gain = 6035.004 ; free physical = 26641 ; free virtual = 43164
Phase 7.1 Hold Fix Iter | Checksum: 21de7f1d2

Time (s): cpu = 00:17:24 ; elapsed = 00:06:54 . Memory (MB): peak = 10123.230 ; gain = 6035.004 ; free physical = 26650 ; free virtual = 43173

Phase 7.2 Additional Hold Fix
INFO: [Route 35-416] Intermediate Timing Summary | WNS=-1.690 | TNS=-13443.963| WHS=-0.153 | THS=-5.391 |

Phase 7.2 Additional Hold Fix | Checksum: 23664f450

Time (s): cpu = 00:19:22 ; elapsed = 00:07:27 . Memory (MB): peak = 10123.230 ; gain = 6035.004 ; free physical = 26014 ; free virtual = 42540

Phase 7.3 Non Free Resource Hold Fix Iter
 Number of Nodes with overlaps = 178
 Number of Nodes with overlaps = 310
 Number of Nodes with overlaps = 172
 Number of Nodes with overlaps = 114
 Number of Nodes with overlaps = 25
 Number of Nodes with overlaps = 9
 Number of Nodes with overlaps = 3
 Number of Nodes with overlaps = 2
 Number of Nodes with overlaps = 4
 Number of Nodes with overlaps = 1
 Number of Nodes with overlaps = 1
 Number of Nodes with overlaps = 1
 Number of Nodes with overlaps = 1
 Number of Nodes with overlaps = 0
Phase 7.3 Non Free Resource Hold Fix Iter | Checksum: 1d8fcbcf0

Time (s): cpu = 00:24:24 ; elapsed = 00:10:31 . Memory (MB): peak = 10123.230 ; gain = 6035.004 ; free physical = 25948 ; free virtual = 42481
WARNING: [Route 35-468] The router encountered 1078 pins that are both setup-critical and hold-critical and tried to fix hold violations at the expense of setup slack. Such pins are:
	soc_base_inst/ztachip_inst/core_i/GEN_CELL[0].cell_i/GEN_REG[1].GEN1.pcore_i/register_bank_i/register_file_i/ram3_i/ram2_i/xpm_memory_sdpram_inst/xpm_memory_base_inst/gen_wr_a.gen_byte_narrow.for_mem_cols[1].mem_reg_128_255_80_80/DP.HIGH/RADR5
	soc_base_inst/ztachip_inst/core_i/GEN_CELL[0].cell_i/GEN_REG[1].GEN1.pcore_i/register_bank_i/register_file_i/ram3_i/ram2_i/xpm_memory_sdpram_inst/xpm_memory_base_inst/gen_wr_a.gen_byte_narrow.for_mem_cols[1].mem_reg_128_255_80_80/DP.LOW/RADR5
	soc_base_inst/ztachip_inst/core_i/GEN_CELL[0].cell_i/GEN_REG[1].GEN1.pcore_i/register_bank_i/register_file_i/ram3_i/ram2_i/xpm_memory_sdpram_inst/xpm_memory_base_inst/gen_wr_a.gen_byte_narrow.for_mem_cols[1].mem_reg_128_255_89_89/DP.HIGH/RADR5
	soc_base_inst/ztachip_inst/core_i/GEN_CELL[0].cell_i/GEN_REG[1].GEN1.pcore_i/register_bank_i/register_file_i/ram3_i/ram2_i/xpm_memory_sdpram_inst/xpm_memory_base_inst/gen_wr_a.gen_byte_narrow.for_mem_cols[1].mem_reg_128_255_89_89/DP.LOW/RADR5
	soc_base_inst/ztachip_inst/core_i/GEN_CELL[0].cell_i/GEN_REG[1].GEN1.pcore_i/register_bank_i/register_file_i/ram3_i/ram2_i/xpm_memory_sdpram_inst/xpm_memory_base_inst/gen_wr_a.gen_byte_narrow.for_mem_cols[1].mem_reg_128_255_94_94/DP.HIGH/RADR5
	soc_base_inst/ztachip_inst/core_i/GEN_CELL[0].cell_i/GEN_REG[1].GEN1.pcore_i/register_bank_i/register_file_i/ram3_i/ram2_i/xpm_memory_sdpram_inst/xpm_memory_base_inst/gen_wr_a.gen_byte_narrow.for_mem_cols[1].mem_reg_0_127_74_74/F7.DP/S
	soc_base_inst/ztachip_inst/core_i/GEN_CELL[0].cell_i/GEN_REG[1].GEN1.pcore_i/register_bank_i/register_file_i/ram3_i/ram2_i/xpm_memory_sdpram_inst/xpm_memory_base_inst/gen_wr_a.gen_byte_narrow.for_mem_cols[1].mem_reg_0_127_75_75/F7.DP/S
	soc_base_inst/ztachip_inst/core_i/GEN_CELL[0].cell_i/GEN_REG[1].GEN1.pcore_i/register_bank_i/register_file_i/ram3_i/ram2_i/xpm_memory_sdpram_inst/xpm_memory_base_inst/gen_wr_a.gen_byte_narrow.for_mem_cols[1].mem_reg_128_255_43_43/F7.DP/S
	soc_base_inst/ztachip_inst/core_i/GEN_CELL[0].cell_i/GEN_REG[1].GEN1.pcore_i/register_bank_i/register_file_i/ram3_i/ram2_i/xpm_memory_sdpram_inst/xpm_memory_base_inst/gen_wr_a.gen_byte_narrow.for_mem_cols[1].mem_reg_128_255_90_90/F7.DP/S
	soc_base_inst/ztachip_inst/core_i/GEN_CELL[0].cell_i/GEN_REG[1].GEN1.pcore_i/register_bank_i/register_file_i/ram3_i/ram2_i/xpm_memory_sdpram_inst/xpm_memory_base_inst/gen_rd_b.gen_rd_b_synth_template.gen_nc_narrow_reg.doutb_reg[90]_i_1/I2
	.. and 1068 more pins.

Phase 7 Post Hold Fix | Checksum: 1d8fcbcf0

Time (s): cpu = 00:24:24 ; elapsed = 00:10:31 . Memory (MB): peak = 10123.230 ; gain = 6035.004 ; free physical = 25950 ; free virtual = 42482

Phase 8 Route finalize

Router Utilization Summary
  Global Vertical Routing Utilization    = 45.1589 %
  Global Horizontal Routing Utilization  = 51.8073 %
  Routable Net Status*
  *Does not include unroutable nets such as driverless and loadless.
  Run report_route_status for detailed report.
  Number of Failed Nets               = 0
    (Failed Nets is the sum of unrouted and partially routed nets)
  Number of Unrouted Nets             = 0
  Number of Partially Routed Nets     = 0
  Number of Node Overlaps             = 0


--GLOBAL Congestion:
Utilization threshold used for congestion level computation: 0.85
Congestion Report
North Dir 8x8 Area, Max Cong = 85.2196%, Congestion bounded by tiles (Lower Left Tile -> Upper Right Tile):
   INT_L_X24Y120 -> INT_R_X31Y127
South Dir 8x8 Area, Max Cong = 86.9792%, Congestion bounded by tiles (Lower Left Tile -> Upper Right Tile):
   INT_L_X24Y112 -> INT_R_X31Y119
   INT_L_X24Y104 -> INT_R_X31Y111
East Dir 8x8 Area, Max Cong = 89.0625%, Congestion bounded by tiles (Lower Left Tile -> Upper Right Tile):
   INT_FEEDTHRU_2_X44Y125 -> INT_R_X23Y127
   INT_FEEDTHRU_2_X44Y117 -> INT_R_X23Y119
   INT_L_X24Y112 -> INT_R_X31Y119
   INT_L_X24Y104 -> INT_R_X31Y111
West Dir 8x8 Area, Max Cong = 89.591%, Congestion bounded by tiles (Lower Left Tile -> Upper Right Tile):
   INT_L_X24Y120 -> INT_R_X31Y127
   INT_L_X24Y112 -> INT_R_X31Y119
   INT_L_X32Y112 -> INT_R_X39Y119
   INT_L_X24Y40 -> INT_R_X31Y47
   INT_L_X24Y32 -> INT_R_X31Y39

------------------------------
Reporting congestion hotspots
------------------------------
Direction: North
----------------
Congested clusters found at Level 2
Effective congestion level: 4 Aspect Ratio: 1 Sparse Ratio: 0.625
Direction: South
----------------
Congested clusters found at Level 2
Effective congestion level: 4 Aspect Ratio: 0.833333 Sparse Ratio: 1.0625
Direction: East
----------------
Congested clusters found at Level 2
Effective congestion level: 4 Aspect Ratio: 0.444444 Sparse Ratio: 1.4375
Direction: West
----------------
Congested clusters found at Level 3
Effective congestion level: 5 Aspect Ratio: 0.4 Sparse Ratio: 0.5625

Phase 8 Route finalize | Checksum: 1d8fcbcf0

Time (s): cpu = 00:24:25 ; elapsed = 00:10:31 . Memory (MB): peak = 10123.230 ; gain = 6035.004 ; free physical = 25964 ; free virtual = 42497

Phase 9 Verifying routed nets

 Verification completed successfully
Phase 9 Verifying routed nets | Checksum: 1d8fcbcf0

Time (s): cpu = 00:24:25 ; elapsed = 00:10:31 . Memory (MB): peak = 10123.230 ; gain = 6035.004 ; free physical = 25942 ; free virtual = 42465

Phase 10 Depositing Routes
Phase 10 Depositing Routes | Checksum: 26eb6d69b

Time (s): cpu = 00:24:31 ; elapsed = 00:10:34 . Memory (MB): peak = 10123.230 ; gain = 6035.004 ; free physical = 25877 ; free virtual = 42400

Phase 11 Post Process Routing
Phase 11 Post Process Routing | Checksum: 26eb6d69b

Time (s): cpu = 00:24:34 ; elapsed = 00:10:35 . Memory (MB): peak = 10123.230 ; gain = 6035.004 ; free physical = 25987 ; free virtual = 42511

Phase 12 Post Router Timing

Phase 12.1 Update Timing
Phase 12.1 Update Timing | Checksum: 26eb6d69b

Time (s): cpu = 00:24:52 ; elapsed = 00:10:38 . Memory (MB): peak = 10123.230 ; gain = 6035.004 ; free physical = 25844 ; free virtual = 42368
INFO: [Route 35-57] Estimated Timing Summary | WNS=-2.376 | TNS=-15223.678| WHS=-0.069 | THS=-0.441 |

WARNING: [Route 35-328] Router estimated timing not met.
Resolution: For a complete and accurate timing signoff, report_timing_summary must be run after route_design. Alternatively, route_design can be run with the -timing_summary option to enable a complete timing signoff at the end of route_design.
Phase 12 Post Router Timing | Checksum: 26eb6d69b

Time (s): cpu = 00:24:52 ; elapsed = 00:10:38 . Memory (MB): peak = 10123.230 ; gain = 6035.004 ; free physical = 25838 ; free virtual = 42362
Total Elapsed time in route_design: 638.27 secs

Phase 13 Post-Route Event Processing
Phase 13 Post-Route Event Processing | Checksum: 1b9059cde

Time (s): cpu = 00:24:53 ; elapsed = 00:10:39 . Memory (MB): peak = 10123.230 ; gain = 6035.004 ; free physical = 25816 ; free virtual = 42339
INFO: [Route 35-16] Router Completed Successfully
Ending Routing Task | Checksum: 1b9059cde

Time (s): cpu = 00:24:54 ; elapsed = 00:10:39 . Memory (MB): peak = 10123.230 ; gain = 6035.004 ; free physical = 25846 ; free virtual = 42370

Routing Is Done.
INFO: [Common 17-83] Releasing license: Implementation
1002 Infos, 37 Warnings, 1 Critical Warnings and 0 Errors encountered.
route_design completed successfully
route_design: Time (s): cpu = 00:24:56 ; elapsed = 00:10:40 . Memory (MB): peak = 10123.230 ; gain = 6035.004 ; free physical = 25797 ; free virtual = 42321
INFO: [Vivado 12-24828] Executing command : report_drc -file main_drc_routed.rpt -pb main_drc_routed.pb -rpx main_drc_routed.rpx
Command: report_drc -file main_drc_routed.rpt -pb main_drc_routed.pb -rpx main_drc_routed.rpx
INFO: [IP_Flow 19-1839] IP Catalog is up to date.
INFO: [DRC 23-27] Running DRC with 8 threads
INFO: [Vivado_Tcl 2-168] The results of DRC are in file /media/tsmc/6a3f28f3-1a75-4d55-baf2-a6aa8be84a59/kwc/100t/ztachip/HW/examples/GHRD/ztachip.runs/impl_1/main_drc_routed.rpt.
report_drc completed successfully
INFO: [Vivado 12-24828] Executing command : report_methodology -file main_methodology_drc_routed.rpt -pb main_methodology_drc_routed.pb -rpx main_methodology_drc_routed.rpx
Command: report_methodology -file main_methodology_drc_routed.rpt -pb main_methodology_drc_routed.pb -rpx main_methodology_drc_routed.rpx
INFO: [Timing 38-35] Done setting XDC timing constraints.
INFO: [DRC 23-133] Running Methodology with 8 threads
INFO: [Vivado_Tcl 2-1520] The results of Report Methodology are in file /media/tsmc/6a3f28f3-1a75-4d55-baf2-a6aa8be84a59/kwc/100t/ztachip/HW/examples/GHRD/ztachip.runs/impl_1/main_methodology_drc_routed.rpt.
report_methodology completed successfully
report_methodology: Time (s): cpu = 00:02:01 ; elapsed = 00:00:19 . Memory (MB): peak = 10123.230 ; gain = 0.000 ; free physical = 25907 ; free virtual = 42437
INFO: [Vivado 12-24828] Executing command : report_timing_summary -max_paths 10 -routable_nets -report_unconstrained -file main_timing_summary_routed.rpt -pb main_timing_summary_routed.pb -rpx main_timing_summary_routed.rpx -warn_on_violation 
INFO: [Timing 38-35] Done setting XDC timing constraints.
INFO: [Timing 38-91] UpdateTimingParams: Speed grade: -1, Delay Type: min_max.
INFO: [Timing 38-191] Multithreading enabled for timing update using a maximum of 8 CPUs
CRITICAL WARNING: [Timing 38-282] The design failed to meet the timing requirements. Please see the timing summary report for details on the timing violations.
WARNING: [Timing 38-436] There are set_bus_skew constraint(s) in this design. Please run report_bus_skew to ensure that bus skew requirements are met.
report_timing_summary: Time (s): cpu = 00:00:40 ; elapsed = 00:00:10 . Memory (MB): peak = 10123.230 ; gain = 0.000 ; free physical = 25666 ; free virtual = 42242
INFO: [Vivado 12-24838] Running report commands "report_bus_skew, report_incremental_reuse, report_route_status" in parallel.
Running report generation with 3 threads.
INFO: [Vivado 12-24828] Executing command : report_incremental_reuse -file main_incremental_reuse_routed.rpt
INFO: [Vivado_Tcl 4-1062] Incremental flow is disabled. No incremental reuse Info to report.
INFO: [Vivado 12-24828] Executing command : report_bus_skew -warn_on_violation -file main_bus_skew_routed.rpt -pb main_bus_skew_routed.pb -rpx main_bus_skew_routed.rpx
INFO: [Timing 38-91] UpdateTimingParams: Speed grade: -1, Delay Type: min_max.
INFO: [Timing 38-191] Multithreading enabled for timing update using a maximum of 8 CPUs
INFO: [Vivado 12-24828] Executing command : report_route_status -file main_route_status.rpt -pb main_route_status.pb
INFO: [Vivado 12-24828] Executing command : report_power -file main_power_routed.rpt -pb main_power_summary_routed.pb -rpx main_power_routed.rpx
Command: report_power -file main_power_routed.rpt -pb main_power_summary_routed.pb -rpx main_power_routed.rpx
Running Vector-less Activity Propagation...

Finished Running Vector-less Activity Propagation
WARNING: [Designutils 20-253] Can not set toggle rate to greater than 1.0. Setting it to the default value of 1.250000.
WARNING: [Designutils 20-253] Can not set toggle rate to greater than 1.0. Setting it to the default value of 1.250000.
WARNING: [Designutils 20-253] Can not set toggle rate to greater than 1.0. Setting it to the default value of 1.250000.
WARNING: [Designutils 20-253] Can not set toggle rate to greater than 1.0. Setting it to the default value of 1.250000.
WARNING: [Designutils 20-253] Can not set toggle rate to greater than 1.0. Setting it to the default value of 1.250000.
WARNING: [Designutils 20-253] Can not set toggle rate to greater than 1.0. Setting it to the default value of 1.250000.
WARNING: [Designutils 20-253] Can not set toggle rate to greater than 1.0. Setting it to the default value of 1.250000.
WARNING: [Designutils 20-253] Can not set toggle rate to greater than 1.0. Setting it to the default value of 1.250000.
WARNING: [Designutils 20-253] Can not set toggle rate to greater than 1.0. Setting it to the default value of 1.250000.
WARNING: [Designutils 20-253] Can not set toggle rate to greater than 1.0. Setting it to the default value of 1.250000.
WARNING: [Designutils 20-253] Can not set toggle rate to greater than 1.0. Setting it to the default value of 1.250000.
WARNING: [Designutils 20-253] Can not set toggle rate to greater than 1.0. Setting it to the default value of 1.250000.
WARNING: [Designutils 20-253] Can not set toggle rate to greater than 1.0. Setting it to the default value of 1.250000.
WARNING: [Designutils 20-253] Can not set toggle rate to greater than 1.0. Setting it to the default value of 1.250000.
WARNING: [Designutils 20-253] Can not set toggle rate to greater than 1.0. Setting it to the default value of 1.250000.
WARNING: [Designutils 20-253] Can not set toggle rate to greater than 1.0. Setting it to the default value of 1.250000.
WARNING: [Designutils 20-253] Can not set toggle rate to greater than 1.0. Setting it to the default value of 1.250000.
WARNING: [Designutils 20-253] Can not set toggle rate to greater than 1.0. Setting it to the default value of 1.250000.
WARNING: [Designutils 20-253] Can not set toggle rate to greater than 1.0. Setting it to the default value of 1.250000.
WARNING: [Designutils 20-253] Can not set toggle rate to greater than 1.0. Setting it to the default value of 1.250000.
WARNING: [Designutils 20-253] Can not set toggle rate to greater than 1.0. Setting it to the default value of 1.250000.
WARNING: [Designutils 20-253] Can not set toggle rate to greater than 1.0. Setting it to the default value of 1.250000.
WARNING: [Designutils 20-253] Can not set toggle rate to greater than 1.0. Setting it to the default value of 1.250000.
WARNING: [Designutils 20-253] Can not set toggle rate to greater than 1.0. Setting it to the default value of 1.250000.
WARNING: [Designutils 20-253] Can not set toggle rate to greater than 1.0. Setting it to the default value of 1.250000.
WARNING: [Designutils 20-253] Can not set toggle rate to greater than 1.0. Setting it to the default value of 1.250000.
WARNING: [Designutils 20-253] Can not set toggle rate to greater than 1.0. Setting it to the default value of 1.250000.
WARNING: [Designutils 20-253] Can not set toggle rate to greater than 1.0. Setting it to the default value of 1.250000.
WARNING: [Designutils 20-253] Can not set toggle rate to greater than 1.0. Setting it to the default value of 1.177686.
WARNING: [Designutils 20-253] Can not set toggle rate to greater than 1.0. Setting it to the default value of 1.177686.
WARNING: [Power 33-332] Found switching activity that implies high-fanout reset nets being asserted for excessive periods of time which may result in inaccurate power analysis.
Resolution: To review and fix problems, please run Power Constraints Advisor in the GUI from Tools > Power Constraints Advisor or run report_power with the -advisory option to generate a text report.
1022 Infos, 69 Warnings, 2 Critical Warnings and 0 Errors encountered.
report_power completed successfully
report_power: Time (s): cpu = 00:00:21 ; elapsed = 00:00:07 . Memory (MB): peak = 10179.258 ; gain = 56.027 ; free physical = 25429 ; free virtual = 42023
INFO: [Vivado 12-24828] Executing command : report_clock_utilization -file main_clock_utilization_routed.rpt
generate_parallel_reports: Time (s): cpu = 00:03:20 ; elapsed = 00:00:42 . Memory (MB): peak = 10179.258 ; gain = 56.027 ; free physical = 25379 ; free virtual = 41973
INFO: [Timing 38-480] Writing timing data to binary archive.
Write ShapeDB Complete: Time (s): cpu = 00:00:00.61 ; elapsed = 00:00:00.14 . Memory (MB): peak = 10179.258 ; gain = 0.000 ; free physical = 25370 ; free virtual = 41989
Wrote PlaceDB: Time (s): cpu = 00:00:07 ; elapsed = 00:00:03 . Memory (MB): peak = 10179.258 ; gain = 0.000 ; free physical = 25184 ; free virtual = 41895
Wrote PulsedLatchDB: Time (s): cpu = 00:00:00 ; elapsed = 00:00:00 . Memory (MB): peak = 10179.258 ; gain = 0.000 ; free physical = 25184 ; free virtual = 41895
Writing XDEF routing.
Writing XDEF routing logical nets.
Writing XDEF routing special nets.
Wrote RouteStorage: Time (s): cpu = 00:00:00.95 ; elapsed = 00:00:00.46 . Memory (MB): peak = 10179.258 ; gain = 0.000 ; free physical = 25103 ; free virtual = 41831
Wrote Netlist Cache: Time (s): cpu = 00:00:00.06 ; elapsed = 00:00:00.06 . Memory (MB): peak = 10179.258 ; gain = 0.000 ; free physical = 25099 ; free virtual = 41837
Wrote Device Cache: Time (s): cpu = 00:00:00 ; elapsed = 00:00:00 . Memory (MB): peak = 10179.258 ; gain = 0.000 ; free physical = 25095 ; free virtual = 41833
Write Physdb Complete: Time (s): cpu = 00:00:08 ; elapsed = 00:00:03 . Memory (MB): peak = 10179.258 ; gain = 0.000 ; free physical = 25095 ; free virtual = 41833
INFO: [Common 17-1381] The checkpoint '/media/tsmc/6a3f28f3-1a75-4d55-baf2-a6aa8be84a59/kwc/100t/ztachip/HW/examples/GHRD/ztachip.runs/impl_1/main_routed.dcp' has been generated.
write_checkpoint: Time (s): cpu = 00:00:10 ; elapsed = 00:00:05 . Memory (MB): peak = 10179.258 ; gain = 0.000 ; free physical = 25114 ; free virtual = 41749
INFO: [Memdata 28-167] Found XPM memory block soc_base_inst/ztachip_inst/sram_i/axi_ifc_i/resp_fifo/ram_i/xpm_memory_sdpram_inst/xpm_memory_base_inst with a P_MEMORY_PRIMITIVE property set to auto. A value of block is required. You will not be able to use the updatemem program to update the bitstream with new data for the soc_base_inst/ztachip_inst/sram_i/axi_ifc_i/resp_fifo/ram_i/xpm_memory_sdpram_inst/xpm_memory_base_inst block.
INFO: [Memdata 28-167] Found XPM memory block soc_base_inst/ztachip_inst/ddr_rx_i/ddr_rx_fifo_i/ram_i/xpm_memory_sdpram_inst/xpm_memory_base_inst with a P_MEMORY_PRIMITIVE property set to auto. A value of block is required. You will not be able to use the updatemem program to update the bitstream with new data for the soc_base_inst/ztachip_inst/ddr_rx_i/ddr_rx_fifo_i/ram_i/xpm_memory_sdpram_inst/xpm_memory_base_inst block.
INFO: [Memdata 28-167] Found XPM memory block soc_base_inst/ztachip_inst/core_i/GEN_STREAM[5].stream_i/lookup_i/xpm_memory_spram_inst/xpm_memory_base_inst with a P_MEMORY_PRIMITIVE property set to auto. A value of block is required. You will not be able to use the updatemem program to update the bitstream with new data for the soc_base_inst/ztachip_inst/core_i/GEN_STREAM[5].stream_i/lookup_i/xpm_memory_spram_inst/xpm_memory_base_inst block.
INFO: [Memdata 28-167] Found XPM memory block soc_base_inst/ztachip_inst/core_i/GEN_STREAM[4].stream_i/lookup_i/xpm_memory_spram_inst/xpm_memory_base_inst with a P_MEMORY_PRIMITIVE property set to auto. A value of block is required. You will not be able to use the updatemem program to update the bitstream with new data for the soc_base_inst/ztachip_inst/core_i/GEN_STREAM[4].stream_i/lookup_i/xpm_memory_spram_inst/xpm_memory_base_inst block.
INFO: [Memdata 28-167] Found XPM memory block soc_base_inst/ztachip_inst/core_i/GEN_STREAM[3].stream_i/lookup_i/xpm_memory_spram_inst/xpm_memory_base_inst with a P_MEMORY_PRIMITIVE property set to auto. A value of block is required. You will not be able to use the updatemem program to update the bitstream with new data for the soc_base_inst/ztachip_inst/core_i/GEN_STREAM[3].stream_i/lookup_i/xpm_memory_spram_inst/xpm_memory_base_inst block.
INFO: [Memdata 28-167] Found XPM memory block soc_base_inst/ztachip_inst/core_i/GEN_STREAM[2].stream_i/lookup_i/xpm_memory_spram_inst/xpm_memory_base_inst with a P_MEMORY_PRIMITIVE property set to auto. A value of block is required. You will not be able to use the updatemem program to update the bitstream with new data for the soc_base_inst/ztachip_inst/core_i/GEN_STREAM[2].stream_i/lookup_i/xpm_memory_spram_inst/xpm_memory_base_inst block.
INFO: [Memdata 28-167] Found XPM memory block soc_base_inst/ztachip_inst/core_i/GEN_STREAM[1].stream_i/lookup_i/xpm_memory_spram_inst/xpm_memory_base_inst with a P_MEMORY_PRIMITIVE property set to auto. A value of block is required. You will not be able to use the updatemem program to update the bitstream with new data for the soc_base_inst/ztachip_inst/core_i/GEN_STREAM[1].stream_i/lookup_i/xpm_memory_spram_inst/xpm_memory_base_inst block.
INFO: [Memdata 28-167] Found XPM memory block soc_base_inst/ztachip_inst/core_i/GEN_STREAM[0].stream_i/lookup_i/xpm_memory_spram_inst/xpm_memory_base_inst with a P_MEMORY_PRIMITIVE property set to auto. A value of block is required. You will not be able to use the updatemem program to update the bitstream with new data for the soc_base_inst/ztachip_inst/core_i/GEN_STREAM[0].stream_i/lookup_i/xpm_memory_spram_inst/xpm_memory_base_inst block.
INFO: [Memdata 28-167] Found XPM memory block soc_base_inst/ztachip_inst/core_i/GEN_CELL[0].cell_i/GEN_REG[3].GEN1.pcore_i/register_bank_i/register_file_i/ram3_i/ram2_i/xpm_memory_sdpram_inst/xpm_memory_base_inst with a P_MEMORY_PRIMITIVE property set to auto. A value of block is required. You will not be able to use the updatemem program to update the bitstream with new data for the soc_base_inst/ztachip_inst/core_i/GEN_CELL[0].cell_i/GEN_REG[3].GEN1.pcore_i/register_bank_i/register_file_i/ram3_i/ram2_i/xpm_memory_sdpram_inst/xpm_memory_base_inst block.
INFO: [Memdata 28-167] Found XPM memory block soc_base_inst/ztachip_inst/core_i/GEN_CELL[0].cell_i/GEN_REG[3].GEN1.pcore_i/iregister_i/iregister_ram_i/altsyncram_i/ram_i/xpm_memory_sdpram_inst/xpm_memory_base_inst with a P_MEMORY_PRIMITIVE property set to auto. A value of block is required. You will not be able to use the updatemem program to update the bitstream with new data for the soc_base_inst/ztachip_inst/core_i/GEN_CELL[0].cell_i/GEN_REG[3].GEN1.pcore_i/iregister_i/iregister_ram_i/altsyncram_i/ram_i/xpm_memory_sdpram_inst/xpm_memory_base_inst block.
INFO: [Memdata 28-167] Found XPM memory block soc_base_inst/ztachip_inst/core_i/GEN_CELL[0].cell_i/GEN_REG[2].GEN1.pcore_i/register_bank_i/register_file_i2/ram3_i/ram2_i/xpm_memory_sdpram_inst/xpm_memory_base_inst with a P_MEMORY_PRIMITIVE property set to auto. A value of block is required. You will not be able to use the updatemem program to update the bitstream with new data for the soc_base_inst/ztachip_inst/core_i/GEN_CELL[0].cell_i/GEN_REG[2].GEN1.pcore_i/register_bank_i/register_file_i2/ram3_i/ram2_i/xpm_memory_sdpram_inst/xpm_memory_base_inst block.
INFO: [Memdata 28-167] Found XPM memory block soc_base_inst/ztachip_inst/core_i/GEN_CELL[0].cell_i/GEN_REG[2].GEN1.pcore_i/register_bank_i/register_file_i/ram3_i/ram2_i/xpm_memory_sdpram_inst/xpm_memory_base_inst with a P_MEMORY_PRIMITIVE property set to auto. A value of block is required. You will not be able to use the updatemem program to update the bitstream with new data for the soc_base_inst/ztachip_inst/core_i/GEN_CELL[0].cell_i/GEN_REG[2].GEN1.pcore_i/register_bank_i/register_file_i/ram3_i/ram2_i/xpm_memory_sdpram_inst/xpm_memory_base_inst block.
INFO: [Memdata 28-167] Found XPM memory block soc_base_inst/ztachip_inst/core_i/GEN_CELL[0].cell_i/GEN_REG[2].GEN1.pcore_i/iregister_i/iregister_ram_i/altsyncram_i/ram_i/xpm_memory_sdpram_inst/xpm_memory_base_inst with a P_MEMORY_PRIMITIVE property set to auto. A value of block is required. You will not be able to use the updatemem program to update the bitstream with new data for the soc_base_inst/ztachip_inst/core_i/GEN_CELL[0].cell_i/GEN_REG[2].GEN1.pcore_i/iregister_i/iregister_ram_i/altsyncram_i/ram_i/xpm_memory_sdpram_inst/xpm_memory_base_inst block.
INFO: [Memdata 28-167] Found XPM memory block soc_base_inst/ztachip_inst/core_i/GEN_CELL[0].cell_i/GEN_REG[1].GEN1.pcore_i/register_bank_i/register_file_i2/ram3_i/ram2_i/xpm_memory_sdpram_inst/xpm_memory_base_inst with a P_MEMORY_PRIMITIVE property set to auto. A value of block is required. You will not be able to use the updatemem program to update the bitstream with new data for the soc_base_inst/ztachip_inst/core_i/GEN_CELL[0].cell_i/GEN_REG[1].GEN1.pcore_i/register_bank_i/register_file_i2/ram3_i/ram2_i/xpm_memory_sdpram_inst/xpm_memory_base_inst block.
INFO: [Memdata 28-167] Found XPM memory block soc_base_inst/ztachip_inst/core_i/GEN_CELL[0].cell_i/GEN_REG[1].GEN1.pcore_i/register_bank_i/register_file_i/ram3_i/ram2_i/xpm_memory_sdpram_inst/xpm_memory_base_inst with a P_MEMORY_PRIMITIVE property set to auto. A value of block is required. You will not be able to use the updatemem program to update the bitstream with new data for the soc_base_inst/ztachip_inst/core_i/GEN_CELL[0].cell_i/GEN_REG[1].GEN1.pcore_i/register_bank_i/register_file_i/ram3_i/ram2_i/xpm_memory_sdpram_inst/xpm_memory_base_inst block.
INFO: [Memdata 28-167] Found XPM memory block soc_base_inst/ztachip_inst/core_i/GEN_CELL[0].cell_i/GEN_REG[1].GEN1.pcore_i/iregister_i/iregister_ram_i/altsyncram_i/ram_i/xpm_memory_sdpram_inst/xpm_memory_base_inst with a P_MEMORY_PRIMITIVE property set to auto. A value of block is required. You will not be able to use the updatemem program to update the bitstream with new data for the soc_base_inst/ztachip_inst/core_i/GEN_CELL[0].cell_i/GEN_REG[1].GEN1.pcore_i/iregister_i/iregister_ram_i/altsyncram_i/ram_i/xpm_memory_sdpram_inst/xpm_memory_base_inst block.
INFO: [Memdata 28-167] Found XPM memory block soc_base_inst/ztachip_inst/GEN1.fpu_i/read_pending_i/ram_i/xpm_memory_sdpram_inst/xpm_memory_base_inst with a P_MEMORY_PRIMITIVE property set to auto. A value of block is required. You will not be able to use the updatemem program to update the bitstream with new data for the soc_base_inst/ztachip_inst/GEN1.fpu_i/read_pending_i/ram_i/xpm_memory_sdpram_inst/xpm_memory_base_inst block.
INFO: [Memdata 28-167] Found XPM memory block soc_base_inst/axi_stream_write_inst/write_fifo/GEN2.afifo_i/ram_i/xpm_memory_sdpram_inst/xpm_memory_base_inst with a P_MEMORY_PRIMITIVE property set to distributed. A value of block is required. You will not be able to use the updatemem program to update the bitstream with new data for the soc_base_inst/axi_stream_write_inst/write_fifo/GEN2.afifo_i/ram_i/xpm_memory_sdpram_inst/xpm_memory_base_inst block.
INFO: [Memdata 28-167] Found XPM memory block soc_base_inst/axi_stream_read_inst/read_fifo/GEN2.afifo_i/ram_i/xpm_memory_sdpram_inst/xpm_memory_base_inst with a P_MEMORY_PRIMITIVE property set to distributed. A value of block is required. You will not be able to use the updatemem program to update the bitstream with new data for the soc_base_inst/axi_stream_read_inst/read_fifo/GEN2.afifo_i/ram_i/xpm_memory_sdpram_inst/xpm_memory_base_inst block.
INFO: [Memdata 28-167] Found XPM memory block soc_base_inst/axi_split_dbus_i/GEN2.axi_split_write_i/pending_resp_fifo/ram_i/xpm_memory_sdpram_inst/xpm_memory_base_inst with a P_MEMORY_PRIMITIVE property set to auto. A value of block is required. You will not be able to use the updatemem program to update the bitstream with new data for the soc_base_inst/axi_split_dbus_i/GEN2.axi_split_write_i/pending_resp_fifo/ram_i/xpm_memory_sdpram_inst/xpm_memory_base_inst block.
INFO: [Memdata 28-167] Found XPM memory block soc_base_inst/axi_merge_inst/write_i/GEN2_CCD.slave_data_fifo/GEN2.afifo_i/ram_i/xpm_memory_sdpram_inst/xpm_memory_base_inst with a P_MEMORY_PRIMITIVE property set to distributed. A value of block is required. You will not be able to use the updatemem program to update the bitstream with new data for the soc_base_inst/axi_merge_inst/write_i/GEN2_CCD.slave_data_fifo/GEN2.afifo_i/ram_i/xpm_memory_sdpram_inst/xpm_memory_base_inst block.
INFO: [Memdata 28-167] Found XPM memory block soc_base_inst/axi_merge_inst/write_i/GEN1_CCD.slave_cmd_fifo/GEN2.afifo_i/ram_i/xpm_memory_sdpram_inst/xpm_memory_base_inst with a P_MEMORY_PRIMITIVE property set to distributed. A value of block is required. You will not be able to use the updatemem program to update the bitstream with new data for the soc_base_inst/axi_merge_inst/write_i/GEN1_CCD.slave_cmd_fifo/GEN2.afifo_i/ram_i/xpm_memory_sdpram_inst/xpm_memory_base_inst block.
INFO: [Memdata 28-167] Found XPM memory block soc_base_inst/axi_merge_inst/read_i/GEN2_CCD.slave_resp_fifo/GEN2.afifo_i/ram_i/xpm_memory_sdpram_inst/xpm_memory_base_inst with a P_MEMORY_PRIMITIVE property set to distributed. A value of block is required. You will not be able to use the updatemem program to update the bitstream with new data for the soc_base_inst/axi_merge_inst/read_i/GEN2_CCD.slave_resp_fifo/GEN2.afifo_i/ram_i/xpm_memory_sdpram_inst/xpm_memory_base_inst block.
INFO: [Memdata 28-167] Found XPM memory block soc_base_inst/axi_merge_inst/read_i/GEN1_CCD.slave_cmd_fifo/GEN2.afifo_i/ram_i/xpm_memory_sdpram_inst/xpm_memory_base_inst with a P_MEMORY_PRIMITIVE property set to distributed. A value of block is required. You will not be able to use the updatemem program to update the bitstream with new data for the soc_base_inst/axi_merge_inst/read_i/GEN1_CCD.slave_cmd_fifo/GEN2.afifo_i/ram_i/xpm_memory_sdpram_inst/xpm_memory_base_inst block.
INFO: [Memdata 28-167] Found XPM memory block soc_base_inst/axi_apb_bridge_inst/wdata_i/ram_i/xpm_memory_sdpram_inst/xpm_memory_base_inst with a P_MEMORY_PRIMITIVE property set to auto. A value of block is required. You will not be able to use the updatemem program to update the bitstream with new data for the soc_base_inst/axi_apb_bridge_inst/wdata_i/ram_i/xpm_memory_sdpram_inst/xpm_memory_base_inst block.
INFO: [Memdata 28-167] Found XPM memory block soc_base_inst/axi_apb_bridge_inst/wcmd_i/ram_i/xpm_memory_sdpram_inst/xpm_memory_base_inst with a P_MEMORY_PRIMITIVE property set to auto. A value of block is required. You will not be able to use the updatemem program to update the bitstream with new data for the soc_base_inst/axi_apb_bridge_inst/wcmd_i/ram_i/xpm_memory_sdpram_inst/xpm_memory_base_inst block.
INFO: [Memdata 28-167] Found XPM memory block soc_base_inst/axi_apb_bridge_inst/rresp_i/ram_i/xpm_memory_sdpram_inst/xpm_memory_base_inst with a P_MEMORY_PRIMITIVE property set to auto. A value of block is required. You will not be able to use the updatemem program to update the bitstream with new data for the soc_base_inst/axi_apb_bridge_inst/rresp_i/ram_i/xpm_memory_sdpram_inst/xpm_memory_base_inst block.
INFO: [Memdata 28-167] Found XPM memory block soc_base_inst/axi_apb_bridge_inst/rcmd_i/ram_i/xpm_memory_sdpram_inst/xpm_memory_base_inst with a P_MEMORY_PRIMITIVE property set to auto. A value of block is required. You will not be able to use the updatemem program to update the bitstream with new data for the soc_base_inst/axi_apb_bridge_inst/rcmd_i/ram_i/xpm_memory_sdpram_inst/xpm_memory_base_inst block.
INFO: [Memdata 28-167] Found XPM memory block soc_base_inst/TCM_i/TCM_read2_i/resp_fifo/ram_i/xpm_memory_sdpram_inst/xpm_memory_base_inst with a P_MEMORY_PRIMITIVE property set to auto. A value of block is required. You will not be able to use the updatemem program to update the bitstream with new data for the soc_base_inst/TCM_i/TCM_read2_i/resp_fifo/ram_i/xpm_memory_sdpram_inst/xpm_memory_base_inst block.
INFO: [Memdata 28-167] Found XPM memory block soc_base_inst/TCM_i/TCM_read1_i/resp_fifo/ram_i/xpm_memory_sdpram_inst/xpm_memory_base_inst with a P_MEMORY_PRIMITIVE property set to auto. A value of block is required. You will not be able to use the updatemem program to update the bitstream with new data for the soc_base_inst/TCM_i/TCM_read1_i/resp_fifo/ram_i/xpm_memory_sdpram_inst/xpm_memory_base_inst block.
INFO: [Memdata 28-208] The XPM instance: <ethlite_i/ethlite_i/U0/XEMAC_I/TX_PONG_GEN.TX_PONG_I/xpm_mem_gen.xpm_memory_inst_2/xpm_memory_base_inst> is part of IP: <ethlite_i/ethlite_i>. This XPM instance will be excluded from the .mmi because updatemem is prohibited from making changes to an XPM that is part of an IP.
INFO: [Memdata 28-208] The XPM instance: <ethlite_i/ethlite_i/U0/XEMAC_I/TX_PONG_GEN.TX_PONG_I/xpm_mem_gen.xpm_memory_inst_1/xpm_memory_base_inst> is part of IP: <ethlite_i/ethlite_i>. This XPM instance will be excluded from the .mmi because updatemem is prohibited from making changes to an XPM that is part of an IP.
INFO: [Memdata 28-208] The XPM instance: <ethlite_i/ethlite_i/U0/XEMAC_I/TX_PING/xpm_mem_gen.xpm_memory_inst_2/xpm_memory_base_inst> is part of IP: <ethlite_i/ethlite_i>. This XPM instance will be excluded from the .mmi because updatemem is prohibited from making changes to an XPM that is part of an IP.
INFO: [Memdata 28-208] The XPM instance: <ethlite_i/ethlite_i/U0/XEMAC_I/TX_PING/xpm_mem_gen.xpm_memory_inst_1/xpm_memory_base_inst> is part of IP: <ethlite_i/ethlite_i>. This XPM instance will be excluded from the .mmi because updatemem is prohibited from making changes to an XPM that is part of an IP.
INFO: [Memdata 28-208] The XPM instance: <ethlite_i/ethlite_i/U0/XEMAC_I/RX_PONG_GEN.RX_PONG_I/xpm_mem_gen.xpm_memory_inst_2/xpm_memory_base_inst> is part of IP: <ethlite_i/ethlite_i>. This XPM instance will be excluded from the .mmi because updatemem is prohibited from making changes to an XPM that is part of an IP.
INFO: [Memdata 28-208] The XPM instance: <ethlite_i/ethlite_i/U0/XEMAC_I/RX_PONG_GEN.RX_PONG_I/xpm_mem_gen.xpm_memory_inst_1/xpm_memory_base_inst> is part of IP: <ethlite_i/ethlite_i>. This XPM instance will be excluded from the .mmi because updatemem is prohibited from making changes to an XPM that is part of an IP.
INFO: [Memdata 28-208] The XPM instance: <ethlite_i/ethlite_i/U0/XEMAC_I/RX_PING/xpm_mem_gen.xpm_memory_inst_2/xpm_memory_base_inst> is part of IP: <ethlite_i/ethlite_i>. This XPM instance will be excluded from the .mmi because updatemem is prohibited from making changes to an XPM that is part of an IP.
INFO: [Memdata 28-208] The XPM instance: <ethlite_i/ethlite_i/U0/XEMAC_I/RX_PING/xpm_mem_gen.xpm_memory_inst_1/xpm_memory_base_inst> is part of IP: <ethlite_i/ethlite_i>. This XPM instance will be excluded from the .mmi because updatemem is prohibited from making changes to an XPM that is part of an IP.
INFO: [Memdata 28-167] Found XPM memory block ethlite_i/ethlite_i/U0/XEMAC_I/EMAC_I/TX/INST_TX_INTRFCE/I_TX_FIFO/gnuram_async_fifo.xpm_fifo_base_inst/gen_sdpram.xpm_memory_base_inst with a P_MEMORY_PRIMITIVE property set to auto. A value of block is required. You will not be able to use the updatemem program to update the bitstream with new data for the ethlite_i/ethlite_i/U0/XEMAC_I/EMAC_I/TX/INST_TX_INTRFCE/I_TX_FIFO/gnuram_async_fifo.xpm_fifo_base_inst/gen_sdpram.xpm_memory_base_inst block.
INFO: [Memdata 28-167] Found XPM memory block ethlite_i/ethlite_i/U0/XEMAC_I/EMAC_I/RX/INST_RX_INTRFCE/I_RX_FIFO/gnuram_async_fifo.xpm_fifo_base_inst/gen_sdpram.xpm_memory_base_inst with a P_MEMORY_PRIMITIVE property set to auto. A value of block is required. You will not be able to use the updatemem program to update the bitstream with new data for the ethlite_i/ethlite_i/U0/XEMAC_I/EMAC_I/RX/INST_RX_INTRFCE/I_RX_FIFO/gnuram_async_fifo.xpm_fifo_base_inst/gen_sdpram.xpm_memory_base_inst block.
Command: write_bitstream -force main.bit
Attempting to get a license for feature 'Implementation' and/or device 'xc7a100t'
INFO: [Common 17-349] Got license for feature 'Implementation' and/or device 'xc7a100t'
Running DRC as a precondition to command write_bitstream
INFO: [IP_Flow 19-1839] IP Catalog is up to date.
INFO: [DRC 23-27] Running DRC with 8 threads
INFO: [Vivado 12-3199] DRC finished with 0 Errors
INFO: [Vivado 12-3200] Please refer to the DRC report (report_drc) for more information.
INFO: [Designutils 20-2272] Running write_bitstream with 8 threads.
Loading data files...
Loading site data...
Loading route data...
Processing options...
Creating bitmap...
Creating bitstream...
Writing bitstream ./main.bit...
INFO: [Vivado 12-1842] Bitgen Completed Successfully.
INFO: [Project 1-1876] WebTalk data collection is mandatory when using a ULT device. To see the specific WebTalk data collected for your design, open the usage_statistics_webtalk.html or usage_statistics_webtalk.xml file in the implementation directory.
INFO: [Common 17-83] Releasing license: Implementation
1074 Infos, 69 Warnings, 2 Critical Warnings and 0 Errors encountered.
write_bitstream completed successfully
write_bitstream: Time (s): cpu = 00:00:48 ; elapsed = 00:00:12 . Memory (MB): peak = 10179.258 ; gain = 0.000 ; free physical = 25241 ; free virtual = 41880
INFO: [Common 17-206] Exiting Vivado at Wed Apr  1 13:14:10 2026...
